	analysis_label	pic_x_trait	pic_y_trait	R2	p	sig_marker	FDR_q	slope	pic_filter_column	pic_filter_value	results_dir	slope_std_error	T_stat	pic_suffix	trait_table	tree
0	A13b_Taxa_vs_Disease_Zeros_Included	skeleton_D_0__Bacteria___D_1__Proteobacteria___D_2__Alphaproteobacteria___D_3__Rickettsiales___D_4__Midichloriaceae___D_5__MD3_55	perc_dis	0.001411	0.816	n.s	0.974	-0.002786	None	None	" ../output/PIC_results/A13b_Taxa_vs_Disease_Zeros_Included/PIC_skeleton_D_0__Bacteria___D_1__Proteobacteria___D_2__Alphaproteobacteria___D_3__Rickettsiales___D_4__Midichloriaceae___D_5__MD3_55_vs_perc_dis/"""	0.011867	-0.235		../output/GCMP_trait_table_with_abundances_and_adiv_and_metadata_zeros.tsv	../output/huang_roy_genus_tree.newick
1	A13b_Taxa_vs_Disease_Zeros_Included	tissue_D_0__Bacteria___D_1__Proteobacteria___D_2__Gammaproteobacteria___D_3__Enterobacteriales___D_4__Enterobacteriaceae___D_5__Pantoea	perc_dis	7.383e-05	0.958	n.s	0.974	-0.0001195	None	None	" ../output/PIC_results/A13b_Taxa_vs_Disease_Zeros_Included/PIC_tissue_D_0__Bacteria___D_1__Proteobacteria___D_2__Gammaproteobacteria___D_3__Enterobacteriales___D_4__Enterobacteriaceae___D_5__Pantoea_vs_perc_dis/"""	0.0022553	-0.053		../output/GCMP_trait_table_with_abundances_and_adiv_and_metadata_zeros.tsv	../output/huang_roy_genus_tree.newick
2	A13b_Taxa_vs_Disease_Zeros_Included	all_D_0__Bacteria___D_1__Proteobacteria___D_2__Gammaproteobacteria___D_3__Alteromonadales___D_4__Pseudoalteromonadaceae___D_5__Pseudoalteromonas	perc_dis	2.591e-05	0.974	n.s	0.974	-0.0009469	None	None	" ../output/PIC_results/A13b_Taxa_vs_Disease_Zeros_Included/PIC_all_D_0__Bacteria___D_1__Proteobacteria___D_2__Gammaproteobacteria___D_3__Alteromonadales___D_4__Pseudoalteromonadaceae___D_5__Pseudoalteromonas_vs_perc_dis/"""	0.0287055	-0.033		../output/GCMP_trait_table_with_abundances_and_adiv_and_metadata_zeros.tsv	../output/huang_roy_genus_tree.newick
3	A13b_Taxa_vs_Disease_Zeros_Included	all_D_0__Bacteria___D_1__Proteobacteria___D_2__Gammaproteobacteria___D_3__Vibrionales___D_4__Vibrionaceae___D_5__Vibrio	perc_dis	3.258e-05	0.971	n.s	0.974	-0.001889	None	None	" ../output/PIC_results/A13b_Taxa_vs_Disease_Zeros_Included/PIC_all_D_0__Bacteria___D_1__Proteobacteria___D_2__Gammaproteobacteria___D_3__Vibrionales___D_4__Vibrionaceae___D_5__Vibrio_vs_perc_dis/"""	0.051055	-0.037		../output/GCMP_trait_table_with_abundances_and_adiv_and_metadata_zeros.tsv	../output/huang_roy_genus_tree.newick
4	A13b_Taxa_vs_Disease_Zeros_Included	mucus_D_0__Bacteria___D_1__Proteobacteria___D_2__Alphaproteobacteria___D_3__Rhodospirillales___D_4__Terasakiellaceae___D_5__uncultured	perc_dis	0.01402	0.467	n.s	0.9585714285714287	-0.003337	None	None	" ../output/PIC_results/A13b_Taxa_vs_Disease_Zeros_Included/PIC_mucus_D_0__Bacteria___D_1__Proteobacteria___D_2__Alphaproteobacteria___D_3__Rhodospirillales___D_4__Terasakiellaceae___D_5__uncultured_vs_perc_dis/"""	0.004540	-0.735		../output/GCMP_trait_table_with_abundances_and_adiv_and_metadata_zeros.tsv	../output/huang_roy_genus_tree.newick
5	A13b_Taxa_vs_Disease_Zeros_Included	skeleton_D_0__Bacteria___D_1__Chloroflexi___D_2__Chloroflexia___D_3__Chloroflexales___D_4__Chloroflexaceae___D_5__Candidatus_Chlorothrix	perc_dis	0.0109	0.511	n.s	0.9585714285714287	0.05919	None	None	" ../output/PIC_results/A13b_Taxa_vs_Disease_Zeros_Included/PIC_skeleton_D_0__Bacteria___D_1__Chloroflexi___D_2__Chloroflexia___D_3__Chloroflexales___D_4__Chloroflexaceae___D_5__Candidatus_Chlorothrix_vs_perc_dis/"""	0.08916	0.664		../output/GCMP_trait_table_with_abundances_and_adiv_and_metadata_zeros.tsv	../output/huang_roy_genus_tree.newick
6	A13b_Taxa_vs_Disease_Zeros_Included	mucus_D_0__Bacteria___D_1__Proteobacteria___D_2__Gammaproteobacteria___D_3__Betaproteobacteriales___D_4__Burkholderiaceae___D_5__Aquabacterium	perc_dis	0.01228	0.496	n.s	0.9585714285714287	-0.004649	None	None	" ../output/PIC_results/A13b_Taxa_vs_Disease_Zeros_Included/PIC_mucus_D_0__Bacteria___D_1__Proteobacteria___D_2__Gammaproteobacteria___D_3__Betaproteobacteriales___D_4__Burkholderiaceae___D_5__Aquabacterium_vs_perc_dis/"""	0.006764	-0.687		../output/GCMP_trait_table_with_abundances_and_adiv_and_metadata_zeros.tsv	../output/huang_roy_genus_tree.newick
7	A13b_Taxa_vs_Disease_Zeros_Included	all_D_0__Bacteria___D_1__Proteobacteria___D_2__Alphaproteobacteria___D_3__Sphingomonadales___D_4__Sphingomonadaceae___D_5__Sphingobium	perc_dis	0.008558	0.55	n.s	0.9585714285714287	-0.005071	None	None	" ../output/PIC_results/A13b_Taxa_vs_Disease_Zeros_Included/PIC_all_D_0__Bacteria___D_1__Proteobacteria___D_2__Alphaproteobacteria___D_3__Sphingomonadales___D_4__Sphingomonadaceae___D_5__Sphingobium_vs_perc_dis/"""	0.008422	-0.602		../output/GCMP_trait_table_with_abundances_and_adiv_and_metadata_zeros.tsv	../output/huang_roy_genus_tree.newick
8	A13b_Taxa_vs_Disease_Zeros_Included	skeleton_D_0__Bacteria___D_1__Bacteroidetes___D_2__Bacteroidia___D_3__Cytophagales___D_4__Cyclobacteriaceae___D_5__uncultured	perc_dis	0.04388	0.183	n.s	0.7497916666666666	-0.02589	None	None	" ../output/PIC_results/A13b_Taxa_vs_Disease_Zeros_Included/PIC_skeleton_D_0__Bacteria___D_1__Bacteroidetes___D_2__Bacteroidia___D_3__Cytophagales___D_4__Cyclobacteriaceae___D_5__uncultured_vs_perc_dis/"""	0.01911	-1.355		../output/GCMP_trait_table_with_abundances_and_adiv_and_metadata_zeros.tsv	../output/huang_roy_genus_tree.newick
9	A13b_Taxa_vs_Disease_Zeros_Included	all_D_0__Bacteria___D_1__Proteobacteria___D_2__Alphaproteobacteria___D_3__Rhodobacterales___D_4__Rhodobacteraceae___D_5__Ruegeria	perc_dis	0.04733	0.156	n.s	0.7497916666666666	0.1971	None	None	" ../output/PIC_results/A13b_Taxa_vs_Disease_Zeros_Included/PIC_all_D_0__Bacteria___D_1__Proteobacteria___D_2__Alphaproteobacteria___D_3__Rhodobacterales___D_4__Rhodobacteraceae___D_5__Ruegeria_vs_perc_dis/"""	0.1364	1.444		../output/GCMP_trait_table_with_abundances_and_adiv_and_metadata_zeros.tsv	../output/huang_roy_genus_tree.newick
10	A13b_Taxa_vs_Disease_Zeros_Included	all_D_0__Bacteria___D_1__Proteobacteria___D_2__Alphaproteobacteria___D_3__Rhodospirillales___D_4__Terasakiellaceae___D_5__uncultured	perc_dis	0.009283	0.534	n.s	0.9585714285714287	-0.004277	None	None	" ../output/PIC_results/A13b_Taxa_vs_Disease_Zeros_Included/PIC_all_D_0__Bacteria___D_1__Proteobacteria___D_2__Alphaproteobacteria___D_3__Rhodospirillales___D_4__Terasakiellaceae___D_5__uncultured_vs_perc_dis/"""	0.006818	-0.627		../output/GCMP_trait_table_with_abundances_and_adiv_and_metadata_zeros.tsv	../output/huang_roy_genus_tree.newick
11	A13b_Taxa_vs_Disease_Zeros_Included	skeleton_D_0__Bacteria___D_1__Proteobacteria___D_2__Alphaproteobacteria___D_3__Rhodospirillales___D_4__Terasakiellaceae___D_5__uncultured	perc_dis	0.002684	0.745	n.s	0.974	-0.002740	None	None	" ../output/PIC_results/A13b_Taxa_vs_Disease_Zeros_Included/PIC_skeleton_D_0__Bacteria___D_1__Proteobacteria___D_2__Alphaproteobacteria___D_3__Rhodospirillales___D_4__Terasakiellaceae___D_5__uncultured_vs_perc_dis/"""	0.008352	-0.328		../output/GCMP_trait_table_with_abundances_and_adiv_and_metadata_zeros.tsv	../output/huang_roy_genus_tree.newick
12	A13b_Taxa_vs_Disease_Zeros_Included	tissue_D_0__Bacteria___D_1__Bacteroidetes___D_2__Bacteroidia___D_3__Bacteroidales___D_4__Rikenellaceae___D_5__Rikenellaceae_RC9_gut_group	perc_dis	0.03794	0.228	n.s	0.7497916666666666	-0.007513	None	None	" ../output/PIC_results/A13b_Taxa_vs_Disease_Zeros_Included/PIC_tissue_D_0__Bacteria___D_1__Bacteroidetes___D_2__Bacteroidia___D_3__Bacteroidales___D_4__Rikenellaceae___D_5__Rikenellaceae_RC9_gut_group_vs_perc_dis/"""	0.006138	-1.224		../output/GCMP_trait_table_with_abundances_and_adiv_and_metadata_zeros.tsv	../output/huang_roy_genus_tree.newick
13	A13b_Taxa_vs_Disease_Zeros_Included	all_D_0__Bacteria___D_1__Proteobacteria___D_2__Gammaproteobacteria___D_3__Pseudomonadales___D_4__Pseudomonadaceae___D_5__Pseudomonas	perc_dis	0.0002835	0.914	n.s	0.974	0.001267	None	None	" ../output/PIC_results/A13b_Taxa_vs_Disease_Zeros_Included/PIC_all_D_0__Bacteria___D_1__Proteobacteria___D_2__Gammaproteobacteria___D_3__Pseudomonadales___D_4__Pseudomonadaceae___D_5__Pseudomonas_vs_perc_dis/"""	0.011610	0.109		../output/GCMP_trait_table_with_abundances_and_adiv_and_metadata_zeros.tsv	../output/huang_roy_genus_tree.newick
14	A13b_Taxa_vs_Disease_Zeros_Included	tissue_D_0__Bacteria___D_1__Proteobacteria___D_2__Alphaproteobacteria___D_3__Rhodospirillales___D_4__Terasakiellaceae___D_5__uncultured	perc_dis	0.007342	0.599	n.s	0.974	-0.003178	None	None	" ../output/PIC_results/A13b_Taxa_vs_Disease_Zeros_Included/PIC_tissue_D_0__Bacteria___D_1__Proteobacteria___D_2__Alphaproteobacteria___D_3__Rhodospirillales___D_4__Terasakiellaceae___D_5__uncultured_vs_perc_dis/"""	0.005995	-0.53		../output/GCMP_trait_table_with_abundances_and_adiv_and_metadata_zeros.tsv	../output/huang_roy_genus_tree.newick
15	A13b_Taxa_vs_Disease_Zeros_Included	mucus_D_0__Bacteria___D_1__Tenericutes___D_2__Mollicutes___D_3__Entomoplasmatales___D_4__Spiroplasmataceae___D_5__Spiroplasma	perc_dis	0.08666	0.0652	.	0.45072222222222225	0.2535	None	None	" ../output/PIC_results/A13b_Taxa_vs_Disease_Zeros_Included/PIC_mucus_D_0__Bacteria___D_1__Tenericutes___D_2__Mollicutes___D_3__Entomoplasmatales___D_4__Spiroplasmataceae___D_5__Spiroplasma_vs_perc_dis/"""	0.1335	1.899		../output/GCMP_trait_table_with_abundances_and_adiv_and_metadata_zeros.tsv	../output/huang_roy_genus_tree.newick
16	A13b_Taxa_vs_Disease_Zeros_Included	mucus_D_0__Bacteria___D_1__Cyanobacteria___D_2__Oxyphotobacteria___D_3__Synechococcales___D_4__Cyanobiaceae___D_5__Synechococcus_CC9902	perc_dis	0.003779	0.706	n.s	0.974	-0.009292	None	None	" ../output/PIC_results/A13b_Taxa_vs_Disease_Zeros_Included/PIC_mucus_D_0__Bacteria___D_1__Cyanobacteria___D_2__Oxyphotobacteria___D_3__Synechococcales___D_4__Cyanobiaceae___D_5__Synechococcus_CC9902_vs_perc_dis/"""	0.024474	-0.38		../output/GCMP_trait_table_with_abundances_and_adiv_and_metadata_zeros.tsv	../output/huang_roy_genus_tree.newick
17	A13b_Taxa_vs_Disease_Zeros_Included	mucus_D_0__Bacteria___D_1__Proteobacteria___D_2__Gammaproteobacteria___D_3__Alteromonadales___D_4__Pseudoalteromonadaceae___D_5__Pseudoalteromonas	perc_dis	0.0288	0.295	n.s	0.7497916666666666	-0.004447	None	None	" ../output/PIC_results/A13b_Taxa_vs_Disease_Zeros_Included/PIC_mucus_D_0__Bacteria___D_1__Proteobacteria___D_2__Gammaproteobacteria___D_3__Alteromonadales___D_4__Pseudoalteromonadaceae___D_5__Pseudoalteromonas_vs_perc_dis/"""	0.004190	-1.061		../output/GCMP_trait_table_with_abundances_and_adiv_and_metadata_zeros.tsv	../output/huang_roy_genus_tree.newick
18	A13b_Taxa_vs_Disease_Zeros_Included	all_D_0__Bacteria___D_1__Proteobacteria___D_2__Alphaproteobacteria___D_3__Rickettsiales___D_4__Midichloriaceae___D_5__MD3_55	perc_dis	0.0005231	0.883	n.s	0.974	-0.002764	None	None	" ../output/PIC_results/A13b_Taxa_vs_Disease_Zeros_Included/PIC_all_D_0__Bacteria___D_1__Proteobacteria___D_2__Alphaproteobacteria___D_3__Rickettsiales___D_4__Midichloriaceae___D_5__MD3_55_vs_perc_dis/"""	0.018640	-0.148		../output/GCMP_trait_table_with_abundances_and_adiv_and_metadata_zeros.tsv	../output/huang_roy_genus_tree.newick
19	A13b_Taxa_vs_Disease_Zeros_Included	skeleton_D_0__Archaea___D_1__Thaumarchaeota___D_2__Nitrososphaeria___D_3__Nitrosopumilales___D_4__Nitrosopumilaceae___D_5__Candidatus_Nitrosopumilus	perc_dis	0.002966	0.732	n.s	0.974	-0.007218	None	None	" ../output/PIC_results/A13b_Taxa_vs_Disease_Zeros_Included/PIC_skeleton_D_0__Archaea___D_1__Thaumarchaeota___D_2__Nitrososphaeria___D_3__Nitrosopumilales___D_4__Nitrosopumilaceae___D_5__Candidatus_Nitrosopumilus_vs_perc_dis/"""	0.020924	-0.345		../output/GCMP_trait_table_with_abundances_and_adiv_and_metadata_zeros.tsv	../output/huang_roy_genus_tree.newick
20	A13b_Taxa_vs_Disease_Zeros_Included	skeleton_D_0__Bacteria___D_1__Spirochaetes___D_2__Spirochaetia___D_3__Spirochaetales___D_4__Spirochaetaceae___D_5__Spirochaeta_2	perc_dis	6.666e-05	0.959	n.s	0.974	0.0008696	None	None	" ../output/PIC_results/A13b_Taxa_vs_Disease_Zeros_Included/PIC_skeleton_D_0__Bacteria___D_1__Spirochaetes___D_2__Spirochaetia___D_3__Spirochaetales___D_4__Spirochaetaceae___D_5__Spirochaeta_2_vs_perc_dis/"""	0.0168395	0.052		../output/GCMP_trait_table_with_abundances_and_adiv_and_metadata_zeros.tsv	../output/huang_roy_genus_tree.newick
21	A13b_Taxa_vs_Disease_Zeros_Included	skeleton_D_0__Bacteria___D_1__Proteobacteria___D_2__Alphaproteobacteria___D_3__Rhodobacterales___D_4__Rhodobacteraceae___D_5__Ruegeria	perc_dis	0.1604	0.00858	**	0.10467600000000002	0.2877	None	None	" ../output/PIC_results/A13b_Taxa_vs_Disease_Zeros_Included/PIC_skeleton_D_0__Bacteria___D_1__Proteobacteria___D_2__Alphaproteobacteria___D_3__Rhodobacterales___D_4__Rhodobacteraceae___D_5__Ruegeria_vs_perc_dis/"""	0.1041	2.765		../output/GCMP_trait_table_with_abundances_and_adiv_and_metadata_zeros.tsv	../output/huang_roy_genus_tree.newick
22	A13b_Taxa_vs_Disease_Zeros_Included	tissue_D_0__Bacteria___D_1__Tenericutes___D_2__Mollicutes___D_3__Mycoplasmatales___D_4__Mycoplasmataceae___D_5__Mycoplasma	perc_dis	0.01292	0.485	n.s	0.9585714285714287	1.652	None	None	" ../output/PIC_results/A13b_Taxa_vs_Disease_Zeros_Included/PIC_tissue_D_0__Bacteria___D_1__Tenericutes___D_2__Mollicutes___D_3__Mycoplasmatales___D_4__Mycoplasmataceae___D_5__Mycoplasma_vs_perc_dis/"""	2.343	0.705		../output/GCMP_trait_table_with_abundances_and_adiv_and_metadata_zeros.tsv	../output/huang_roy_genus_tree.newick
23	A13b_Taxa_vs_Disease_Zeros_Included	all_D_0__Bacteria___D_1__Proteobacteria___D_2__Gammaproteobacteria___D_3__Oceanospirillales___D_4__Endozoicomonadaceae___D_5__Endozoicomonas	perc_dis	0.1832	0.00375	**	0.057187499999999995	0.027233	None	None	" ../output/PIC_results/A13b_Taxa_vs_Disease_Zeros_Included/PIC_all_D_0__Bacteria___D_1__Proteobacteria___D_2__Gammaproteobacteria___D_3__Oceanospirillales___D_4__Endozoicomonadaceae___D_5__Endozoicomonas_vs_perc_dis/"""	0.008873	3.069		../output/GCMP_trait_table_with_abundances_and_adiv_and_metadata_zeros.tsv	../output/huang_roy_genus_tree.newick
24	A13b_Taxa_vs_Disease_Zeros_Included	all_D_0__Bacteria___D_1__Proteobacteria___D_2__Gammaproteobacteria___D_3__Cellvibrionales___D_4__Spongiibacteraceae___D_5__BD1_7_clade	perc_dis	0.02676	0.289	n.s	0.7497916666666666	-0.6083	None	None	" ../output/PIC_results/A13b_Taxa_vs_Disease_Zeros_Included/PIC_all_D_0__Bacteria___D_1__Proteobacteria___D_2__Gammaproteobacteria___D_3__Cellvibrionales___D_4__Spongiibacteraceae___D_5__BD1_7_clade_vs_perc_dis/"""	0.5660	-1.075		../output/GCMP_trait_table_with_abundances_and_adiv_and_metadata_zeros.tsv	../output/huang_roy_genus_tree.newick
25	A13b_Taxa_vs_Disease_Zeros_Included	mucus_D_0__Bacteria___D_1__Proteobacteria___D_2__Gammaproteobacteria___D_3__Vibrionales___D_4__Vibrionaceae___D_5__Vibrio	perc_dis	0.001193	0.832	n.s	0.974	0.002587	None	None	" ../output/PIC_results/A13b_Taxa_vs_Disease_Zeros_Included/PIC_mucus_D_0__Bacteria___D_1__Proteobacteria___D_2__Gammaproteobacteria___D_3__Vibrionales___D_4__Vibrionaceae___D_5__Vibrio_vs_perc_dis/"""	0.012140	0.213		../output/GCMP_trait_table_with_abundances_and_adiv_and_metadata_zeros.tsv	../output/huang_roy_genus_tree.newick
26	A13b_Taxa_vs_Disease_Zeros_Included	tissue_D_0__Bacteria___D_1__Proteobacteria___D_2__Gammaproteobacteria___D_3__Betaproteobacteriales___D_4__Burkholderiaceae___D_5__Aquabacterium	perc_dis	0.03138	0.274	n.s	0.7497916666666666	-0.01071	None	None	" ../output/PIC_results/A13b_Taxa_vs_Disease_Zeros_Included/PIC_tissue_D_0__Bacteria___D_1__Proteobacteria___D_2__Gammaproteobacteria___D_3__Betaproteobacteriales___D_4__Burkholderiaceae___D_5__Aquabacterium_vs_perc_dis/"""	0.00965	-1.109		../output/GCMP_trait_table_with_abundances_and_adiv_and_metadata_zeros.tsv	../output/huang_roy_genus_tree.newick
27	A13b_Taxa_vs_Disease_Zeros_Included	mucus_D_0__Bacteria___D_1__Proteobacteria___D_2__Alphaproteobacteria___D_3__Sphingomonadales___D_4__Sphingomonadaceae___D_5__Sphingobium	perc_dis	0.001084	0.84	n.s	0.974	0.001225	None	None	" ../output/PIC_results/A13b_Taxa_vs_Disease_Zeros_Included/PIC_mucus_D_0__Bacteria___D_1__Proteobacteria___D_2__Alphaproteobacteria___D_3__Sphingomonadales___D_4__Sphingomonadaceae___D_5__Sphingobium_vs_perc_dis/"""	0.006033	0.203		../output/GCMP_trait_table_with_abundances_and_adiv_and_metadata_zeros.tsv	../output/huang_roy_genus_tree.newick
28	A13b_Taxa_vs_Disease_Zeros_Included	mucus_D_0__Bacteria___D_1__Proteobacteria___D_2__Alphaproteobacteria___D_3__Rickettsiales___D_4__Midichloriaceae___D_5__MD3_55	perc_dis	0.0006848	0.873	n.s	0.974	-0.002751	None	None	" ../output/PIC_results/A13b_Taxa_vs_Disease_Zeros_Included/PIC_mucus_D_0__Bacteria___D_1__Proteobacteria___D_2__Alphaproteobacteria___D_3__Rickettsiales___D_4__Midichloriaceae___D_5__MD3_55_vs_perc_dis/"""	0.017048	-0.161		../output/GCMP_trait_table_with_abundances_and_adiv_and_metadata_zeros.tsv	../output/huang_roy_genus_tree.newick
29	A13b_Taxa_vs_Disease_Zeros_Included	all_D_0__Bacteria___D_1__Bacteroidetes___D_2__Chlorobia___D_3__Chlorobiales___D_4__Chlorobiaceae___D_5__Prosthecochloris	perc_dis	0.03832	0.203	n.s	0.7497916666666666	-0.03944	None	None	" ../output/PIC_results/A13b_Taxa_vs_Disease_Zeros_Included/PIC_all_D_0__Bacteria___D_1__Bacteroidetes___D_2__Chlorobia___D_3__Chlorobiales___D_4__Chlorobiaceae___D_5__Prosthecochloris_vs_perc_dis/"""	0.03049	-1.294		../output/GCMP_trait_table_with_abundances_and_adiv_and_metadata_zeros.tsv	../output/huang_roy_genus_tree.newick
30	A13b_Taxa_vs_Disease_Zeros_Included	all_D_0__Bacteria___D_1__Bacteroidetes___D_2__Bacteroidia___D_3__Bacteroidales___D_4__Rikenellaceae___D_5__Rikenellaceae_RC9_gut_group	perc_dis	0.002665	0.739	n.s	0.974	-0.001465	None	None	" ../output/PIC_results/A13b_Taxa_vs_Disease_Zeros_Included/PIC_all_D_0__Bacteria___D_1__Bacteroidetes___D_2__Bacteroidia___D_3__Bacteroidales___D_4__Rikenellaceae___D_5__Rikenellaceae_RC9_gut_group_vs_perc_dis/"""	0.004373	-0.335		../output/GCMP_trait_table_with_abundances_and_adiv_and_metadata_zeros.tsv	../output/huang_roy_genus_tree.newick
31	A13b_Taxa_vs_Disease_Zeros_Included	skeleton_D_0__Bacteria___D_1__Bacteroidetes___D_2__Chlorobia___D_3__Chlorobiales___D_4__Chlorobiaceae___D_5__Prosthecochloris	perc_dis	0.02964	0.276	n.s	0.7497916666666666	-0.0167	None	None	" ../output/PIC_results/A13b_Taxa_vs_Disease_Zeros_Included/PIC_skeleton_D_0__Bacteria___D_1__Bacteroidetes___D_2__Chlorobia___D_3__Chlorobiales___D_4__Chlorobiaceae___D_5__Prosthecochloris_vs_perc_dis/"""	0.0151	-1.105		../output/GCMP_trait_table_with_abundances_and_adiv_and_metadata_zeros.tsv	../output/huang_roy_genus_tree.newick
32	A13b_Taxa_vs_Disease_Zeros_Included	tissue_D_0__Bacteria___D_1__Bacteroidetes___D_2__Bacteroidia___D_3__Flavobacteriales___D_4__Flavobacteriaceae___D_5__Maritimimonas	perc_dis	0.03333	0.26	n.s	0.7497916666666666	-0.0182	None	None	" ../output/PIC_results/A13b_Taxa_vs_Disease_Zeros_Included/PIC_tissue_D_0__Bacteria___D_1__Bacteroidetes___D_2__Bacteroidia___D_3__Flavobacteriales___D_4__Flavobacteriaceae___D_5__Maritimimonas_vs_perc_dis/"""	0.0159	-1.145		../output/GCMP_trait_table_with_abundances_and_adiv_and_metadata_zeros.tsv	../output/huang_roy_genus_tree.newick
33	A13b_Taxa_vs_Disease_Zeros_Included	all_D_0__Bacteria___D_1__Proteobacteria___D_2__Alphaproteobacteria___D_3__Rhizobiales___D_4__Stappiaceae___D_5__Pseudovibrio	perc_dis	0.08539	0.0543	.	0.45072222222222225	0.04100	None	None	" ../output/PIC_results/A13b_Taxa_vs_Disease_Zeros_Included/PIC_all_D_0__Bacteria___D_1__Proteobacteria___D_2__Alphaproteobacteria___D_3__Rhizobiales___D_4__Stappiaceae___D_5__Pseudovibrio_vs_perc_dis/"""	0.02071	1.98		../output/GCMP_trait_table_with_abundances_and_adiv_and_metadata_zeros.tsv	../output/huang_roy_genus_tree.newick
34	A13b_Taxa_vs_Disease_Zeros_Included	skeleton_D_0__Bacteria___D_1__Proteobacteria___D_2__Gammaproteobacteria___D_3__Pseudomonadales___D_4__Pseudomonadaceae___D_5__Pseudomonas	perc_dis	0.009155	0.547	n.s	0.9585714285714287	-0.007969	None	None	" ../output/PIC_results/A13b_Taxa_vs_Disease_Zeros_Included/PIC_skeleton_D_0__Bacteria___D_1__Proteobacteria___D_2__Gammaproteobacteria___D_3__Pseudomonadales___D_4__Pseudomonadaceae___D_5__Pseudomonas_vs_perc_dis/"""	0.013109	-0.608		../output/GCMP_trait_table_with_abundances_and_adiv_and_metadata_zeros.tsv	../output/huang_roy_genus_tree.newick
35	A13b_Taxa_vs_Disease_Zeros_Included	mucus_D_0__Bacteria___D_1__Proteobacteria___D_2__Gammaproteobacteria___D_3__Vibrionales___D_4__Vibrionaceae___D_5__Photobacterium	perc_dis	0.002323	0.768	n.s	0.974	-0.007325	None	None	" ../output/PIC_results/A13b_Taxa_vs_Disease_Zeros_Included/PIC_mucus_D_0__Bacteria___D_1__Proteobacteria___D_2__Gammaproteobacteria___D_3__Vibrionales___D_4__Vibrionaceae___D_5__Photobacterium_vs_perc_dis/"""	0.024622	-0.297		../output/GCMP_trait_table_with_abundances_and_adiv_and_metadata_zeros.tsv	../output/huang_roy_genus_tree.newick
36	A13b_Taxa_vs_Disease_Zeros_Included	tissue_D_0__Bacteria___D_1__Proteobacteria___D_2__Alphaproteobacteria___D_3__Sphingomonadales___D_4__Sphingomonadaceae___D_5__Sphingobium	perc_dis	0.01257	0.491	n.s	0.9585714285714287	-0.004214	None	None	" ../output/PIC_results/A13b_Taxa_vs_Disease_Zeros_Included/PIC_tissue_D_0__Bacteria___D_1__Proteobacteria___D_2__Alphaproteobacteria___D_3__Sphingomonadales___D_4__Sphingomonadaceae___D_5__Sphingobium_vs_perc_dis/"""	0.006059	-0.696		../output/GCMP_trait_table_with_abundances_and_adiv_and_metadata_zeros.tsv	../output/huang_roy_genus_tree.newick
37	A13b_Taxa_vs_Disease_Zeros_Included	skeleton_D_0__Bacteria___D_1__Bacteroidetes___D_2__Bacteroidia___D_3__Cytophagales___D_4__Amoebophilaceae___D_5__Candidatus_Amoebophilus	perc_dis	6.58e-05	0.959	n.s	0.974	0.0005489	None	None	" ../output/PIC_results/A13b_Taxa_vs_Disease_Zeros_Included/PIC_skeleton_D_0__Bacteria___D_1__Bacteroidetes___D_2__Bacteroidia___D_3__Cytophagales___D_4__Amoebophilaceae___D_5__Candidatus_Amoebophilus_vs_perc_dis/"""	0.0106985	0.051		../output/GCMP_trait_table_with_abundances_and_adiv_and_metadata_zeros.tsv	../output/huang_roy_genus_tree.newick
38	A13b_Taxa_vs_Disease_Zeros_Included	tissue_D_0__Bacteria___D_1__Proteobacteria___D_2__Gammaproteobacteria___D_3__Pseudomonadales___D_4__Pseudomonadaceae___D_5__Pseudomonas	perc_dis	0.05654	0.14	n.s	0.7497916666666666	-0.01698	None	None	" ../output/PIC_results/A13b_Taxa_vs_Disease_Zeros_Included/PIC_tissue_D_0__Bacteria___D_1__Proteobacteria___D_2__Gammaproteobacteria___D_3__Pseudomonadales___D_4__Pseudomonadaceae___D_5__Pseudomonas_vs_perc_dis/"""	0.01125	-1.509		../output/GCMP_trait_table_with_abundances_and_adiv_and_metadata_zeros.tsv	../output/huang_roy_genus_tree.newick
39	A13b_Taxa_vs_Disease_Zeros_Included	mucus_D_0__Bacteria___D_1__Proteobacteria___D_2__Gammaproteobacteria___D_3__Oceanospirillales___D_4__Endozoicomonadaceae___D_5__Endozoicomonas	perc_dis	0.3607	4.18e-05	***	0.0025497999999999996	0.04689	None	None	" ../output/PIC_results/A13b_Taxa_vs_Disease_Zeros_Included/PIC_mucus_D_0__Bacteria___D_1__Proteobacteria___D_2__Gammaproteobacteria___D_3__Oceanospirillales___D_4__Endozoicomonadaceae___D_5__Endozoicomonas_vs_perc_dis/"""	0.01013	4.63		../output/GCMP_trait_table_with_abundances_and_adiv_and_metadata_zeros.tsv	../output/huang_roy_genus_tree.newick
40	A13b_Taxa_vs_Disease_Zeros_Included	all_D_0__Bacteria___D_1__Cyanobacteria___D_2__Oxyphotobacteria___D_3__Synechococcales___D_4__Cyanobiaceae___D_5__Synechococcus_CC9902	perc_dis	0.002881	0.729	n.s	0.974	-0.01496	None	None	" ../output/PIC_results/A13b_Taxa_vs_Disease_Zeros_Included/PIC_all_D_0__Bacteria___D_1__Cyanobacteria___D_2__Oxyphotobacteria___D_3__Synechococcales___D_4__Cyanobiaceae___D_5__Synechococcus_CC9902_vs_perc_dis/"""	0.04294	-0.348		../output/GCMP_trait_table_with_abundances_and_adiv_and_metadata_zeros.tsv	../output/huang_roy_genus_tree.newick
41	A13b_Taxa_vs_Disease_Zeros_Included	mucus_D_0__Bacteria___D_1__Proteobacteria___D_2__Gammaproteobacteria___D_3__Pseudomonadales___D_4__Pseudomonadaceae___D_5__Pseudomonas	perc_dis	0.0006506	0.876	n.s	0.974	0.001094	None	None	" ../output/PIC_results/A13b_Taxa_vs_Disease_Zeros_Included/PIC_mucus_D_0__Bacteria___D_1__Proteobacteria___D_2__Gammaproteobacteria___D_3__Pseudomonadales___D_4__Pseudomonadaceae___D_5__Pseudomonas_vs_perc_dis/"""	0.006954	0.157		../output/GCMP_trait_table_with_abundances_and_adiv_and_metadata_zeros.tsv	../output/huang_roy_genus_tree.newick
42	A13b_Taxa_vs_Disease_Zeros_Included	tissue_D_0__Archaea___D_1__Thaumarchaeota___D_2__Nitrososphaeria___D_3__Nitrosopumilales___D_4__Nitrosopumilaceae___D_5__Candidatus_Nitrosopumilus	perc_dis	0.0005982	0.881	n.s	0.974	0.005103	None	None	" ../output/PIC_results/A13b_Taxa_vs_Disease_Zeros_Included/PIC_tissue_D_0__Archaea___D_1__Thaumarchaeota___D_2__Nitrososphaeria___D_3__Nitrosopumilales___D_4__Nitrosopumilaceae___D_5__Candidatus_Nitrosopumilus_vs_perc_dis/"""	0.033834	0.151		../output/GCMP_trait_table_with_abundances_and_adiv_and_metadata_zeros.tsv	../output/huang_roy_genus_tree.newick
43	A13b_Taxa_vs_Disease_Zeros_Included	all_D_0__Bacteria___D_1__Tenericutes___D_2__Mollicutes___D_3__Mycoplasmatales___D_4__Mycoplasmataceae___D_5__Mycoplasma	perc_dis	0.02967	0.264	n.s	0.7497916666666666	-0.4565	None	None	" ../output/PIC_results/A13b_Taxa_vs_Disease_Zeros_Included/PIC_all_D_0__Bacteria___D_1__Tenericutes___D_2__Mollicutes___D_3__Mycoplasmatales___D_4__Mycoplasmataceae___D_5__Mycoplasma_vs_perc_dis/"""	0.4028	-1.133		../output/GCMP_trait_table_with_abundances_and_adiv_and_metadata_zeros.tsv	../output/huang_roy_genus_tree.newick
44	A13b_Taxa_vs_Disease_Zeros_Included	tissue_D_0__Bacteria___D_1__Proteobacteria___D_2__Alphaproteobacteria___D_3__Rickettsiales___D_4__Midichloriaceae___D_5__MD3_55	perc_dis	0.001065	0.842	n.s	0.974	-0.002881	None	None	" ../output/PIC_results/A13b_Taxa_vs_Disease_Zeros_Included/PIC_tissue_D_0__Bacteria___D_1__Proteobacteria___D_2__Alphaproteobacteria___D_3__Rickettsiales___D_4__Midichloriaceae___D_5__MD3_55_vs_perc_dis/"""	0.014316	-0.201		../output/GCMP_trait_table_with_abundances_and_adiv_and_metadata_zeros.tsv	../output/huang_roy_genus_tree.newick
45	A13b_Taxa_vs_Disease_Zeros_Included	skeleton_D_0__Bacteria___D_1__Proteobacteria___D_2__Alphaproteobacteria___D_3__Dstr_E11___D_4__uncultured_alpha_proteobacterium___D_5__uncultured_alpha_proteobacterium	perc_dis	0.0008154	0.858	n.s	0.974	-0.001682	None	None	" ../output/PIC_results/A13b_Taxa_vs_Disease_Zeros_Included/PIC_skeleton_D_0__Bacteria___D_1__Proteobacteria___D_2__Alphaproteobacteria___D_3__Dstr_E11___D_4__uncultured_alpha_proteobacterium___D_5__uncultured_alpha_proteobacterium_vs_perc_dis/"""	0.009308	-0.181		../output/GCMP_trait_table_with_abundances_and_adiv_and_metadata_zeros.tsv	../output/huang_roy_genus_tree.newick
46	A13b_Taxa_vs_Disease_Zeros_Included	skeleton_D_0__Bacteria___D_1__Proteobacteria___D_2__Deltaproteobacteria___D_3__Myxococcales___D_4__P3OB_42___D_5__uncultured_bacterium	perc_dis	0.01497	0.44	n.s	0.9585714285714287	0.02634	None	None	" ../output/PIC_results/A13b_Taxa_vs_Disease_Zeros_Included/PIC_skeleton_D_0__Bacteria___D_1__Proteobacteria___D_2__Deltaproteobacteria___D_3__Myxococcales___D_4__P3OB_42___D_5__uncultured_bacterium_vs_perc_dis/"""	0.03379	0.78		../output/GCMP_trait_table_with_abundances_and_adiv_and_metadata_zeros.tsv	../output/huang_roy_genus_tree.newick
47	A13b_Taxa_vs_Disease_Zeros_Included	skeleton_D_0__Bacteria___D_1__Proteobacteria___D_2__Deltaproteobacteria___D_3__Desulfobacterales___D_4__Desulfobacteraceae___D_5__Desulfobacter	perc_dis	0.06539	0.102	n.s	0.6222	0.01913	None	None	" ../output/PIC_results/A13b_Taxa_vs_Disease_Zeros_Included/PIC_skeleton_D_0__Bacteria___D_1__Proteobacteria___D_2__Deltaproteobacteria___D_3__Desulfobacterales___D_4__Desulfobacteraceae___D_5__Desulfobacter_vs_perc_dis/"""	0.01143	1.673		../output/GCMP_trait_table_with_abundances_and_adiv_and_metadata_zeros.tsv	../output/huang_roy_genus_tree.newick
48	A13b_Taxa_vs_Disease_Zeros_Included	skeleton_D_0__Bacteria___D_1__Proteobacteria___D_2__Gammaproteobacteria___D_3__Oceanospirillales___D_4__Endozoicomonadaceae___D_5__Endozoicomonas	perc_dis	0.001932	0.782	n.s	0.974	0.01019	None	None	" ../output/PIC_results/A13b_Taxa_vs_Disease_Zeros_Included/PIC_skeleton_D_0__Bacteria___D_1__Proteobacteria___D_2__Gammaproteobacteria___D_3__Oceanospirillales___D_4__Endozoicomonadaceae___D_5__Endozoicomonas_vs_perc_dis/"""	0.03661	0.278		../output/GCMP_trait_table_with_abundances_and_adiv_and_metadata_zeros.tsv	../output/huang_roy_genus_tree.newick
49	A13b_Taxa_vs_Disease_Zeros_Included	all_D_0__Archaea___D_1__Thaumarchaeota___D_2__Nitrososphaeria___D_3__Nitrosopumilales___D_4__Nitrosopumilaceae___D_5__Candidatus_Nitrosopumilus	perc_dis	0.000682	0.866	n.s	0.974	-0.003906	None	None	" ../output/PIC_results/A13b_Taxa_vs_Disease_Zeros_Included/PIC_all_D_0__Archaea___D_1__Thaumarchaeota___D_2__Nitrososphaeria___D_3__Nitrosopumilales___D_4__Nitrosopumilaceae___D_5__Candidatus_Nitrosopumilus_vs_perc_dis/"""	0.023070	-0.169		../output/GCMP_trait_table_with_abundances_and_adiv_and_metadata_zeros.tsv	../output/huang_roy_genus_tree.newick
50	A13b_Taxa_vs_Disease_Zeros_Included	mucus_D_0__Bacteria___D_1__Proteobacteria___D_2__Alphaproteobacteria___D_3__Rhizobiales___D_4__Stappiaceae___D_5__Pseudovibrio	perc_dis	0.03584	0.242	n.s	0.7497916666666666	0.007450	None	None	" ../output/PIC_results/A13b_Taxa_vs_Disease_Zeros_Included/PIC_mucus_D_0__Bacteria___D_1__Proteobacteria___D_2__Alphaproteobacteria___D_3__Rhizobiales___D_4__Stappiaceae___D_5__Pseudovibrio_vs_perc_dis/"""	0.006268	1.188		../output/GCMP_trait_table_with_abundances_and_adiv_and_metadata_zeros.tsv	../output/huang_roy_genus_tree.newick
51	A13b_Taxa_vs_Disease_Zeros_Included	skeleton_D_0__Bacteria___D_1__Acidobacteria___D_2__Thermoanaerobaculia___D_3__Thermoanaerobaculales___D_4__Thermoanaerobaculaceae___D_5__Subgroup_10	perc_dis	0.001528	0.806	n.s	0.974	-0.004419	None	None	" ../output/PIC_results/A13b_Taxa_vs_Disease_Zeros_Included/PIC_skeleton_D_0__Bacteria___D_1__Acidobacteria___D_2__Thermoanaerobaculia___D_3__Thermoanaerobaculales___D_4__Thermoanaerobaculaceae___D_5__Subgroup_10_vs_perc_dis/"""	0.017859	-0.247		../output/GCMP_trait_table_with_abundances_and_adiv_and_metadata_zeros.tsv	../output/huang_roy_genus_tree.newick
52	A13b_Taxa_vs_Disease_Zeros_Included	skeleton_D_0__Bacteria___D_1__Bacteroidetes___D_2__Bacteroidia___D_3__Bacteroidales___D_4__Rikenellaceae___D_5__Rikenellaceae_RC9_gut_group	perc_dis	0.009779	0.533	n.s	0.9585714285714287	-0.0009607	None	None	" ../output/PIC_results/A13b_Taxa_vs_Disease_Zeros_Included/PIC_skeleton_D_0__Bacteria___D_1__Bacteroidetes___D_2__Bacteroidia___D_3__Bacteroidales___D_4__Rikenellaceae___D_5__Rikenellaceae_RC9_gut_group_vs_perc_dis/"""	0.0015286	-0.628		../output/GCMP_trait_table_with_abundances_and_adiv_and_metadata_zeros.tsv	../output/huang_roy_genus_tree.newick
53	A13b_Taxa_vs_Disease_Zeros_Included	skeleton_D_0__Bacteria___D_1__Firmicutes___D_2__Clostridia___D_3__Clostridiales___D_4__Clostridiaceae_4___D_5__Paramaledivibacter	perc_dis	0.2185	0.0018	**	0.0366	0.03347	None	None	" ../output/PIC_results/A13b_Taxa_vs_Disease_Zeros_Included/PIC_skeleton_D_0__Bacteria___D_1__Firmicutes___D_2__Clostridia___D_3__Clostridiales___D_4__Clostridiaceae_4___D_5__Paramaledivibacter_vs_perc_dis/"""	0.01001	3.344		../output/GCMP_trait_table_with_abundances_and_adiv_and_metadata_zeros.tsv	../output/huang_roy_genus_tree.newick
54	A13b_Taxa_vs_Disease_Zeros_Included	tissue_D_0__Bacteria___D_1__Proteobacteria___D_2__Alphaproteobacteria___D_3__Rhizobiales___D_4__Beijerinckiaceae___D_5__Methylobacterium	perc_dis	0.01773	0.413	n.s	0.9585714285714287	-0.01005	None	None	" ../output/PIC_results/A13b_Taxa_vs_Disease_Zeros_Included/PIC_tissue_D_0__Bacteria___D_1__Proteobacteria___D_2__Alphaproteobacteria___D_3__Rhizobiales___D_4__Beijerinckiaceae___D_5__Methylobacterium_vs_perc_dis/"""	0.01214	-0.828		../output/GCMP_trait_table_with_abundances_and_adiv_and_metadata_zeros.tsv	../output/huang_roy_genus_tree.newick
55	A13b_Taxa_vs_Disease_Zeros_Included	all_D_0__Bacteria___D_1__Spirochaetes___D_2__Spirochaetia___D_3__Spirochaetales___D_4__Spirochaetaceae___D_5__Spirochaeta_2	perc_dis	0.0004279	0.894	n.s	0.974	-0.002097	None	None	" ../output/PIC_results/A13b_Taxa_vs_Disease_Zeros_Included/PIC_all_D_0__Bacteria___D_1__Spirochaetes___D_2__Spirochaetia___D_3__Spirochaetales___D_4__Spirochaetaceae___D_5__Spirochaeta_2_vs_perc_dis/"""	0.015640	-0.134		../output/GCMP_trait_table_with_abundances_and_adiv_and_metadata_zeros.tsv	../output/huang_roy_genus_tree.newick
56	A13b_Taxa_vs_Disease_Zeros_Included	all_D_0__Bacteria___D_1__Proteobacteria___D_2__Gammaproteobacteria___D_3__Betaproteobacteriales___D_4__Burkholderiaceae___D_5__Aquabacterium	perc_dis	0.02795	0.278	n.s	0.7497916666666666	-0.010602	None	None	" ../output/PIC_results/A13b_Taxa_vs_Disease_Zeros_Included/PIC_all_D_0__Bacteria___D_1__Proteobacteria___D_2__Gammaproteobacteria___D_3__Betaproteobacteriales___D_4__Burkholderiaceae___D_5__Aquabacterium_vs_perc_dis/"""	0.009648	-1.099		../output/GCMP_trait_table_with_abundances_and_adiv_and_metadata_zeros.tsv	../output/huang_roy_genus_tree.newick
57	A13b_Taxa_vs_Disease_Zeros_Included	tissue_D_0__Archaea___D_1__Thaumarchaeota___D_2__Nitrososphaeria___D_3__Nitrosopumilales___D_4__Nitrosopumilaceae___D_5__uncultured_archaeon	perc_dis	0.03033	0.282	n.s	0.7497916666666666	0.04445	None	None	" ../output/PIC_results/A13b_Taxa_vs_Disease_Zeros_Included/PIC_tissue_D_0__Archaea___D_1__Thaumarchaeota___D_2__Nitrososphaeria___D_3__Nitrosopumilales___D_4__Nitrosopumilaceae___D_5__uncultured_archaeon_vs_perc_dis/"""	0.04077	1.09		../output/GCMP_trait_table_with_abundances_and_adiv_and_metadata_zeros.tsv	../output/huang_roy_genus_tree.newick
58	A13b_Taxa_vs_Disease_Zeros_Included	tissue_D_0__Bacteria___D_1__Proteobacteria___D_2__Gammaproteobacteria___D_3__Oceanospirillales___D_4__Endozoicomonadaceae___D_5__Endozoicomonas	perc_dis	0.2415	0.00128	**	0.0366	0.011994	None	None	" ../output/PIC_results/A13b_Taxa_vs_Disease_Zeros_Included/PIC_tissue_D_0__Bacteria___D_1__Proteobacteria___D_2__Gammaproteobacteria___D_3__Oceanospirillales___D_4__Endozoicomonadaceae___D_5__Endozoicomonas_vs_perc_dis/"""	0.003448	3.479		../output/GCMP_trait_table_with_abundances_and_adiv_and_metadata_zeros.tsv	../output/huang_roy_genus_tree.newick
59	A13b_Taxa_vs_Disease_Zeros_Included	all_D_0__Bacteria___D_1__Proteobacteria___D_2__Deltaproteobacteria___D_3__Desulfobacterales___D_4__Desulfobacteraceae___D_5__Desulfobacter	perc_dis	0.07793	0.0665	.	0.45072222222222225	0.04033	None	None	" ../output/PIC_results/A13b_Taxa_vs_Disease_Zeros_Included/PIC_all_D_0__Bacteria___D_1__Proteobacteria___D_2__Deltaproteobacteria___D_3__Desulfobacterales___D_4__Desulfobacteraceae___D_5__Desulfobacter_vs_perc_dis/"""	0.02140	1.884		../output/GCMP_trait_table_with_abundances_and_adiv_and_metadata_zeros.tsv	../output/huang_roy_genus_tree.newick
60	A13b_Taxa_vs_Disease_Zeros_Included	mucus_D_0__Bacteria___D_1__Proteobacteria___D_2__Gammaproteobacteria___D_3__Pseudomonadales___D_4__Moraxellaceae___D_5__Enhydrobacter	perc_dis	0.1008	0.0459	*	0.45072222222222225	-0.08662	None	None	" ../output/PIC_results/A13b_Taxa_vs_Disease_Zeros_Included/PIC_mucus_D_0__Bacteria___D_1__Proteobacteria___D_2__Gammaproteobacteria___D_3__Pseudomonadales___D_4__Moraxellaceae___D_5__Enhydrobacter_vs_perc_dis/"""	0.04196	-2.064		../output/GCMP_trait_table_with_abundances_and_adiv_and_metadata_zeros.tsv	../output/huang_roy_genus_tree.newick
