Disease_Trait,Diversity_Trait,N_Microbes,Compartment,Package,Model,pVal,R_Squared,Adj_R_Squared,x_Trait_Slope_95CI,Intercept_95CI,Parameters,Estimated_Parameter_95CI,AIC,AICc,Minimum_AIC,Minimum_AICc
perc_dis,all_unweighted_unifrac_ordination_PC1,581844,all,caper,"pgls(x_trait~y_trait, data=comp.data)",0.810562137,0.001383434,-0.022393151,0.00137729347826598 + 1.96570981398469 - -1.95429018601531,0.00100282612291531 + 2.25064865749959 - -1.66935134250041,"lambda=1,delta=1,kappa=1",NA,-14.44165989,-14.14897696,,
perc_dis,all_unweighted_unifrac_ordination_PC1,581844,all,caper,"pgls(x_trait~y_trait, data=comp.data, lambda=ML,kappa=1,delta=1)",0.646915609,0.005042537,-0.018646926,3.917842408,0.00360900095236484 + 1.98492917374635 - -1.93507082625365,"lambda=ML,delta=1,kappa=1",1e-06 -/+ 0.918824546629361,-49.22241061,-48.92972769,,
perc_dis,all_unweighted_unifrac_ordination_PC1,581844,all,caper,"pgls(x_trait~y_trait, data=comp.data, lambda=1,kappa=1,delta=ML)",0.831685707,0.001087841,-0.022695782,0.00119990656581754 + 1.96561052863599 - -1.95438947136401,0.0019964531538934 + 2.08012648003907 - -1.83987351996093,"lambda=l,delta=ML,kappa=1",3 -/+ 2.01362106026126,-23.30675985,-23.01407693,,
perc_dis,all_unweighted_unifrac_ordination_PC1,581844,all,caper,"pgls(x_trait~y_trait, data=comp.data, lambda=1,kappa=ML,delta=1)",0.366200411,0.019481042,-0.003864647,0.00325741231989382 + 1.96356590685091 - -1.95643409314909,3.906664253,"lambda=1,delta=1,kappa=ML",1e-06 -/+ 0.353602607989098,-51.57524819,-51.28256526,Model_3k_AIC,Model_3k_AICc
perc_dis,all_weighted_unifrac_ordination_PC1,581844,all,caper,"pgls(x_trait~y_trait, data=comp.data)",0.773889734,0.001986694,-0.021775528,0.00451554184055404 + 1.97561665170814 - -1.94438334829186,3.903524846,"lambda=1,delta=1,kappa=1",NA,74.09965593,74.39233886,,
perc_dis,all_weighted_unifrac_ordination_PC1,581844,all,caper,"pgls(x_trait~y_trait, data=comp.data, lambda=ML,kappa=1,delta=1)",0.826662029,0.001154772,-0.022627257,3.917267674,0.0153872136682285 + 2.02609893129098 - -1.89390106870902,"lambda=ML,delta=1,kappa=1",1e-06 -/+ 0.359031198538617,36.58760595,36.88028888,,
perc_dis,all_weighted_unifrac_ordination_PC1,581844,all,caper,"pgls(x_trait~y_trait, data=comp.data, lambda=1,kappa=1,delta=ML)",0.780036244,0.001877439,-0.021887384,0.0043071311534593 + 1.97532401300975 - -1.94467598699025,3.9023084,"lambda=l,delta=ML,kappa=1",3 -/+ 2.02999645208876,65.11353956,65.40622249,,
perc_dis,all_weighted_unifrac_ordination_PC1,581844,all,caper,"pgls(x_trait~y_trait, data=comp.data, lambda=1,kappa=ML,delta=1)",0.288130435,0.026819902,0.003648947,0.011284545044203 + 1.97048883918988 - -1.94951116081012,3.853017162,"lambda=1,delta=1,kappa=ML",1e-06 -/+ 0.357519833421282,43.36736748,43.66005041,Model_3l_AIC,Model_3l_AICc
perc_bbd,all_unweighted_unifrac_ordination_PC1,581844,all,caper,"pgls(x_trait~y_trait, data=comp.data)",0.517281913,0.010052138,-0.013518049,3.800716033,0.0186981941297735 + 2.24932148710447 - -1.67067851289553,"lambda=1,delta=1,kappa=1",NA,-14.82527872,-14.5325958,,
perc_bbd,all_unweighted_unifrac_ordination_PC1,581844,all,caper,"pgls(x_trait~y_trait, data=comp.data, lambda=ML,kappa=1,delta=1)",0.024789837,0.114308188,0.093220287,3.708584072,0.0168510624821476 + 1.98104630246821 - -1.93895369753179,"lambda=ML,delta=1,kappa=1",1e-06 -/+ 0.643851978337275,-54.34097184,-54.04828891,,
perc_bbd,all_unweighted_unifrac_ordination_PC1,581844,all,caper,"pgls(x_trait~y_trait, data=comp.data, lambda=1,kappa=1,delta=ML)",0.424511038,0.015249687,-0.008196749,3.783615273,0.022948859523088 + 2.07930772705807 - -1.84069227294193,"lambda=l,delta=ML,kappa=1",3 -/+ 2.04247591626228,-23.93502381,-23.64234088,,
perc_bbd,all_unweighted_unifrac_ordination_PC1,581844,all,caper,"pgls(x_trait~y_trait, data=comp.data, lambda=1,kappa=ML,delta=1)",0.022840878,0.11733385,0.09631799,3.739046726,0.0108739435723607 + 2.03618973937386 - -1.88381026062614,"lambda=1,delta=1,kappa=ML",1e-06 -/+ 0.273257871585027,-56.20118544,-55.90850252,Model_3k_AIC,Model_3k_AICc
perc_bbd,all_weighted_unifrac_ordination_PC1,581844,all,caper,"pgls(x_trait~y_trait, data=comp.data)",0.843412261,0.000939691,-0.022847459,3.820220217,0.0104133857839851 + 2.75518387055587 - -1.16481612944413,"lambda=1,delta=1,kappa=1",NA,74.14579157,74.43847449,,
perc_bbd,all_weighted_unifrac_ordination_PC1,581844,all,caper,"pgls(x_trait~y_trait, data=comp.data, lambda=ML,kappa=1,delta=1)",0.048512337,0.089508827,0.067830465,3.424924222,0.053509992324117 + 2.0164692569679 - -1.9035307430321,"lambda=ML,delta=1,kappa=1",1e-06 -/+ 0.272292699784335,32.51251802,32.80520094,,
perc_bbd,all_weighted_unifrac_ordination_PC1,581844,all,caper,"pgls(x_trait~y_trait, data=comp.data, lambda=1,kappa=1,delta=ML)",0.720317291,0.00308389,-0.020652207,3.752418841,0.0183961304833489 + 2.28800106775718 - -1.63199893224282,"lambda=l,delta=ML,kappa=1",3 -/+ 2.0427018415215,65.06032366,65.35300659,,
perc_bbd,all_weighted_unifrac_ordination_PC1,581844,all,caper,"pgls(x_trait~y_trait, data=comp.data, lambda=1,kappa=ML,delta=1)",0.113849177,0.058453924,0.03603616,3.542905292,0.000353906311559442 + 2.1923313745379 - -1.7276686254621,"lambda=1,delta=1,kappa=ML",1e-06 -/+ 0.315141947357179,41.913349,42.20603192,Model_3l_AIC,Model_3l_AICc
perc_wd,all_unweighted_unifrac_ordination_PC1,581844,all,caper,"pgls(x_trait~y_trait, data=comp.data)",0.982417311,1.17E-05,-0.023797543,3.919436414,0.00610943021186345 + 2.25020932180997 - -1.66979067819003,"lambda=1,delta=1,kappa=1",NA,-14.38126155,-14.08857862,,
perc_wd,all_unweighted_unifrac_ordination_PC1,581844,all,caper,"pgls(x_trait~y_trait, data=comp.data, lambda=ML,kappa=1,delta=1)",0.176785982,0.043005103,0.02021951,3.879071893,0.0155101307181355 + 1.98411770550224 - -1.93588229449776,"lambda=ML,delta=1,kappa=1",1e-06 -/+ 0.855972933889946,-50.93409536,-50.64141243,,
perc_wd,all_unweighted_unifrac_ordination_PC1,581844,all,caper,"pgls(x_trait~y_trait, data=comp.data, lambda=1,kappa=1,delta=ML)",0.954951873,7.69E-05,-0.023730809,3.918541911,0.00682860127763497 + 2.07869271536431 - -1.84130728463569,"lambda=l,delta=ML,kappa=1",3 -/+ 2.01560566844134,-23.26225186,-22.96956893,,
perc_wd,all_unweighted_unifrac_ordination_PC1,581844,all,caper,"pgls(x_trait~y_trait, data=comp.data, lambda=1,kappa=ML,delta=1)",0.949756669,9.57E-05,-0.023711582,3.918358523,3.919620961,"lambda=1,delta=1,kappa=ML",0.0190756072413516 -/+ 0.373312417600449,-50.72150468,-50.42882176,Model_3l_AIC,Model_3l_AICc
perc_wd,all_weighted_unifrac_ordination_PC1,581844,all,caper,"pgls(x_trait~y_trait, data=comp.data)",0.799597145,0.001551673,-0.022220906,3.902245087,0.00470703177513191 + 2.75336653596438 - -1.16663346403562,"lambda=1,delta=1,kappa=1",NA,74.11883077,74.4115137,,
perc_wd,all_weighted_unifrac_ordination_PC1,581844,all,caper,"pgls(x_trait~y_trait, data=comp.data, lambda=ML,kappa=1,delta=1)",0.304096481,0.025125698,0.001914405,3.837213324,0.0444635389172825 + 2.02441621436955 - -1.89558378563045,"lambda=ML,delta=1,kappa=1",1e-06 -/+ 0.323523311119456,35.51878882,35.81147175,,
perc_wd,all_weighted_unifrac_ordination_PC1,581844,all,caper,"pgls(x_trait~y_trait, data=comp.data, lambda=1,kappa=1,delta=ML)",0.787378305,0.001751275,-0.022016552,3.900985614,0.00391763615242623 + 2.28404146405748 - -1.63595853594252,"lambda=l,delta=ML,kappa=1",3 -/+ 2.03172264255639,65.11910085,65.41178378,,
perc_wd,all_weighted_unifrac_ordination_PC1,581844,all,caper,"pgls(x_trait~y_trait, data=comp.data, lambda=1,kappa=ML,delta=1)",0.969006585,3.64E-05,-0.023772284,3.916999545,3.895936772,"lambda=1,delta=1,kappa=ML",1e-06 -/+ 0.389356923257879,44.5619562,44.85463913,Model_3l_AIC,Model_3l_AICc
perc_dis,mucus_weighted_unifrac_ordination_PC1,581844,mucus,caper,"pgls(x_trait~y_trait, data=comp.data)",0.886255421,0.000545445,-0.025755991,3.91761157,0.0178590804575136 + 2.76075735310722 - -1.15924264689278,"lambda=1,delta=1,kappa=1",NA,72.26841701,72.59274133,,
perc_dis,mucus_weighted_unifrac_ordination_PC1,581844,mucus,caper,"pgls(x_trait~y_trait, data=comp.data, lambda=ML,kappa=1,delta=1)",0.539592919,0.009983356,-0.016069714,3.914229674,3.908721964,"lambda=ML,delta=1,kappa=1",1e-06 -/+ 0.545257690198167,9.142885967,9.467210291,,
perc_dis,mucus_weighted_unifrac_ordination_PC1,581844,mucus,caper,"pgls(x_trait~y_trait, data=comp.data, lambda=1,kappa=1,delta=ML)",0.8801574,0.000605935,-0.025693908,3.917562399,0.015469356144073 + 2.28801007456538 - -1.63198992543462,"lambda=l,delta=ML,kappa=1",3 -/+ 2.11424321748798,62.44895208,62.7732764,,
perc_dis,mucus_weighted_unifrac_ordination_PC1,581844,mucus,caper,"pgls(x_trait~y_trait, data=comp.data, lambda=1,kappa=ML,delta=1)",0.821302984,0.001359405,-0.02492061,0.00179620603113638 + 1.96789758779 - -1.95210241221,0.00962058560199868 + 2.13561661807834 - -1.78438338192166,"lambda=1,delta=1,kappa=ML",1e-06 -/+ 0.150041955416667,14.82303774,15.14736207,Model_3l_AIC,Model_3l_AICc
perc_dis,mucus_unweighted_unifrac_ordination_PC1,581844,mucus,caper,"pgls(x_trait~y_trait, data=comp.data)",0.549542636,0.009503924,-0.016561762,3.915508475,0.0376553573953849 + 2.31912945987658 - -1.60087054012342,"lambda=1,delta=1,kappa=1",NA,8.118414185,8.44273851,,
perc_dis,mucus_unweighted_unifrac_ordination_PC1,581844,mucus,caper,"pgls(x_trait~y_trait, data=comp.data, lambda=ML,kappa=1,delta=1)",0.286246042,0.029866372,0.00433654,3.915062644,0.00412947639273314 + 1.98517893289968 - -1.93482106710032,"lambda=ML,delta=1,kappa=1",1e-06 -/+ 0.787648389664349,-47.97308432,-47.64876,,
perc_dis,mucus_unweighted_unifrac_ordination_PC1,581844,mucus,caper,"pgls(x_trait~y_trait, data=comp.data, lambda=1,kappa=1,delta=ML)",0.541610065,0.009884864,-0.016170798,3.915552315,0.0324850692634431 + 2.10748937314462 - -1.81251062685538,"lambda=l,delta=ML,kappa=1",3 -/+ 2.09334797835787,-1.494103628,-1.169779303,,
perc_dis,mucus_unweighted_unifrac_ordination_PC1,581844,mucus,caper,"pgls(x_trait~y_trait, data=comp.data, lambda=1,kappa=ML,delta=1)",0.468008984,0.013945,-0.012003815,3.917208477,0.0472551760611824 + 2.04467631155521 - -1.87532368844479,"lambda=1,delta=1,kappa=ML",1e-06 -/+ 0.21000113609624,-43.53435625,-43.21003192,Model_3l_AIC,Model_3l_AICc
perc_bbd,mucus_unweighted_unifrac_ordination_PC1,581844,mucus,caper,"pgls(x_trait~y_trait, data=comp.data)",0.864652352,0.000774428,-0.025520982,0.0399698909052602 + 2.19290698524514 - -1.72709301475486,0.0170270743753848 + 2.32053062566251 - -1.59946937433749,"lambda=1,delta=1,kappa=1",NA,8.469400054,8.793724379,,
perc_bbd,mucus_unweighted_unifrac_ordination_PC1,581844,mucus,caper,"pgls(x_trait~y_trait, data=comp.data, lambda=ML,kappa=1,delta=1)",0.515197649,0.01122857,-0.01479173,3.85847623,3.914376131,"lambda=ML,delta=1,kappa=1",1e-06 -/+ 0.762425343007381,-47.21190953,-46.8875852,,
perc_bbd,mucus_unweighted_unifrac_ordination_PC1,581844,mucus,caper,"pgls(x_trait~y_trait, data=comp.data, lambda=1,kappa=1,delta=ML)",0.917160103,0.000288424,-0.026019775,0.0223677106992033 + 2.17362467984026 - -1.74637532015974,0.0131266889975254 + 2.10798513871054 - -1.81201486128946,"lambda=l,delta=ML,kappa=1",3 -/+ 2.08998224481049,-1.108280519,-0.783956195,,
perc_bbd,mucus_unweighted_unifrac_ordination_PC1,581844,mucus,caper,"pgls(x_trait~y_trait, data=comp.data, lambda=1,kappa=ML,delta=1)",0.82611406,0.001286066,-0.02499588,0.0187856731461747 + 2.04492272010831 - -1.87507727989169,0.0355509222455876 + 2.04417284206859 - -1.87582715793141,"lambda=1,delta=1,kappa=ML",1e-06 -/+ 0.208722222399889,-43.02410617,-42.69978185,Model_3l_AIC,Model_3l_AICc
perc_bbd,mucus_weighted_unifrac_ordination_PC1,581844,mucus,caper,"pgls(x_trait~y_trait, data=comp.data)",0.962761197,5.81E-05,-0.026256137,3.895694226,0.011735834384084 + 2.76055749443794 - -1.15944250556206,"lambda=1,delta=1,kappa=1",NA,72.28791578,72.61224011,,
perc_bbd,mucus_weighted_unifrac_ordination_PC1,581844,mucus,caper,"pgls(x_trait~y_trait, data=comp.data, lambda=ML,kappa=1,delta=1)",0.272368611,0.031612961,0.006129091,3.711324142,3.910796929,"lambda=ML,delta=1,kappa=1",1e-06 -/+ 0.448788187688837,8.259289398,8.583613723,,
perc_bbd,mucus_weighted_unifrac_ordination_PC1,581844,mucus,caper,"pgls(x_trait~y_trait, data=comp.data, lambda=1,kappa=1,delta=ML)",0.913457724,0.000314881,-0.025992622,3.868265522,0.0126298878136209 + 2.28757690642052 - -1.63242309357948,"lambda=l,delta=ML,kappa=1",3 -/+ 2.11528974136637,62.46059961,62.78492394,,
perc_bbd,mucus_weighted_unifrac_ordination_PC1,581844,mucus,caper,"pgls(x_trait~y_trait, data=comp.data, lambda=1,kappa=ML,delta=1)",0.952848314,9.32E-05,-0.026220112,3.909576588,0.0170439184591847 + 2.13357246503113 - -1.78642753496887,"lambda=1,delta=1,kappa=ML",1e-06 -/+ 0.151336988379794,14.8737218,15.19804612,Model_3l_AIC,Model_3l_AICc
perc_wd,mucus_unweighted_unifrac_ordination_PC1,581844,mucus,caper,"pgls(x_trait~y_trait, data=comp.data)",0.800876849,0.001694705,-0.024576487,0.00803020693871579 + 1.991616919871 - -1.928383080129,0.0190102558465939 + 2.31962370653837 - -1.60037629346163,"lambda=1,delta=1,kappa=1",NA,8.432543451,8.756867776,,
perc_wd,mucus_unweighted_unifrac_ordination_PC1,581844,mucus,caper,"pgls(x_trait~y_trait, data=comp.data, lambda=ML,kappa=1,delta=1)",0.277327266,0.030976615,0.005476,3.887379586,0.00409146442595883 + 1.98499222546083 - -1.93500777453917,"lambda=ML,delta=1,kappa=1",1e-06 -/+ 0.707007103185465,-48.01888743,-47.69456311,,
perc_wd,mucus_unweighted_unifrac_ordination_PC1,581844,mucus,caper,"pgls(x_trait~y_trait, data=comp.data, lambda=1,kappa=1,delta=ML)",0.819344306,0.001389874,-0.024889339,0.00727807726830393 + 1.99164718295646 - -1.92835281704354,0.0135616120980266 + 2.10595131641541 - -1.81404868358459,"lambda=l,delta=ML,kappa=1",3 -/+ 2.09054460848463,-1.152375546,-0.828051222,,
perc_wd,mucus_unweighted_unifrac_ordination_PC1,581844,mucus,caper,"pgls(x_trait~y_trait, data=comp.data, lambda=1,kappa=ML,delta=1)",0.696319344,0.004053495,-0.022155623,0.010499940835417 + 1.98669919801369 - -1.93330080198631,0.0348949296899565 + 2.04401158541104 - -1.87598841458896,"lambda=1,delta=1,kappa=ML",1e-06 -/+ 0.206263945903137,-43.13509975,-42.81077543,Model_3l_AIC,Model_3l_AICc
perc_wd,mucus_weighted_unifrac_ordination_PC1,581844,mucus,caper,"pgls(x_trait~y_trait, data=comp.data)",0.554862306,0.009254079,-0.016818182,0.0416524958319164 + 2.02991393953429 - -1.89008606046571,3.917384842,"lambda=1,delta=1,kappa=1",NA,71.91835419,72.24267851,,
perc_wd,mucus_weighted_unifrac_ordination_PC1,581844,mucus,caper,"pgls(x_trait~y_trait, data=comp.data, lambda=ML,kappa=1,delta=1)",0.572292647,0.008466097,-0.017626901,3.885527482,3.906911706,"lambda=ML,delta=1,kappa=1",1e-06 -/+ 0.523169170619542,9.204141409,9.528465733,,
perc_wd,mucus_weighted_unifrac_ordination_PC1,581844,mucus,caper,"pgls(x_trait~y_trait, data=comp.data, lambda=1,kappa=1,delta=ML)",0.576048842,0.008302285,-0.017795024,0.0393757288052611 + 2.02981160963112 - -1.89018839036888,3.914007775,"lambda=l,delta=ML,kappa=1",3 -/+ 2.11020335430713,62.13971922,62.46404354,,
perc_wd,mucus_weighted_unifrac_ordination_PC1,581844,mucus,caper,"pgls(x_trait~y_trait, data=comp.data, lambda=1,kappa=ML,delta=1)",0.882103144,0.000586281,-0.02571408,0.00822952400484892 + 2.0151191488656 - -1.9048808511344,0.0149013294084576 + 2.13343768454515 - -1.78656231545485,"lambda=1,delta=1,kappa=ML",1e-06 -/+ 0.151440969133088,14.85399282,15.17831714,Model_3l_AIC,Model_3l_AICc
perc_dis,tissue_weighted_unifrac_ordination_PC1,581844,tissue,caper,"pgls(x_trait~y_trait, data=comp.data)",0.125714844,0.060599862,0.035878805,3.898315433,0.0590619062676873 + 2.6511286362895 - -1.2688713637105,"lambda=1,delta=1,kappa=1",NA,60.8036065,61.12793083,,
perc_dis,tissue_weighted_unifrac_ordination_PC1,581844,tissue,caper,"pgls(x_trait~y_trait, data=comp.data, lambda=ML,kappa=1,delta=1)",0.390638003,0.01945816,-0.006345572,3.907018937,0.0366538108786407 + 2.04303787546743 - -1.87696212453257,"lambda=ML,delta=1,kappa=1",1e-06 -/+ 0.860668003576183,47.20048335,47.52480767,,
perc_dis,tissue_weighted_unifrac_ordination_PC1,581844,tissue,caper,"pgls(x_trait~y_trait, data=comp.data, lambda=1,kappa=1,delta=ML)",0.138252719,0.056902536,0.032084182,3.898943809,0.0513668221287293 + 2.25248281283963 - -1.66751718716037,"lambda=l,delta=ML,kappa=1",3 -/+ 1.76816601905319,53.71453466,54.03885899,,
perc_dis,tissue_weighted_unifrac_ordination_PC1,581844,tissue,caper,"pgls(x_trait~y_trait, data=comp.data, lambda=1,kappa=ML,delta=1)",0.064048427,0.087375855,0.06335943,3.895536849,0.0865779567832117 + 2.34298057556353 - -1.57701942443647,"lambda=1,delta=1,kappa=ML",0.39989034518536 -/+ 0.820986124468593,52.29373396,52.61805828,Model_3l_AIC,Model_3l_AICc
perc_dis,tissue_unweighted_unifrac_ordination_PC1,581844,tissue,caper,"pgls(x_trait~y_trait, data=comp.data)",0.229326221,0.0377964,0.012475252,3.911678473,0.0286046868374568 + 2.2998834058927 - -1.6201165941073,"lambda=1,delta=1,kappa=1",NA,4.025740015,4.350064339,,
perc_dis,tissue_unweighted_unifrac_ordination_PC1,581844,tissue,caper,"pgls(x_trait~y_trait, data=comp.data, lambda=ML,kappa=1,delta=1)",0.58800982,0.007794383,-0.018316291,3.916738836,0.0181089541545533 + 1.99315632108862 - -1.92684367891138,"lambda=ML,delta=1,kappa=1",1e-06 -/+ 0.788299956827585,-26.24459303,-25.92026871,,
perc_dis,tissue_unweighted_unifrac_ordination_PC1,581844,tissue,caper,"pgls(x_trait~y_trait, data=comp.data, lambda=1,kappa=1,delta=ML)",0.245411691,0.035335588,0.009949683,3.912051206,0.0225175280855675 + 2.10170699142861 - -1.81829300857139,"lambda=l,delta=ML,kappa=1",3 -/+ 1.94243417233336,-4.257018959,-3.932694635,,
perc_dis,tissue_unweighted_unifrac_ordination_PC1,581844,tissue,caper,"pgls(x_trait~y_trait, data=comp.data, lambda=1,kappa=ML,delta=1)",0.103386574,0.068278889,0.043759912,3.911307131,0.0397934811421236 + 2.09643645479653 - -1.82356354520347,"lambda=1,delta=1,kappa=ML",0.220440039812042 -/+ 0.567761243449828,-18.9540997,-18.62977537,Model_3l_AIC,Model_3l_AICc
perc_bbd,tissue_unweighted_unifrac_ordination_PC1,581844,tissue,caper,"pgls(x_trait~y_trait, data=comp.data)",0.176641731,0.04751141,0.022445921,0.300163788987986 + 2.17802055030113 - -1.74197944969887,3.886220255,"lambda=1,delta=1,kappa=1",NA,3.619822283,3.944146607,,
perc_bbd,tissue_unweighted_unifrac_ordination_PC1,581844,tissue,caper,"pgls(x_trait~y_trait, data=comp.data, lambda=ML,kappa=1,delta=1)",0.015134887,0.145561278,0.123076049,0.288385533811894 + 2.07334417446486 - -1.84665582553514,3.897689296,"lambda=ML,delta=1,kappa=1",0.00471332502950647 -/+ 0.697650089303296,-32.14364233,-31.819318,,
perc_bbd,tissue_unweighted_unifrac_ordination_PC1,581844,tissue,caper,"pgls(x_trait~y_trait, data=comp.data, lambda=1,kappa=1,delta=ML)",0.145137363,0.055023117,0.030155304,0.300801655642706 + 2.16222107806689 - -1.75777892193311,3.876608158,"lambda=l,delta=ML,kappa=1",3 -/+ 1.99410883533262,-5.08181162,-4.757487295,,
perc_bbd,tissue_unweighted_unifrac_ordination_PC1,581844,tissue,caper,"pgls(x_trait~y_trait, data=comp.data, lambda=1,kappa=ML,delta=1)",0.006658678,0.178218963,0.156593146,0.32490759871643 + 2.07317986509881 - -1.84682013490119,3.908824683,"lambda=1,delta=1,kappa=ML",0.090766283063454 -/+ 0.472915706915005,-23.39772875,-23.07340443,Model_3l_AIC,Model_3l_AICc
perc_bbd,tissue_weighted_unifrac_ordination_PC1,581844,tissue,caper,"pgls(x_trait~y_trait, data=comp.data)",0.197739034,0.043269724,0.018092611,0.58950637605014 + 2.40967568470754 - -1.51032431529246,3.837097211,"lambda=1,delta=1,kappa=1",NA,61.534806,61.85913033,,
perc_bbd,tissue_weighted_unifrac_ordination_PC1,581844,tissue,caper,"pgls(x_trait~y_trait, data=comp.data, lambda=ML,kappa=1,delta=1)",0.048295073,0.098748062,0.075030906,0.597505628933142 + 2.25282558334383 - -1.66717441665617,3.854847567,"lambda=ML,delta=1,kappa=1",1e-06 -/+ 0.715397354198184,43.82766423,44.15198855,,
perc_bbd,tissue_weighted_unifrac_ordination_PC1,581844,tissue,caper,"pgls(x_trait~y_trait, data=comp.data, lambda=1,kappa=1,delta=ML)",0.164990682,0.050103839,0.025106571,0.599186528412168 + 2.38322645669232 - -1.53677354330768,3.820799353,"lambda=l,delta=ML,kappa=1",3 -/+ 1.83912447582127,54.00185635,54.32618067,,
perc_bbd,tissue_weighted_unifrac_ordination_PC1,581844,tissue,caper,"pgls(x_trait~y_trait, data=comp.data, lambda=1,kappa=ML,delta=1)",0.047247953,0.099632941,0.075939071,0.654757119275714 + 2.27929840864143 - -1.64070159135857,3.874426774,"lambda=1,delta=1,kappa=ML",0.321071760322559 -/+ 0.776382511869035,51.97642473,52.30074905,Model_3l_AIC,Model_3l_AICc
perc_wd,tissue_unweighted_unifrac_ordination_PC1,581844,tissue,caper,"pgls(x_trait~y_trait, data=comp.data)",0.887612164,0.000532427,-0.025769351,3.911602891,0.000625721740620341 + 2.30586202587281 - -1.61413797412719,"lambda=1,delta=1,kappa=1",NA,5.545605566,5.86992989,,
perc_wd,tissue_unweighted_unifrac_ordination_PC1,581844,tissue,caper,"pgls(x_trait~y_trait, data=comp.data, lambda=ML,kappa=1,delta=1)",0.997997169,1.68E-07,-0.026315617,3.919873519,0.00756622537289075 + 1.99370687721772 - -1.92629312278228,"lambda=ML,delta=1,kappa=1",1e-06 -/+ 0.660212552184042,-25.93160302,-25.6072787,,
perc_wd,tissue_unweighted_unifrac_ordination_PC1,581844,tissue,caper,"pgls(x_trait~y_trait, data=comp.data, lambda=1,kappa=1,delta=ML)",0.884059502,0.000566854,-0.025734019,3.911419101,3.915802456,"lambda=l,delta=ML,kappa=1",3 -/+ 1.95660334563349,-2.840699625,-2.5163753,,
perc_wd,tissue_unweighted_unifrac_ordination_PC1,581844,tissue,caper,"pgls(x_trait~y_trait, data=comp.data, lambda=1,kappa=ML,delta=1)",0.741679162,0.002893041,-0.023346616,3.903548936,0.0107495150201215 + 2.1015773682865 - -1.8184226317135,"lambda=1,delta=1,kappa=ML",0.234102175683684 -/+ 0.584067269037181,-16.25237938,-15.92805505,Model_3l_AIC,Model_3l_AICc
perc_wd,tissue_weighted_unifrac_ordination_PC1,581844,tissue,caper,"pgls(x_trait~y_trait, data=comp.data)",0.906338403,0.000369058,-0.025937019,0.0143874635413552 + 2.08146881082768 - -1.83853118917232,3.896157993,"lambda=1,delta=1,kappa=1",NA,63.28939177,63.61371609,,
perc_wd,tissue_weighted_unifrac_ordination_PC1,581844,tissue,caper,"pgls(x_trait~y_trait, data=comp.data, lambda=ML,kappa=1,delta=1)",0.694154148,0.004114461,-0.022093054,0.0498641245299242 + 2.08584752010883 - -1.83415247989117,3.894386911,"lambda=ML,delta=1,kappa=1",1e-06 -/+ 0.674115605924868,47.82156391,48.14588824,,
perc_wd,tissue_weighted_unifrac_ordination_PC1,581844,tissue,caper,"pgls(x_trait~y_trait, data=comp.data, lambda=1,kappa=1,delta=ML)",0.915593419,0.000299476,-0.026008432,0.0130195920734484 + 2.08202795749307 - -1.83797204250693,3.889653561,"lambda=l,delta=ML,kappa=1",3 -/+ 1.79483023249687,56.04597967,56.370304,,
perc_wd,tissue_weighted_unifrac_ordination_PC1,581844,tissue,caper,"pgls(x_trait~y_trait, data=comp.data, lambda=1,kappa=ML,delta=1)",0.805428597,0.001616607,-0.02465664,3.889970787,0.00259020145383074 + 2.36815877964769 - -1.55184122035231,"lambda=1,delta=1,kappa=ML",0.430451770581682 -/+ 0.855603885547862,55.85692829,56.18125261,Model_3l_AIC,Model_3l_AICc
perc_dis,skeleton_unweighted_unifrac_ordination_PC1,581844,skeleton,caper,"pgls(x_trait~y_trait, data=comp.data)",0.860957037,0.000776335,-0.024204256,3.918927866,0.00939139051646101 + 2.26371447583466 - -1.65628552416534,"lambda=1,delta=1,kappa=1",NA,-7.743527913,-7.435835606,,
perc_dis,skeleton_unweighted_unifrac_ordination_PC1,581844,skeleton,caper,"pgls(x_trait~y_trait, data=comp.data, lambda=ML,kappa=1,delta=1)",0.44766097,0.014489254,-0.010148515,0.00430084123131573 + 1.96560829811752 - -1.95439170188248,3.904977272,"lambda=ML,delta=1,kappa=1",1e-06 -/+ 0.590220807111007,-32.14804191,-31.8403496,,
perc_dis,skeleton_unweighted_unifrac_ordination_PC1,581844,skeleton,caper,"pgls(x_trait~y_trait, data=comp.data, lambda=1,kappa=1,delta=ML)",0.89958995,0.000402955,-0.024586971,3.919234824,0.00824999461098325 + 2.08683072326287 - -1.83316927673713,"lambda=l,delta=ML,kappa=1",3 -/+ 1.91549093179009,-15.81201326,-15.50432096,,
perc_dis,skeleton_unweighted_unifrac_ordination_PC1,581844,skeleton,caper,"pgls(x_trait~y_trait, data=comp.data, lambda=1,kappa=ML,delta=1)",0.727612966,0.003066291,-0.021857052,3.918408848,0.0233056289212624 + 2.06526645758955 - -1.85473354241044,"lambda=1,delta=1,kappa=ML",0.0392959035741345 -/+ 0.494354132678649,-30.08927916,-29.78158685,Model_3l_AIC,Model_3l_AICc
perc_dis,skeleton_weighted_unifrac_ordination_PC1,581844,skeleton,caper,"pgls(x_trait~y_trait, data=comp.data)",0.714356221,0.003385484,-0.021529879,3.912393873,0.0201803909517785 + 2.99044954140722 - -0.929550458592775,"lambda=1,delta=1,kappa=1",NA,94.87611353,95.18380584,,
perc_dis,skeleton_weighted_unifrac_ordination_PC1,581844,skeleton,caper,"pgls(x_trait~y_trait, data=comp.data, lambda=ML,kappa=1,delta=1)",0.247336811,0.033309295,0.009142028,3.902512286,0.0651849072966355 + 2.04079168408301 - -1.87920831591699,"lambda=ML,delta=1,kappa=1",1e-06 -/+ 0.777735144941621,49.9058947,50.21358701,,
perc_dis,skeleton_weighted_unifrac_ordination_PC1,581844,skeleton,caper,"pgls(x_trait~y_trait, data=comp.data, lambda=1,kappa=1,delta=ML)",0.692453803,0.003952387,-0.020948803,3.911985297,0.0159357800028044 + 2.38342532226995 - -1.53657467773005,"lambda=l,delta=ML,kappa=1",3 -/+ 2.07589855211417,85.45199049,85.7596828,,
perc_dis,skeleton_weighted_unifrac_ordination_PC1,581844,skeleton,caper,"pgls(x_trait~y_trait, data=comp.data, lambda=1,kappa=ML,delta=1)",0.56909239,0.00817337,-0.016622296,3.913174562,3.911439218,"lambda=1,delta=1,kappa=ML",1e-06 -/+ 0.238332936454182,51.40860212,51.71629442,Model_3l_AIC,Model_3l_AICc
perc_bbd,skeleton_unweighted_unifrac_ordination_PC1,581844,skeleton,caper,"pgls(x_trait~y_trait, data=comp.data)",0.289766087,0.027970602,0.003669867,0.202917131046746 + 2.14913744242632 - -1.77086255757368,3.903738665,"lambda=1,delta=1,kappa=1",NA,-8.902416829,-8.594724521,,
perc_bbd,skeleton_unweighted_unifrac_ordination_PC1,581844,skeleton,caper,"pgls(x_trait~y_trait, data=comp.data, lambda=ML,kappa=1,delta=1)",0.013395389,0.143414405,0.121999765,0.278084304901134 + 2.06745718942338 - -1.85254281057662,3.89103498,"lambda=ML,delta=1,kappa=1",1e-06 -/+ 0.378656611454565,-38.0366848,-37.72899249,,
perc_bbd,skeleton_unweighted_unifrac_ordination_PC1,581844,skeleton,caper,"pgls(x_trait~y_trait, data=comp.data, lambda=1,kappa=1,delta=ML)",0.237485796,0.03470726,0.010574942,0.211842791073921 + 2.13664569147597 - -1.78335430852403,3.899616427,"lambda=l,delta=ML,kappa=1",3 -/+ 1.9569598398534,-17.2786881,-16.9709958,,
perc_bbd,skeleton_unweighted_unifrac_ordination_PC1,581844,skeleton,caper,"pgls(x_trait~y_trait, data=comp.data, lambda=1,kappa=ML,delta=1)",0.024406862,0.120333615,0.098341956,0.222805985028831 + 2.05524942723442 - -1.86475057276558,0.00367995543176083 + 2.0547573173785 - -1.8652426826215,"lambda=1,delta=1,kappa=ML",1e-06 -/+ 0.381293229140468,-35.31945582,-35.01176352,Model_3l_AIC,Model_3l_AICc
perc_bbd,skeleton_weighted_unifrac_ordination_PC1,581844,skeleton,caper,"pgls(x_trait~y_trait, data=comp.data)",0.63358084,0.005735804,-0.019120801,3.607827998,0.0260650925030665 + 2.98887736239171 - -0.931122637608286,"lambda=1,delta=1,kappa=1",NA,94.77694777,95.08464007,,
perc_bbd,skeleton_weighted_unifrac_ordination_PC1,581844,skeleton,caper,"pgls(x_trait~y_trait, data=comp.data, lambda=ML,kappa=1,delta=1)",0.078945716,0.075152005,0.052030805,3.380153507,0.0637348108784039 + 2.03103406951482 - -1.88896593048518,"lambda=ML,delta=1,kappa=1",1e-06 -/+ 0.650171579977208,48.04742832,48.35512063,,
perc_bbd,skeleton_weighted_unifrac_ordination_PC1,581844,skeleton,caper,"pgls(x_trait~y_trait, data=comp.data, lambda=1,kappa=1,delta=ML)",0.57490306,0.007930903,-0.016870825,3.581319941,0.0277160351129692 + 2.38242331427966 - -1.53757668572034,"lambda=l,delta=ML,kappa=1",3 -/+ 2.08359520864741,85.28389385,85.59158616,,
perc_bbd,skeleton_weighted_unifrac_ordination_PC1,581844,skeleton,caper,"pgls(x_trait~y_trait, data=comp.data, lambda=1,kappa=ML,delta=1)",0.134125604,0.055221252,0.031601784,3.52085874,3.912087718,"lambda=1,delta=1,kappa=ML",1e-06 -/+ 0.210298446647797,49.36750486,49.67519717,Model_3l_AIC,Model_3l_AICc
perc_wd,skeleton_unweighted_unifrac_ordination_PC1,581844,skeleton,caper,"pgls(x_trait~y_trait, data=comp.data)",0.583876494,0.007565742,-0.017245115,0.0281073897162273 + 2.01089974908534 - -1.90910025091466,3.91779692,"lambda=1,delta=1,kappa=1",NA,-8.029878464,-7.722186156,,
perc_wd,skeleton_unweighted_unifrac_ordination_PC1,581844,skeleton,caper,"pgls(x_trait~y_trait, data=comp.data, lambda=ML,kappa=1,delta=1)",0.883769132,0.000540882,-0.024445596,0.00694743438080615 + 2.0072199557092 - -1.9127800442908,3.915638187,"lambda=ML,delta=1,kappa=1",1e-06 -/+ 0.719825097633249,-31.5577647,-31.2500724,,
perc_wd,skeleton_unweighted_unifrac_ordination_PC1,581844,skeleton,caper,"pgls(x_trait~y_trait, data=comp.data, lambda=1,kappa=1,delta=ML)",0.604564211,0.006765449,-0.018065415,0.0264254545147549 + 2.01062558552822 - -1.90937441447178,3.917380585,"lambda=l,delta=ML,kappa=1",3 -/+ 1.91318153959764,-16.08020015,-15.77250784,,
perc_wd,skeleton_unweighted_unifrac_ordination_PC1,581844,skeleton,caper,"pgls(x_trait~y_trait, data=comp.data, lambda=1,kappa=ML,delta=1)",0.900628403,0.000394622,-0.024595512,0.00540877168720903 + 2.00304197684243 - -1.91695802315757,0.0159786208778691 + 2.06524405311314 - -1.85475594688686,"lambda=1,delta=1,kappa=ML",0.0504804196259432 -/+ 0.506806548842751,-29.97589997,-29.66820766,Model_3l_AIC,Model_3l_AICc
perc_wd,skeleton_weighted_unifrac_ordination_PC1,581844,skeleton,caper,"pgls(x_trait~y_trait, data=comp.data)",0.966937499,4.35E-05,-0.024955422,0.00723974174022345 + 2.13357385655046 - -1.78642614344954,3.910600045,"lambda=1,delta=1,kappa=1",NA,95.01671842,95.32441073,,
perc_wd,skeleton_weighted_unifrac_ordination_PC1,581844,skeleton,caper,"pgls(x_trait~y_trait, data=comp.data, lambda=ML,kappa=1,delta=1)",0.905307302,0.00035817,-0.024632875,0.0151613482751071 + 2.08664416303099 - -1.83335583696901,0.00459241066305822 + 2.04394267238434 - -1.87605732761566,"lambda=ML,delta=1,kappa=1",1e-06 -/+ 0.842442889155134,51.31366962,51.62136192,,
perc_wd,skeleton_weighted_unifrac_ordination_PC1,581844,skeleton,caper,"pgls(x_trait~y_trait, data=comp.data, lambda=1,kappa=1,delta=ML)",0.956890013,7.40E-05,-0.024924182,0.009241112425072 + 2.12988415607663 - -1.79011584392337,3.903624231,"lambda=l,delta=ML,kappa=1",3 -/+ 2.07350555292182,85.61521285,85.92290516,,
perc_wd,skeleton_weighted_unifrac_ordination_PC1,581844,skeleton,caper,"pgls(x_trait~y_trait, data=comp.data, lambda=1,kappa=ML,delta=1)",0.698046361,0.003802866,-0.021102063,0.0442810510786016 + 2.07331961045827 - -1.84668038954173,3.877525432,"lambda=1,delta=1,kappa=ML",1e-06 -/+ 0.233580403039086,51.59326939,51.90096169,Model_3l_AIC,Model_3l_AICc
perc_dis,all_weighted_unifrac_ordination_PC2,581844,all,caper,"pgls(x_trait~y_trait, data=comp.data)",0.461410042,0.012985447,-0.010514899,0.00578784447862439 + 1.9677861995527 - -1.9522138004473,3.861365631,"lambda=1,delta=1,kappa=1",NA,12.85298617,13.1456691,,
perc_dis,all_weighted_unifrac_ordination_PC2,581844,all,caper,"pgls(x_trait~y_trait, data=comp.data, lambda=ML,kappa=1,delta=1)",0.260702434,0.030019527,0.006924754,0.00701043046076808 + 1.96614893086561 - -1.95385106913439,3.861716623,"lambda=ML,delta=1,kappa=1",1e-06 -/+ 0.295884857773992,-25.13460576,-24.84192283,,
perc_dis,all_weighted_unifrac_ordination_PC2,581844,all,caper,"pgls(x_trait~y_trait, data=comp.data, lambda=1,kappa=1,delta=ML)",0.447983872,0.013776466,-0.009705046,0.00586171005120358 + 1.96765276630243 - -1.95234723369757,3.861009936,"lambda=l,delta=ML,kappa=1",3 -/+ 2.01478560794754,4.010397666,4.303080593,,
perc_dis,all_weighted_unifrac_ordination_PC2,581844,all,caper,"pgls(x_trait~y_trait, data=comp.data, lambda=1,kappa=ML,delta=1)",0.190671377,0.040418943,0.017571775,0.00817437783898284 + 1.96614579998016 - -1.95385420001984,3.874762343,"lambda=1,delta=1,kappa=ML",0.00947302907784096 -/+ 0.471015027355947,-3.840300757,-3.54761783,Model_3l_AIC,Model_3l_AICc
perc_dis,all_unweighted_unifrac_ordination_PC2,581844,all,caper,"pgls(x_trait~y_trait, data=comp.data)",0.499339751,0.010934984,-0.012614183,3.918485925,0.0097632162696681 + 2.07310258526812 - -1.84689741473188,"lambda=1,delta=1,kappa=1",NA,-97.49781409,-97.20513116,,
perc_dis,all_unweighted_unifrac_ordination_PC2,581844,all,caper,"pgls(x_trait~y_trait, data=comp.data, lambda=ML,kappa=1,delta=1)",0.697520582,0.003633204,-0.020089815,3.91920939,0.00423608862393798 + 1.97076931690188 - -1.94923068309812,"lambda=ML,delta=1,kappa=1",1e-06 -/+ 0.61437625425286,-123.0841274,-122.7914445,,
perc_dis,all_unweighted_unifrac_ordination_PC2,581844,all,caper,"pgls(x_trait~y_trait, data=comp.data, lambda=1,kappa=1,delta=ML)",0.512601681,0.010277354,-0.013287471,3.918553391,0.00633186322193066 + 2.00690050503195 - -1.91309949496805,"lambda=l,delta=ML,kappa=1",3 -/+ 1.98338417457426,-106.0722334,-105.7795504,,
perc_dis,all_unweighted_unifrac_ordination_PC2,581844,all,caper,"pgls(x_trait~y_trait, data=comp.data, lambda=1,kappa=ML,delta=1)",0.471995275,0.01238667,-0.011127933,3.918762418,0.0193703771443293 + 1.99884552398201 - -1.92115447601799,"lambda=1,delta=1,kappa=ML",1e-06 -/+ 0.351509076123336,-116.4980013,-116.2053183,Model_3l_AIC,Model_3l_AICc
perc_bbd,all_unweighted_unifrac_ordination_PC2,581844,all,caper,"pgls(x_trait~y_trait, data=comp.data)",0.446627857,0.013858385,-0.009621178,3.865235349,0.0101742575381688 + 2.07291076358911 - -1.84708923641089,"lambda=1,delta=1,kappa=1",NA,-97.62805839,-97.33537546,,
perc_bbd,all_unweighted_unifrac_ordination_PC2,581844,all,caper,"pgls(x_trait~y_trait, data=comp.data, lambda=ML,kappa=1,delta=1)",0.833349238,0.001066137,-0.022718003,3.911185892,0.00263990999817358 + 1.96964885470551 - -1.95035114529449,"lambda=ML,delta=1,kappa=1",1e-06 -/+ 0.604368960798122,-122.9709104,-122.6782274,,
perc_bbd,all_unweighted_unifrac_ordination_PC2,581844,all,caper,"pgls(x_trait~y_trait, data=comp.data, lambda=1,kappa=1,delta=ML)",0.493610189,0.011228243,-0.012313941,3.874097446,0.00662753093440222 + 2.00689204773059 - -1.91310795226941,"lambda=l,delta=ML,kappa=1",3 -/+ 1.97401417316168,-106.1145273,-105.8218443,,
perc_bbd,all_unweighted_unifrac_ordination_PC2,581844,all,caper,"pgls(x_trait~y_trait, data=comp.data, lambda=1,kappa=ML,delta=1)",0.708551465,0.003361026,-0.020368474,3.905407801,0.0156886160723201 + 1.99857422779065 - -1.92142577220935,"lambda=1,delta=1,kappa=ML",1e-06 -/+ 0.352042704614847,-116.0977184,-115.8050355,Model_3l_AIC,Model_3l_AICc
perc_bbd,all_weighted_unifrac_ordination_PC2,581844,all,caper,"pgls(x_trait~y_trait, data=comp.data)",0.254606029,0.030786423,0.00770991,3.633665524,3.912760456,"lambda=1,delta=1,kappa=1",NA,12.05219556,12.34487848,,
perc_bbd,all_weighted_unifrac_ordination_PC2,581844,all,caper,"pgls(x_trait~y_trait, data=comp.data, lambda=ML,kappa=1,delta=1)",0.160731718,0.04629398,0.023586694,3.740832456,3.900039316,"lambda=ML,delta=1,kappa=1",1e-06 -/+ 0.291013199689293,-25.8791065,-25.58642358,,
perc_bbd,all_weighted_unifrac_ordination_PC2,581844,all,caper,"pgls(x_trait~y_trait, data=comp.data, lambda=1,kappa=1,delta=ML)",0.250384008,0.031330549,0.008266991,3.651644861,3.915018137,"lambda=l,delta=ML,kappa=1",3 -/+ 2.0132323345646,3.220174961,3.512857888,,
perc_bbd,all_weighted_unifrac_ordination_PC2,581844,all,caper,"pgls(x_trait~y_trait, data=comp.data, lambda=1,kappa=ML,delta=1)",0.127514417,0.054420022,0.031906213,3.704914367,3.919747668,"lambda=1,delta=1,kappa=ML",0.00727521061858492 -/+ 0.473693044483391,-4.483689747,-4.191006821,Model_3l_AIC,Model_3l_AICc
perc_wd,all_unweighted_unifrac_ordination_PC2,581844,all,caper,"pgls(x_trait~y_trait, data=comp.data)",0.631879346,0.005514927,-0.018163289,0.0047839025311394 + 1.96991258475316 - -1.95008741524684,0.00298714899025362 + 2.07316293616804 - -1.84683706383196,"lambda=1,delta=1,kappa=1",NA,-97.2573532,-96.96467027,,
perc_wd,all_unweighted_unifrac_ordination_PC2,581844,all,caper,"pgls(x_trait~y_trait, data=comp.data, lambda=ML,kappa=1,delta=1)",0.56966276,0.007758209,-0.015866595,3.912495611,0.00520712334735565 + 1.97060139070128 - -1.94939860929872,"lambda=ML,delta=1,kappa=1",1e-06 -/+ 0.579004418579006,-123.2666676,-122.9739847,,
perc_wd,all_unweighted_unifrac_ordination_PC2,581844,all,caper,"pgls(x_trait~y_trait, data=comp.data, lambda=1,kappa=1,delta=ML)",0.638187941,0.005313608,-0.018369402,0.00475450260358924 + 1.97003757476056 - -1.94996242523944,3.919579,"lambda=l,delta=ML,kappa=1",3 -/+ 1.98565970268037,-105.8521121,-105.5594292,,
perc_wd,all_unweighted_unifrac_ordination_PC2,581844,all,caper,"pgls(x_trait~y_trait, data=comp.data, lambda=1,kappa=ML,delta=1)",0.475453532,0.012195632,-0.01132352,0.0088661614792934 + 1.97231244529278 - -1.94768755470722,0.0131215016372173 + 1.99838226791405 - -1.92161773208595,"lambda=1,delta=1,kappa=ML",1e-06 -/+ 0.339292627689909,-116.489491,-116.196808,Model_3l_AIC,Model_3l_AICc
perc_wd,all_weighted_unifrac_ordination_PC2,581844,all,caper,"pgls(x_trait~y_trait, data=comp.data)",0.495057417,0.011153638,-0.012390323,0.0238655085731006 + 1.99467385997442 - -1.92532614002558,3.875503102,"lambda=1,delta=1,kappa=1",NA,12.9345705,13.22725343,,
perc_wd,all_weighted_unifrac_ordination_PC2,581844,all,caper,"pgls(x_trait~y_trait, data=comp.data, lambda=ML,kappa=1,delta=1)",0.582052015,0.007272338,-0.016364035,0.0224128319986744 + 2.00040639674207 - -1.91959360325793,3.873071069,"lambda=ML,delta=1,kappa=1",1e-06 -/+ 0.263301236248181,-24.11466689,-23.82198397,,
perc_wd,all_weighted_unifrac_ordination_PC2,581844,all,caper,"pgls(x_trait~y_trait, data=comp.data, lambda=1,kappa=1,delta=ML)",0.50759222,0.010522344,-0.013036647,0.0234159391010175 + 1.99503754538789 - -1.92496245461211,3.875166274,"lambda=l,delta=ML,kappa=1",3 -/+ 2.00769984252093,4.155340121,4.448023048,,
perc_wd,all_weighted_unifrac_ordination_PC2,581844,all,caper,"pgls(x_trait~y_trait, data=comp.data, lambda=1,kappa=ML,delta=1)",0.647082201,0.005037446,-0.018652139,0.0205653423161622 + 2.00459739260885 - -1.91540260739115,3.900323902,"lambda=1,delta=1,kappa=ML",0.0504085114362664 -/+ 0.515140207053232,-2.277059632,-1.984376705,Model_3l_AIC,Model_3l_AICc
perc_dis,mucus_unweighted_unifrac_ordination_PC2,581844,mucus,caper,"pgls(x_trait~y_trait, data=comp.data)",0.958558452,7.20E-05,-0.026241901,0.00025565407156363 + 1.96488761201896 - -1.95511238798104,0.0213688400045925 + 2.19597761746061 - -1.72402238253939,"lambda=1,delta=1,kappa=1",NA,-25.47726395,-25.15293963,,
perc_dis,mucus_unweighted_unifrac_ordination_PC2,581844,mucus,caper,"pgls(x_trait~y_trait, data=comp.data, lambda=ML,kappa=1,delta=1)",0.597486663,0.007406468,-0.018714414,3.918626476,0.0238943027917857 + 1.97422770619721 - -1.94577229380279,"lambda=ML,delta=1,kappa=1",1e-06 -/+ 0.336875958267278,-93.63839989,-93.31407556,,
perc_dis,mucus_unweighted_unifrac_ordination_PC2,581844,mucus,caper,"pgls(x_trait~y_trait, data=comp.data, lambda=1,kappa=1,delta=ML)",0.975969642,2.42E-05,-0.026290959,0.000143236559026686 + 1.96472398530867 - -1.95527601469133,0.0225750347497861 + 2.05648717297207 - -1.86351282702793,"lambda=l,delta=ML,kappa=1",3 -/+ 2.13005414902767,-35.44178761,-35.11746328,,
perc_dis,mucus_unweighted_unifrac_ordination_PC2,581844,mucus,caper,"pgls(x_trait~y_trait, data=comp.data, lambda=1,kappa=ML,delta=1)",0.991886847,2.76E-06,-0.02631296,3.919973396,0.0170176507394157 + 2.01779661663829 - -1.90220338336171,"lambda=1,delta=1,kappa=ML",1e-06 -/+ 0.229534815371202,-74.08680821,-73.76248389,Model_3l_AIC,Model_3l_AICc
perc_dis,mucus_weighted_unifrac_ordination_PC2,581844,mucus,caper,"pgls(x_trait~y_trait, data=comp.data)",0.66012538,0.005142811,-0.021037641,0.00396728118760675 + 1.96895120004305 - -1.95104879995695,3.904136428,"lambda=1,delta=1,kappa=1",NA,22.92943699,23.25376132,,
perc_dis,mucus_weighted_unifrac_ordination_PC2,581844,mucus,caper,"pgls(x_trait~y_trait, data=comp.data, lambda=ML,kappa=1,delta=1)",0.309229574,0.027192507,0.00159231,0.00483353958042166 + 1.96468988622079 - -1.95531011377921,3.906510101,"lambda=ML,delta=1,kappa=1",1e-06 -/+ 0.316263189569684,-45.81139238,-45.48706806,,
perc_dis,mucus_weighted_unifrac_ordination_PC2,581844,mucus,caper,"pgls(x_trait~y_trait, data=comp.data, lambda=1,kappa=1,delta=ML)",0.640495994,0.005798412,-0.020364788,0.00406748237361106 + 1.96864005662994 - -1.95135994337006,3.902601368,"lambda=l,delta=ML,kappa=1",3 -/+ 2.13997672897087,12.85872029,13.18304462,,
perc_dis,mucus_weighted_unifrac_ordination_PC2,581844,mucus,caper,"pgls(x_trait~y_trait, data=comp.data, lambda=1,kappa=ML,delta=1)",0.378790171,0.020442508,-0.005335321,0.00387173917513391 + 1.96434772602879 - -1.95565227397121,3.916209586,"lambda=1,delta=1,kappa=ML",1e-06 -/+ 0.120709462504255,-32.92931533,-32.60499101,Model_3l_AIC,Model_3l_AICc
perc_bbd,mucus_unweighted_unifrac_ordination_PC2,581844,mucus,caper,"pgls(x_trait~y_trait, data=comp.data)",0.867799739,0.000738512,-0.025557843,3.894473982,0.0250161269960387 + 2.19578260432775 - -1.72421739567225,"lambda=1,delta=1,kappa=1",NA,-25.50393547,-25.17961114,,
perc_bbd,mucus_unweighted_unifrac_ordination_PC2,581844,mucus,caper,"pgls(x_trait~y_trait, data=comp.data, lambda=ML,kappa=1,delta=1)",0.072240055,0.082547136,0.05840364,3.82681214,0.0286750969951242 + 1.97219268421724 - -1.94780731578276,"lambda=ML,delta=1,kappa=1",1e-06 -/+ 0.282453507719383,-96.78720161,-96.46287728,,
perc_bbd,mucus_unweighted_unifrac_ordination_PC2,581844,mucus,caper,"pgls(x_trait~y_trait, data=comp.data, lambda=1,kappa=1,delta=ML)",0.791467496,0.001862368,-0.024404412,3.883000529,0.0276034943475891 + 2.05625713120406 - -1.86374286879594,"lambda=l,delta=ML,kappa=1",3 -/+ 2.13490019954526,-35.51538402,-35.1910597,,
perc_bbd,mucus_unweighted_unifrac_ordination_PC2,581844,mucus,caper,"pgls(x_trait~y_trait, data=comp.data, lambda=1,kappa=ML,delta=1)",0.356554051,0.022409024,-0.003317055,3.866850613,0.0203594868435799 + 2.01644450657872 - -1.90355549342128,"lambda=1,delta=1,kappa=ML",1e-06 -/+ 0.218922028856845,-74.99325477,-74.66893044,Model_3l_AIC,Model_3l_AICc
perc_bbd,mucus_weighted_unifrac_ordination_PC2,581844,mucus,caper,"pgls(x_trait~y_trait, data=comp.data)",0.805435187,0.001616495,-0.024656755,3.850660596,0.00597719129503586 + 2.39272244030593 - -1.52727755969407,"lambda=1,delta=1,kappa=1",NA,23.0709681,23.39529243,,
perc_bbd,mucus_weighted_unifrac_ordination_PC2,581844,mucus,caper,"pgls(x_trait~y_trait, data=comp.data, lambda=ML,kappa=1,delta=1)",0.50142299,0.011977747,-0.014022839,3.854806285,0.00841415474115374 + 1.98323810148041 - -1.93676189851959,"lambda=ML,delta=1,kappa=1",1e-06 -/+ 0.305195110857438,-45.19063207,-44.86630775,,
perc_bbd,mucus_weighted_unifrac_ordination_PC2,581844,mucus,caper,"pgls(x_trait~y_trait, data=comp.data, lambda=1,kappa=1,delta=ML)",0.798113646,0.00174307,-0.024526849,3.854342282,0.00579338827312463 + 2.13657305731666 - -1.78342694268334,"lambda=l,delta=ML,kappa=1",3 -/+ 2.1380533561202,13.02154817,13.34587249,,
perc_bbd,mucus_weighted_unifrac_ordination_PC2,581844,mucus,caper,"pgls(x_trait~y_trait, data=comp.data, lambda=1,kappa=ML,delta=1)",0.940163759,0.000150232,-0.026161604,0.00735500191136114 + 2.05733694372429 - -1.86266305627571,0.0102794226471713 + 2.05647744656665 - -1.86352255343335,"lambda=1,delta=1,kappa=ML",1e-06 -/+ 0.12609079931732,-32.10915112,-31.78482679,Model_3l_AIC,Model_3l_AICc
perc_wd,mucus_unweighted_unifrac_ordination_PC2,581844,mucus,caper,"pgls(x_trait~y_trait, data=comp.data)",0.597876005,0.0073908,-0.018730495,0.0109669835653902 + 1.98061763336781 - -1.93938236663219,0.0192031312387725 + 2.1945133479806 - -1.7254866520194,"lambda=1,delta=1,kappa=1",NA,-25.77111398,-25.44678965,,
perc_wd,mucus_unweighted_unifrac_ordination_PC2,581844,mucus,caper,"pgls(x_trait~y_trait, data=comp.data, lambda=ML,kappa=1,delta=1)",0.352323742,0.022801911,-0.002913828,3.904365437,0.027056276952752 + 1.97402028147013 - -1.94597971852987,"lambda=ML,delta=1,kappa=1",1e-06 -/+ 0.333888624693756,-94.26367441,-93.93935009,,
perc_wd,mucus_unweighted_unifrac_ordination_PC2,581844,mucus,caper,"pgls(x_trait~y_trait, data=comp.data, lambda=1,kappa=1,delta=ML)",0.633509735,0.006043254,-0.020113502,0.0098791880672333 + 1.98055312074305 - -1.93944687925695,0.0200148301122498 + 2.05478742651502 - -1.86521257348498,"lambda=l,delta=ML,kappa=1",3 -/+ 2.12522022948678,-35.6832834,-35.35895907,,
perc_wd,mucus_unweighted_unifrac_ordination_PC2,581844,mucus,caper,"pgls(x_trait~y_trait, data=comp.data, lambda=1,kappa=ML,delta=1)",0.334051246,0.024573565,-0.001095552,3.902477432,0.0200425646907314 + 2.01635209772411 - -1.90364790227589,"lambda=1,delta=1,kappa=ML",1e-06 -/+ 0.207698990648858,-75.0819193,-74.75759498,Model_3l_AIC,Model_3l_AICc
perc_wd,mucus_weighted_unifrac_ordination_PC2,581844,mucus,caper,"pgls(x_trait~y_trait, data=comp.data)",0.032377288,0.114907821,0.091615921,0.0793971275313261 + 1.99574641144819 - -1.92425358855181,3.896174303,"lambda=1,delta=1,kappa=1",NA,18.25314095,18.57746528,,
perc_wd,mucus_weighted_unifrac_ordination_PC2,581844,mucus,caper,"pgls(x_trait~y_trait, data=comp.data, lambda=ML,kappa=1,delta=1)",0.138504343,0.056832078,0.03201187,0.045332191723317 + 1.98995798922743 - -1.93004201077257,3.900067808,"lambda=ML,delta=1,kappa=1",1e-06 -/+ 0.329357193121782,-47.04906737,-46.72474305,,
perc_wd,mucus_weighted_unifrac_ordination_PC2,581844,mucus,caper,"pgls(x_trait~y_trait, data=comp.data, lambda=1,kappa=1,delta=ML)",0.035956177,0.11066903,0.087265584,0.0775469019026329 + 1.99566081871957 - -1.92433918128043,3.893517732,"lambda=l,delta=ML,kappa=1",3 -/+ 2.11890569082303,8.39989907,8.724223394,,
perc_wd,mucus_weighted_unifrac_ordination_PC2,581844,mucus,caper,"pgls(x_trait~y_trait, data=comp.data, lambda=1,kappa=ML,delta=1)",0.391468929,0.019390687,-0.006414821,0.0263072586712552 + 1.99034835852363 - -1.92965164147637,0.00606423784829887 + 2.05549401869246 - -1.86450598130754,"lambda=1,delta=1,kappa=ML",1e-06 -/+ 0.141413420248515,-32.8863875,-32.56206318,Model_3l_AIC,Model_3l_AICc
perc_dis,tissue_weighted_unifrac_ordination_PC2,581844,tissue,caper,"pgls(x_trait~y_trait, data=comp.data)",0.100257206,0.069493698,0.04500669,0.0206943006918667 + 1.9722841725009 - -1.9477158274991,3.8168343,"lambda=1,delta=1,kappa=1",NA,51.20596425,51.53028858,,
perc_dis,tissue_weighted_unifrac_ordination_PC2,581844,tissue,caper,"pgls(x_trait~y_trait, data=comp.data, lambda=ML,kappa=1,delta=1)",0.011391542,0.156929122,0.134743047,0.0242457718508898 + 1.96911642339347 - -1.95088357660653,3.802612969,"lambda=ML,delta=1,kappa=1",1e-06 -/+ 0.212261282387791,7.637255237,7.961579562,,
perc_dis,tissue_weighted_unifrac_ordination_PC2,581844,tissue,caper,"pgls(x_trait~y_trait, data=comp.data, lambda=1,kappa=1,delta=ML)",0.090529547,0.07354047,0.049159956,0.0209320886805068 + 1.97205232391431 - -1.94794767608569,3.809596072,"lambda=l,delta=ML,kappa=1",3 -/+ 2.02709108711308,42.26982292,42.59414724,,
perc_dis,tissue_weighted_unifrac_ordination_PC2,581844,tissue,caper,"pgls(x_trait~y_trait, data=comp.data, lambda=1,kappa=ML,delta=1)",0.022034598,0.130450987,0.107568118,0.0228953461506374 + 1.96958912022585 - -1.95041087977415,3.835806208,"lambda=1,delta=1,kappa=ML",1e-06 -/+ 0.464365551944239,31.9616266,32.28595092,Model_3l_AIC,Model_3l_AICc
perc_dis,tissue_unweighted_unifrac_ordination_PC2,581844,tissue,caper,"pgls(x_trait~y_trait, data=comp.data)",0.616705012,0.006657786,-0.019482799,3.918224526,0.00345943675187941 + 2.13555670500721 - -1.78444329499279,"lambda=1,delta=1,kappa=1",NA,-48.82550309,-48.50117876,,
perc_dis,tissue_unweighted_unifrac_ordination_PC2,581844,tissue,caper,"pgls(x_trait~y_trait, data=comp.data, lambda=ML,kappa=1,delta=1)",0.38833578,0.01964616,-0.006152626,3.917757654,0.00267440840023704 + 1.97427378201271 - -1.94572621798728,"lambda=ML,delta=1,kappa=1",1e-06 -/+ 0.377892906321588,-93.66930912,-93.34498479,,
perc_dis,tissue_unweighted_unifrac_ordination_PC2,581844,tissue,caper,"pgls(x_trait~y_trait, data=comp.data, lambda=1,kappa=1,delta=ML)",0.597045275,0.007424256,-0.018696158,3.918163052,0.00890012575184805 + 2.03247033302883 - -1.88752966697117,"lambda=l,delta=ML,kappa=1",3 -/+ 2.0411120691787,-57.90375549,-57.57943116,,
perc_dis,tissue_unweighted_unifrac_ordination_PC2,581844,tissue,caper,"pgls(x_trait~y_trait, data=comp.data, lambda=1,kappa=ML,delta=1)",0.309052526,0.027212143,0.001612463,3.917225401,3.913523853,"lambda=1,delta=1,kappa=ML",1e-06 -/+ 0.442351155194012,-69.69155679,-69.36723247,Model_3l_AIC,Model_3l_AICc
perc_bbd,tissue_unweighted_unifrac_ordination_PC2,581844,tissue,caper,"pgls(x_trait~y_trait, data=comp.data)",0.56533384,0.00877514,-0.017309725,0.0655779548851071 + 2.07306420558848 - -1.84693579441152,3.909985009,"lambda=1,delta=1,kappa=1",NA,-48.91085591,-48.58653158,,
perc_bbd,tissue_unweighted_unifrac_ordination_PC2,581844,tissue,caper,"pgls(x_trait~y_trait, data=comp.data, lambda=ML,kappa=1,delta=1)",0.410890858,0.017869033,-0.007976519,0.0436950966058675 + 2.01255028579283 - -1.90744971420717,3.911028994,"lambda=ML,delta=1,kappa=1",1e-06 -/+ 0.32950087876817,-93.59686516,-93.27254083,,
perc_bbd,tissue_unweighted_unifrac_ordination_PC2,581844,tissue,caper,"pgls(x_trait~y_trait, data=comp.data, lambda=1,kappa=1,delta=ML)",0.564599875,0.008808161,-0.017275834,0.0606772011860667 + 2.06441670076559 - -1.85558329923441,3.914742942,"lambda=l,delta=ML,kappa=1",3 -/+ 2.03859551136172,-57.95956467,-57.63524035,,
perc_bbd,tissue_unweighted_unifrac_ordination_PC2,581844,tissue,caper,"pgls(x_trait~y_trait, data=comp.data, lambda=1,kappa=ML,delta=1)",0.49519357,0.012328024,-0.013663344,0.0426856070788115 + 2.02197967551472 - -1.89802032448528,3.900404147,"lambda=1,delta=1,kappa=ML",0.0211271224298007 -/+ 0.461747663248767,-69.10224535,-68.77792103,Model_3l_AIC,Model_3l_AICc
perc_bbd,tissue_weighted_unifrac_ordination_PC2,581844,tissue,caper,"pgls(x_trait~y_trait, data=comp.data)",0.581267388,0.00807814,-0.018025067,3.693005548,3.916436947,"lambda=1,delta=1,kappa=1",NA,53.76258365,54.08690797,,
perc_bbd,tissue_weighted_unifrac_ordination_PC2,581844,tissue,caper,"pgls(x_trait~y_trait, data=comp.data, lambda=ML,kappa=1,delta=1)",0.53186521,0.010366886,-0.01567609,3.792671168,3.894082908,"lambda=ML,delta=1,kappa=1",1e-06 -/+ 0.211815231144863,14.04858522,14.37290955,,
perc_bbd,tissue_weighted_unifrac_ordination_PC2,581844,tissue,caper,"pgls(x_trait~y_trait, data=comp.data, lambda=1,kappa=1,delta=ML)",0.56418249,0.008826976,-0.017256524,3.700078396,3.913599907,"lambda=l,delta=ML,kappa=1",3 -/+ 2.0106580672822,44.97057289,45.29489721,,
perc_bbd,tissue_weighted_unifrac_ordination_PC2,581844,tissue,caper,"pgls(x_trait~y_trait, data=comp.data, lambda=1,kappa=ML,delta=1)",0.221574458,0.039055441,0.013767427,3.63632459,0.0209802831991734 + 2.18604139252048 - -1.73395860747952,"lambda=1,delta=1,kappa=ML",1e-06 -/+ 0.47977985588493,35.9593072,36.28363152,Model_3l_AIC,Model_3l_AICc
perc_wd,tissue_weighted_unifrac_ordination_PC2,581844,tissue,caper,"pgls(x_trait~y_trait, data=comp.data)",0.994824377,1.12E-06,-0.026314638,0.000706952858270459 + 2.06826991679159 - -1.85173008320841,3.891973515,"lambda=1,delta=1,kappa=1",NA,54.08697656,54.41130089,,
perc_wd,tissue_weighted_unifrac_ordination_PC2,581844,tissue,caper,"pgls(x_trait~y_trait, data=comp.data, lambda=ML,kappa=1,delta=1)",0.662435003,0.005068742,-0.02111366,0.0364004460295964 + 2.04272968332321 - -1.87727031667679,3.866702159,"lambda=ML,delta=1,kappa=1",1e-06 -/+ 0.212681485586322,14.26215984,14.58648417,,
perc_wd,tissue_weighted_unifrac_ordination_PC2,581844,tissue,caper,"pgls(x_trait~y_trait, data=comp.data, lambda=1,kappa=1,delta=ML)",0.972601481,3.15E-05,-0.026283508,0.00368965372319951 + 2.0667217466779 - -1.8532782533221,3.885735376,"lambda=l,delta=ML,kappa=1",3 -/+ 2.00743700716364,45.32396133,45.64828565,,
perc_wd,tissue_weighted_unifrac_ordination_PC2,581844,tissue,caper,"pgls(x_trait~y_trait, data=comp.data, lambda=1,kappa=ML,delta=1)",0.786086842,0.001962041,-0.024302115,0.0263916480703579 + 2.05655931085356 - -1.86344068914644,3.915347027,"lambda=1,delta=1,kappa=ML",0.0480895050272393 -/+ 0.523631612222166,37.42826324,37.75258756,Model_3l_AIC,Model_3l_AICc
perc_wd,tissue_unweighted_unifrac_ordination_PC2,581844,tissue,caper,"pgls(x_trait~y_trait, data=comp.data)",0.144449696,0.055206452,0.030343463,3.876532362,0.00897519023648568 + 2.13094582113065 - -1.78905417886935,"lambda=1,delta=1,kappa=1",NA,-50.82985488,-50.50553056,,
perc_wd,tissue_unweighted_unifrac_ordination_PC2,581844,tissue,caper,"pgls(x_trait~y_trait, data=comp.data, lambda=ML,kappa=1,delta=1)",0.851627204,0.000932413,-0.025358839,3.915919246,3.917035092,"lambda=ML,delta=1,kappa=1",1e-06 -/+ 0.371238033990579,-92.9129546,-92.58863028,,
perc_wd,tissue_unweighted_unifrac_ordination_PC2,581844,tissue,caper,"pgls(x_trait~y_trait, data=comp.data, lambda=1,kappa=1,delta=ML)",0.166824587,0.049682583,0.02467423,3.879498172,0.0145195777799098 + 2.03036239637609 - -1.88963760362392,"lambda=l,delta=ML,kappa=1",3 -/+ 2.01078606232435,-59.64404645,-59.31972213,,
perc_wd,tissue_unweighted_unifrac_ordination_PC2,581844,tissue,caper,"pgls(x_trait~y_trait, data=comp.data, lambda=1,kappa=ML,delta=1)",0.519225608,0.011015922,-0.015009975,3.903395171,3.906581232,"lambda=1,delta=1,kappa=ML",0.0542318471456948 -/+ 0.500591872218224,-69.04283863,-68.7185143,Model_3l_AIC,Model_3l_AICc
perc_dis,skeleton_unweighted_unifrac_ordination_PC2,581844,skeleton,caper,"pgls(x_trait~y_trait, data=comp.data)",0.493315385,0.011809299,-0.012895469,0.00553284602874286 + 1.96800252277788 - -1.95199747722212,3.890458934,"lambda=1,delta=1,kappa=1",NA,15.31205225,15.61974456,,
perc_dis,skeleton_unweighted_unifrac_ordination_PC2,581844,skeleton,caper,"pgls(x_trait~y_trait, data=comp.data, lambda=ML,kappa=1,delta=1)",0.032674494,0.109070025,0.086796776,0.00604222841706302 + 1.96273046253749 - -1.95726953746251,3.888753274,"lambda=ML,delta=1,kappa=1",1e-06 -/+ 0.248895356058656,-92.60924986,-92.30155756,,
perc_dis,skeleton_unweighted_unifrac_ordination_PC2,581844,skeleton,caper,"pgls(x_trait~y_trait, data=comp.data, lambda=1,kappa=1,delta=ML)",0.474825514,0.012845301,-0.011833566,0.00554012794471727 + 1.96767909890204 - -1.95232090109796,3.891246185,"lambda=l,delta=ML,kappa=1",3 -/+ 2.19931353010485,4.553817625,4.861509932,,
perc_dis,skeleton_unweighted_unifrac_ordination_PC2,581844,skeleton,caper,"pgls(x_trait~y_trait, data=comp.data, lambda=1,kappa=ML,delta=1)",0.02652551,0.117120806,0.095048826,0.00633949327287019 + 1.96275206169018 - -1.95724793830982,3.884594217,"lambda=1,delta=1,kappa=ML",1e-06 -/+ 0.0870824211993704,-71.50019925,-71.19250694,Model_3l_AIC,Model_3l_AICc
perc_dis,skeleton_weighted_unifrac_ordination_PC2,581844,skeleton,caper,"pgls(x_trait~y_trait, data=comp.data)",0.785059305,0.00188118,-0.023071791,0.00257193351360737 + 1.9693671114726 - -1.9506328885274,3.828538364,"lambda=1,delta=1,kappa=1",NA,28.53767883,28.84537114,,
perc_dis,skeleton_weighted_unifrac_ordination_PC2,581844,skeleton,caper,"pgls(x_trait~y_trait, data=comp.data, lambda=ML,kappa=1,delta=1)",0.946883856,0.000112346,-0.024884845,3.919344386,3.884280402,"lambda=ML,delta=1,kappa=1",0.0798003608203009 -/+ 0.787784589866575,16.13383287,16.44152518,,
perc_dis,skeleton_weighted_unifrac_ordination_PC2,581844,skeleton,caper,"pgls(x_trait~y_trait, data=comp.data, lambda=1,kappa=1,delta=ML)",0.79012238,0.001791581,-0.023163629,0.00251498350261996 + 1.96938636693847 - -1.95061363306153,3.819151955,"lambda=l,delta=ML,kappa=1",3 -/+ 1.7752518793006,21.41733011,21.72502242,,
perc_dis,skeleton_weighted_unifrac_ordination_PC2,581844,skeleton,caper,"pgls(x_trait~y_trait, data=comp.data, lambda=1,kappa=ML,delta=1)",0.479015082,0.012604896,-0.012079981,0.00647682593157395 + 1.96906375325032 - -1.95093624674968,3.826753933,"lambda=1,delta=1,kappa=ML",0.486034712699322 -/+ 0.978167010219565,24.34029046,24.64798277,Model_3l_AIC,Model_3l_AICc
perc_bbd,skeleton_weighted_unifrac_ordination_PC2,581844,skeleton,caper,"pgls(x_trait~y_trait, data=comp.data)",0.136639226,0.05453498,0.030898355,3.483357792,3.884699594,"lambda=1,delta=1,kappa=1",NA,26.2614705,26.56916281,,
perc_bbd,skeleton_weighted_unifrac_ordination_PC2,581844,skeleton,caper,"pgls(x_trait~y_trait, data=comp.data, lambda=ML,kappa=1,delta=1)",0.001639423,0.221919092,0.202467069,3.306401206,0.0514144833877825 + 2.00309541435116 - -1.91690458564884,"lambda=ML,delta=1,kappa=1",1e-06 -/+ 0.518820933352234,6.06901478,6.376707088,,
perc_bbd,skeleton_weighted_unifrac_ordination_PC2,581844,skeleton,caper,"pgls(x_trait~y_trait, data=comp.data, lambda=1,kappa=1,delta=ML)",0.100561918,0.065980727,0.042630246,3.464701662,3.883895365,"lambda=l,delta=ML,kappa=1",3 -/+ 1.85693077216556,18.62579933,18.93349164,,
perc_bbd,skeleton_weighted_unifrac_ordination_PC2,581844,skeleton,caper,"pgls(x_trait~y_trait, data=comp.data, lambda=1,kappa=ML,delta=1)",0.013569828,0.142918609,0.121491575,3.385975656,3.891719607,"lambda=1,delta=1,kappa=ML",0.28325352502673 -/+ 0.818255431861774,19.21799283,19.52568513,Model_3l_AIC,Model_3l_AICc
perc_bbd,skeleton_unweighted_unifrac_ordination_PC2,581844,skeleton,caper,"pgls(x_trait~y_trait, data=comp.data)",0.804366455,0.001551967,-0.023409234,3.856755701,3.917315644,"lambda=1,delta=1,kappa=1",NA,15.74576144,16.05345375,,
perc_bbd,skeleton_unweighted_unifrac_ordination_PC2,581844,skeleton,caper,"pgls(x_trait~y_trait, data=comp.data, lambda=ML,kappa=1,delta=1)",0.212100086,0.03864716,0.014613339,3.84608154,3.914881312,"lambda=ML,delta=1,kappa=1",1e-06 -/+ 0.267260428402436,-89.4140718,-89.10637949,,
perc_bbd,skeleton_unweighted_unifrac_ordination_PC2,581844,skeleton,caper,"pgls(x_trait~y_trait, data=comp.data, lambda=1,kappa=1,delta=ML)",0.767938696,0.002201635,-0.022743324,3.851578766,3.919973224,"lambda=l,delta=ML,kappa=1",3 -/+ 2.19808908460127,5.004244668,5.311936975,,
perc_bbd,skeleton_unweighted_unifrac_ordination_PC2,581844,skeleton,caper,"pgls(x_trait~y_trait, data=comp.data, lambda=1,kappa=ML,delta=1)",0.107294936,0.063542775,0.040131345,3.814945627,3.915668384,"lambda=1,delta=1,kappa=ML",1e-06 -/+ 0.0873514379883526,-69.02574965,-68.71805734,Model_3l_AIC,Model_3l_AICc
perc_wd,skeleton_unweighted_unifrac_ordination_PC2,581844,skeleton,caper,"pgls(x_trait~y_trait, data=comp.data)",0.825388628,0.001231369,-0.023737847,0.0150037976315443 + 2.02756309139403 - -1.89243690860597,3.906419911,"lambda=1,delta=1,kappa=1",NA,15.75924533,16.06693764,,
perc_wd,skeleton_unweighted_unifrac_ordination_PC2,581844,skeleton,caper,"pgls(x_trait~y_trait, data=comp.data, lambda=ML,kappa=1,delta=1)",0.7357092,0.002880006,-0.022047994,0.00820887786832836 + 1.98415075980034 - -1.93584924019966,3.904347055,"lambda=ML,delta=1,kappa=1",1e-06 -/+ 0.24029464538965,-87.8798279,-87.5721356,,
perc_wd,skeleton_unweighted_unifrac_ordination_PC2,581844,skeleton,caper,"pgls(x_trait~y_trait, data=comp.data, lambda=1,kappa=1,delta=ML)",0.822665446,0.001270706,-0.023697526,0.0146862679893097 + 2.02510026765728 - -1.89489973234272,3.907158815,"lambda=l,delta=ML,kappa=1",3 -/+ 2.1959717748229,5.043411677,5.351103985,,
perc_wd,skeleton_unweighted_unifrac_ordination_PC2,581844,skeleton,caper,"pgls(x_trait~y_trait, data=comp.data, lambda=1,kappa=ML,delta=1)",0.448710725,0.014422873,-0.010216555,0.0211590350798985 + 1.98765574009967 - -1.93234425990033,3.904857027,"lambda=1,delta=1,kappa=ML",1e-06 -/+ 0.0979525377760041,-66.87856094,-66.57086863,Model_3l_AIC,Model_3l_AICc
perc_wd,skeleton_weighted_unifrac_ordination_PC2,581844,skeleton,caper,"pgls(x_trait~y_trait, data=comp.data)",0.595787872,0.007098007,-0.017724542,0.0419549603869853 + 2.03845819018309 - -1.88154180981691,3.826369123,"lambda=1,delta=1,kappa=1",NA,28.31758344,28.62527575,,
perc_wd,skeleton_weighted_unifrac_ordination_PC2,581844,skeleton,caper,"pgls(x_trait~y_trait, data=comp.data, lambda=ML,kappa=1,delta=1)",0.547808581,0.009103256,-0.015669163,0.0497245116720285 + 2.04202691210936 - -1.87797308789064,3.863032958,"lambda=ML,delta=1,kappa=1",0.0800224132708393 -/+ 0.779236197939844,15.75442667,16.06211898,,
perc_wd,skeleton_weighted_unifrac_ordination_PC2,581844,skeleton,caper,"pgls(x_trait~y_trait, data=comp.data, lambda=1,kappa=1,delta=ML)",0.595767137,0.007098805,-0.017723725,0.0421940064349379 + 2.03890075479194 - -1.88109924520806,3.815548342,"lambda=l,delta=ML,kappa=1",3 -/+ 1.77571441853791,21.1934309,21.5011232,,
perc_wd,skeleton_weighted_unifrac_ordination_PC2,581844,skeleton,caper,"pgls(x_trait~y_trait, data=comp.data, lambda=1,kappa=ML,delta=1)",0.437204036,0.015163647,-0.009457262,0.0638168975841587 + 2.04131785212929 - -1.87868214787071,3.836783566,"lambda=1,delta=1,kappa=ML",0.490384877403214 -/+ 0.984683723934144,24.22683783,24.53453014,Model_3l_AIC,Model_3l_AICc
perc_dis,all_weighted_unifrac_ordination_PC3,581844,all,caper,"pgls(x_trait~y_trait, data=comp.data)",0.193644893,0.039892716,0.017033019,3.909131773,0.0485049444526247 + 2.37878728979797 - -1.54121271020203,"lambda=1,delta=1,kappa=1",NA,17.70016009,17.99284301,,
perc_dis,all_weighted_unifrac_ordination_PC3,581844,all,caper,"pgls(x_trait~y_trait, data=comp.data, lambda=ML,kappa=1,delta=1)",0.066617096,0.077860756,0.05590506,3.911792724,0.0341066338712247 + 1.98561479454766 - -1.93438520545234,"lambda=ML,delta=1,kappa=1",0.0167519054361156 -/+ 0.404677913836983,-55.01394816,-54.72126523,,
perc_dis,all_weighted_unifrac_ordination_PC3,581844,all,caper,"pgls(x_trait~y_trait, data=comp.data, lambda=1,kappa=1,delta=ML)",0.188245608,0.040855154,0.018018372,3.909343943,0.0563312321102959 + 2.13057898169108 - -1.78942101830892,"lambda=l,delta=ML,kappa=1",3 -/+ 2.14702472065671,7.550725017,7.843407944,,
perc_dis,all_weighted_unifrac_ordination_PC3,581844,all,caper,"pgls(x_trait~y_trait, data=comp.data, lambda=1,kappa=ML,delta=1)",0.138330498,0.051543592,0.028961296,3.91337027,0.0092577306460284 + 2.05996960958346 - -1.86003039041654,"lambda=1,delta=1,kappa=ML",1e-06 -/+ 0.158942459434798,-33.31394397,-33.02126104,Model_3l_AIC,Model_3l_AICc
perc_dis,all_unweighted_unifrac_ordination_PC3,581844,all,caper,"pgls(x_trait~y_trait, data=comp.data)",0.013841935,0.135797844,0.115221602,3.913463651,0.0333805442925084 + 2.08951444290098 - -1.83048555709902,"lambda=1,delta=1,kappa=1",NA,-85.57406383,-85.2813809,,
perc_dis,all_unweighted_unifrac_ordination_PC3,581844,all,caper,"pgls(x_trait~y_trait, data=comp.data, lambda=ML,kappa=1,delta=1)",0.00934337,0.150201874,0.129968585,3.915638937,0.0186151666297991 + 1.968532445626 - -1.951467554374,"lambda=ML,delta=1,kappa=1",1e-06 -/+ 0.48218460362162,-143.5727304,-143.2800475,,
perc_dis,all_unweighted_unifrac_ordination_PC3,581844,all,caper,"pgls(x_trait~y_trait, data=comp.data, lambda=1,kappa=1,delta=ML)",0.01361482,0.136405939,0.115844176,3.913627442,0.0347983911571058 + 2.01297394525487 - -1.90702605474513,"lambda=l,delta=ML,kappa=1",3 -/+ 2.11340056865964,-95.35631935,-95.06363643,,
perc_dis,all_unweighted_unifrac_ordination_PC3,581844,all,caper,"pgls(x_trait~y_trait, data=comp.data, lambda=1,kappa=ML,delta=1)",0.000633204,0.245155379,0.227182889,3.914470399,0.0230524791809652 + 1.99410772037384 - -1.92589227962616,"lambda=1,delta=1,kappa=ML",1e-06 -/+ 0.16654932588782,-127.9440816,-127.6513987,Model_3l_AIC,Model_3l_AICc
perc_wd,all_unweighted_unifrac_ordination_PC3,581844,all,caper,"pgls(x_trait~y_trait, data=comp.data)",2.74E-06,0.41114948,0.397129229,3.869398579,0.0240156188610084 + 2.06667386284267 - -1.85332613715733,"lambda=1,delta=1,kappa=1",NA,-102.4539753,-102.1612924,,
perc_wd,all_unweighted_unifrac_ordination_PC3,581844,all,caper,"pgls(x_trait~y_trait, data=comp.data, lambda=ML,kappa=1,delta=1)",0.013812086,0.1358772,0.115302847,3.893057061,0.017433280172857 + 1.96848748317089 - -1.95151251682911,"lambda=ML,delta=1,kappa=1",1e-06 -/+ 0.272816441533078,-142.8372235,-142.5445406,,
perc_wd,all_unweighted_unifrac_ordination_PC3,581844,all,caper,"pgls(x_trait~y_trait, data=comp.data, lambda=1,kappa=1,delta=ML)",4.82E-06,0.395586852,0.381196062,3.870395851,0.0268800734035568 + 2.00376632755181 - -1.91623367244819,"lambda=l,delta=ML,kappa=1",3 -/+ 1.98658618590087,-111.0574922,-110.7648092,,
perc_wd,all_unweighted_unifrac_ordination_PC3,581844,all,caper,"pgls(x_trait~y_trait, data=comp.data, lambda=1,kappa=ML,delta=1)",0.013223424,0.137477752,0.116941508,3.890103104,0.00768633504799205 + 1.99602107866454 - -1.92397892133546,"lambda=1,delta=1,kappa=ML",1e-06 -/+ 0.401830208944379,-122.0767249,-121.7840419,Model_3l_AIC,Model_3l_AICc
perc_wd,all_weighted_unifrac_ordination_PC3,581844,all,caper,"pgls(x_trait~y_trait, data=comp.data)",0.003276339,0.188035221,0.168702726,3.815020252,0.0387510341664045 + 2.34427945565612 - -1.57572054434388,"lambda=1,delta=1,kappa=1",NA,10.32628506,10.61896799,,
perc_wd,all_weighted_unifrac_ordination_PC3,581844,all,caper,"pgls(x_trait~y_trait, data=comp.data, lambda=ML,kappa=1,delta=1)",0.076156703,0.072973915,0.050901865,3.868217017,0.0289706891333468 + 1.98305519142978 - -1.93694480857022,"lambda=ML,delta=1,kappa=1",1e-06 -/+ 0.424113680807951,-54.89895913,-54.6062762,,
perc_wd,all_weighted_unifrac_ordination_PC3,581844,all,caper,"pgls(x_trait~y_trait, data=comp.data, lambda=1,kappa=1,delta=ML)",0.003795533,0.18278358,0.163326046,3.816975244,0.0493028647815337 + 2.1154954267139 - -1.8045045732861,"lambda=l,delta=ML,kappa=1",3 -/+ 2.11527572207929,0.504646586,0.797329513,,
perc_wd,all_weighted_unifrac_ordination_PC3,581844,all,caper,"pgls(x_trait~y_trait, data=comp.data, lambda=1,kappa=ML,delta=1)",0.025514222,0.113243656,0.09213041,3.849050029,3.917174659,"lambda=1,delta=1,kappa=ML",1e-06 -/+ 0.203088844869944,-36.27362956,-35.98094663,Model_3l_AIC,Model_3l_AICc
perc_bbd,all_weighted_unifrac_ordination_PC3,581844,all,caper,"pgls(x_trait~y_trait, data=comp.data)",0.786818204,0.001760734,-0.022006868,0.0733608571435805 + 2.2295319168477 - -1.6904680831523,0.00161103648146289 + 2.38692985317402 - -1.53307014682598,"lambda=1,delta=1,kappa=1",NA,19.41387035,19.70655328,,
perc_bbd,all_weighted_unifrac_ordination_PC3,581844,all,caper,"pgls(x_trait~y_trait, data=comp.data, lambda=ML,kappa=1,delta=1)",0.766562027,0.002121316,-0.0216377,0.0279732735607701 + 2.05361702626769 - -1.86638297373231,0.00291599559497341 + 1.98169776214201 - -1.93830223785799,"lambda=ML,delta=1,kappa=1",1e-06 -/+ 0.364538390472158,-51.65835888,-51.36567595,,
perc_bbd,all_weighted_unifrac_ordination_PC3,581844,all,caper,"pgls(x_trait~y_trait, data=comp.data, lambda=1,kappa=1,delta=ML)",0.795729496,0.001613462,-0.022157646,0.0642869792030113 + 2.2067563321004 - -1.7132436678996,0.00961366356422783 + 2.13408573419507 - -1.78591426580493,"lambda=l,delta=ML,kappa=1",3 -/+ 2.14256981689548,9.31505513,9.607738057,,
perc_bbd,all_weighted_unifrac_ordination_PC3,581844,all,caper,"pgls(x_trait~y_trait, data=comp.data, lambda=1,kappa=ML,delta=1)",0.792969308,0.001658345,-0.022111694,0.0269174600387972 + 2.06190877601874 - -1.85809122398126,3.902578999,"lambda=1,delta=1,kappa=ML",1e-06 -/+ 0.161873554771801,-31.05851594,-30.76583302,Model_3l_AIC,Model_3l_AICc
perc_bbd,all_unweighted_unifrac_ordination_PC3,581844,all,caper,"pgls(x_trait~y_trait, data=comp.data)",0.552564804,0.008463113,-0.015144908,0.0524275424590862 + 2.04756372578361 - -1.87243627421639,0.00429005347863315 + 2.09869811423221 - -1.82130188576779,"lambda=1,delta=1,kappa=1",NA,-79.52628879,-79.23360586,,
perc_bbd,all_unweighted_unifrac_ordination_PC3,581844,all,caper,"pgls(x_trait~y_trait, data=comp.data, lambda=ML,kappa=1,delta=1)",0.252395889,0.031069905,0.008000141,0.0408205652785762 + 1.99517471848045 - -1.92482528151955,0.00140985593731841 + 1.96815249859378 - -1.95184750140622,"lambda=ML,delta=1,kappa=1",1e-06 -/+ 0.292795732587762,-137.80021,-137.5075271,,
perc_bbd,all_unweighted_unifrac_ordination_PC3,581844,all,caper,"pgls(x_trait~y_trait, data=comp.data, lambda=1,kappa=1,delta=ML)",0.539694683,0.009021117,-0.014573619,0.0497505425850852 + 2.04045910998333 - -1.87954089001667,0.00548657431957595 + 2.01676362229452 - -1.90323637770548,"lambda=l,delta=ML,kappa=1",3 -/+ 2.113758732102,-89.30234156,-89.00965863,,
perc_bbd,all_unweighted_unifrac_ordination_PC3,581844,all,caper,"pgls(x_trait~y_trait, data=comp.data, lambda=1,kappa=ML,delta=1)",0.296660548,0.025900556,0.002707712,0.0406832633370448 + 1.99849800640002 - -1.92150199359998,3.919594017,"lambda=1,delta=1,kappa=ML",1e-06 -/+ 0.21036082261956,-116.7240169,-116.431334,Model_3l_AIC,Model_3l_AICc
perc_dis,mucus_unweighted_unifrac_ordination_PC3,581844,mucus,caper,"pgls(x_trait~y_trait, data=comp.data)",0.030807729,0.116916612,0.093677575,3.912354036,0.0445626951061507 + 2.12458008787505 - -1.79541991212495,"lambda=1,delta=1,kappa=1",NA,-54.30443604,-53.98011172,,
perc_dis,mucus_unweighted_unifrac_ordination_PC3,581844,mucus,caper,"pgls(x_trait~y_trait, data=comp.data, lambda=ML,kappa=1,delta=1)",0.21274378,0.040553359,0.015304763,3.91629213,0.0221805765069992 + 1.97613763185557 - -1.94386236814443,"lambda=ML,delta=1,kappa=1",1e-06 -/+ 0.339780423080175,-83.56138208,-83.23705775,,
perc_dis,mucus_unweighted_unifrac_ordination_PC3,581844,mucus,caper,"pgls(x_trait~y_trait, data=comp.data, lambda=1,kappa=1,delta=ML)",0.035822973,0.110819085,0.087419587,3.912674264,0.0403041727455255 + 2.02875563071727 - -1.89124436928273,"lambda=l,delta=ML,kappa=1",3 -/+ 1.94247927843211,-62.549903,-62.22557868,,
perc_dis,mucus_unweighted_unifrac_ordination_PC3,581844,mucus,caper,"pgls(x_trait~y_trait, data=comp.data, lambda=1,kappa=ML,delta=1)",0.012634442,0.152793199,0.130498283,3.912909772,0.05118238672716 + 2.02022575468083 - -1.89977424531917,"lambda=1,delta=1,kappa=ML",1e-06 -/+ 0.443398533792904,-70.79322092,-70.4688966,Model_3l_AIC,Model_3l_AICc
perc_dis,mucus_weighted_unifrac_ordination_PC3,581844,mucus,caper,"pgls(x_trait~y_trait, data=comp.data)",0.014475778,0.147346709,0.124908464,0.0217211297912433 + 1.9684763060524 - -1.9515236939476,3.868890799,"lambda=1,delta=1,kappa=1",NA,18.56840832,18.89273264,,
perc_dis,mucus_weighted_unifrac_ordination_PC3,581844,mucus,caper,"pgls(x_trait~y_trait, data=comp.data, lambda=ML,kappa=1,delta=1)",0.143675453,0.055414004,0.030556478,0.0100792861773324 + 1.96675070239539 - -1.95324929760461,3.911779116,"lambda=ML,delta=1,kappa=1",1e-06 -/+ 0.837242449196792,-16.67233352,-16.34800919,,
perc_dis,mucus_weighted_unifrac_ordination_PC3,581844,mucus,caper,"pgls(x_trait~y_trait, data=comp.data, lambda=1,kappa=1,delta=ML)",0.018335095,0.137854827,0.115166796,0.0206126544714169 + 1.96836221513558 - -1.95163778486442,3.873493992,"lambda=l,delta=ML,kappa=1",3 -/+ 1.94670339794991,10.24385815,10.56818247,,
perc_dis,mucus_weighted_unifrac_ordination_PC3,581844,mucus,caper,"pgls(x_trait~y_trait, data=comp.data, lambda=1,kappa=ML,delta=1)",0.031275299,0.116307714,0.093052654,0.0142750528318707 + 1.96638310807877 - -1.95361689192123,3.916014206,"lambda=1,delta=1,kappa=ML",0.113914943641173 -/+ 0.475195298906657,-3.589562205,-3.265237881,Model_3l_AIC,Model_3l_AICc
perc_bbd,mucus_weighted_unifrac_ordination_PC3,581844,mucus,caper,"pgls(x_trait~y_trait, data=comp.data)",0.702853252,0.003872672,-0.022341205,3.810221396,0.0397662451090099 + 2.40211744116987 - -1.51788255883013,"lambda=1,delta=1,kappa=1",NA,24.7892916,25.11361593,,
perc_bbd,mucus_weighted_unifrac_ordination_PC3,581844,mucus,caper,"pgls(x_trait~y_trait, data=comp.data, lambda=ML,kappa=1,delta=1)",0.394291293,0.019162995,-0.006648505,3.799543782,0.0359291632729987 + 1.99382167095541 - -1.92617832904459,"lambda=ML,delta=1,kappa=1",1e-06 -/+ 0.691776389739293,-15.16595104,-14.84162672,,
perc_bbd,mucus_weighted_unifrac_ordination_PC3,581844,mucus,caper,"pgls(x_trait~y_trait, data=comp.data, lambda=1,kappa=1,delta=ML)",0.674165637,0.004702279,-0.021489767,3.807918396,0.0442320547774245 + 2.14324475306037 - -1.77675524693963,"lambda=l,delta=ML,kappa=1",3 -/+ 2.00602865433191,15.98858773,16.31291205,,
perc_bbd,mucus_weighted_unifrac_ordination_PC3,581844,mucus,caper,"pgls(x_trait~y_trait, data=comp.data, lambda=1,kappa=ML,delta=1)",0.568693013,0.00862505,-0.017463765,3.834477618,0.0568380232459874 + 2.1087333691049 - -1.8112666308951,"lambda=1,delta=1,kappa=ML",0.0273181856991249 -/+ 0.407891738774872,0.803995401,1.128319726,Model_3l_AIC,Model_3l_AICc
perc_bbd,mucus_unweighted_unifrac_ordination_PC3,581844,mucus,caper,"pgls(x_trait~y_trait, data=comp.data)",0.909519686,0.000344311,-0.025962417,0.0129351056329296 + 2.07306488473008 - -1.84693511526992,0.0153084565540242 + 2.13501988439416 - -1.78498011560584,"lambda=1,delta=1,kappa=1",NA,-49.34478505,-49.02046073,,
perc_bbd,mucus_unweighted_unifrac_ordination_PC3,581844,mucus,caper,"pgls(x_trait~y_trait, data=comp.data, lambda=ML,kappa=1,delta=1)",0.928925273,0.000212122,-0.026098085,0.00544980870781431 + 2.02069468906452 - -1.89930531093548,0.00976751610171359 + 1.97468390620017 - -1.94531609379983,"lambda=ML,delta=1,kappa=1",1e-06 -/+ 0.312943292466694,-81.91392479,-81.58960047,,
perc_bbd,mucus_unweighted_unifrac_ordination_PC3,581844,mucus,caper,"pgls(x_trait~y_trait, data=comp.data, lambda=1,kappa=1,delta=ML)",0.91898374,0.000275823,-0.026032708,0.0107601098830313 + 2.06508711902059 - -1.85491288097941,0.0115860128359301 + 2.03279744969814 - -1.88720255030186,"lambda=l,delta=ML,kappa=1",3 -/+ 1.97707573242271,-57.86275505,-57.53843073,,
perc_bbd,mucus_unweighted_unifrac_ordination_PC3,581844,mucus,caper,"pgls(x_trait~y_trait, data=comp.data, lambda=1,kappa=ML,delta=1)",0.916834987,0.0002907,-0.026017439,3.91314679,0.0249881947624141 + 2.02461963109711 - -1.89538036890289,"lambda=1,delta=1,kappa=ML",1e-06 -/+ 0.499543770928475,-64.17243232,-63.848108,Model_3l_AIC,Model_3l_AICc
perc_wd,mucus_unweighted_unifrac_ordination_PC3,581844,mucus,caper,"pgls(x_trait~y_trait, data=comp.data)",0.104050702,0.068026053,0.043500422,3.895307271,0.0236593266328459 + 2.1286437657369 - -1.7913562342631,"lambda=1,delta=1,kappa=1",NA,-52.14902695,-51.82470263,,
perc_wd,mucus_unweighted_unifrac_ordination_PC3,581844,mucus,caper,"pgls(x_trait~y_trait, data=comp.data, lambda=ML,kappa=1,delta=1)",0.202146449,0.042448091,0.017249357,3.895390124,0.022206440289248 + 1.9760113080666 - -1.9439886919334,"lambda=ML,delta=1,kappa=1",1e-06 -/+ 0.258882313701346,-83.64045289,-83.31612856,,
perc_wd,mucus_unweighted_unifrac_ordination_PC3,581844,mucus,caper,"pgls(x_trait~y_trait, data=comp.data, lambda=1,kappa=1,delta=ML)",0.11574083,0.063834909,0.039198986,3.895736507,0.0204967725714394 + 2.02951548853166 - -1.89048451146834,"lambda=l,delta=ML,kappa=1",3 -/+ 1.95611573049692,-60.49025815,-60.16593383,,
perc_wd,mucus_unweighted_unifrac_ordination_PC3,581844,mucus,caper,"pgls(x_trait~y_trait, data=comp.data, lambda=1,kappa=ML,delta=1)",0.900813474,0.000414106,-0.025890786,0.00257515870029915 + 1.98052420961448 - -1.93947579038552,0.0240851648206136 + 2.02458139259978 - -1.89541860740022,"lambda=1,delta=1,kappa=ML",1e-06 -/+ 0.53540812484945,-64.1773703,-63.85304597,Model_3l_AIC,Model_3l_AICc
perc_wd,mucus_unweighted_unifrac_ordination_PC3,581844,mucus,caper,"pgls(x_trait~y_trait, data=comp.data)",0.104050702,0.068026053,0.043500422,3.895307271,0.0236593266328459 + 2.1286437657369 - -1.7913562342631,"lambda=1,delta=1,kappa=1",NA,-52.14902695,-51.82470263,,
perc_wd,mucus_unweighted_unifrac_ordination_PC3,581844,mucus,caper,"pgls(x_trait~y_trait, data=comp.data, lambda=ML,kappa=1,delta=1)",0.202146449,0.042448091,0.017249357,3.895390124,0.022206440289248 + 1.9760113080666 - -1.9439886919334,"lambda=ML,delta=1,kappa=1",1e-06 -/+ 0.258882313701346,-83.64045289,-83.31612856,,
perc_wd,mucus_unweighted_unifrac_ordination_PC3,581844,mucus,caper,"pgls(x_trait~y_trait, data=comp.data, lambda=1,kappa=1,delta=ML)",0.11574083,0.063834909,0.039198986,3.895736507,0.0204967725714394 + 2.02951548853166 - -1.89048451146834,"lambda=l,delta=ML,kappa=1",3 -/+ 1.95611573049692,-60.49025815,-60.16593383,,
perc_wd,mucus_unweighted_unifrac_ordination_PC3,581844,mucus,caper,"pgls(x_trait~y_trait, data=comp.data, lambda=1,kappa=ML,delta=1)",0.900813474,0.000414106,-0.025890786,0.00257515870029915 + 1.98052420961448 - -1.93947579038552,0.0240851648206136 + 2.02458139259978 - -1.89541860740022,"lambda=1,delta=1,kappa=ML",1e-06 -/+ 0.53540812484945,-64.1773703,-63.85304597,Model_3l_AIC,Model_3l_AICc
perc_wd,mucus_weighted_unifrac_ordination_PC3,581844,mucus,caper,"pgls(x_trait~y_trait, data=comp.data)",0.05300523,0.094993823,0.071177871,0.0738409339173259 + 1.9969728961635 - -1.9230271038365,0.00723141726845376 + 2.3805447593892 - -1.5394552406108,"lambda=1,delta=1,kappa=1",NA,20.9519588,21.27628312,,
perc_wd,mucus_weighted_unifrac_ordination_PC3,581844,mucus,caper,"pgls(x_trait~y_trait, data=comp.data, lambda=ML,kappa=1,delta=1)",0.249100795,0.03479798,0.009397927,0.0518162912465586 + 2.00426970404689 - -1.91573029595311,3.919002882,"lambda=ML,delta=1,kappa=1",1e-06 -/+ 0.625168907745004,-15.80870574,-15.48438142,,
perc_wd,mucus_weighted_unifrac_ordination_PC3,581844,mucus,caper,"pgls(x_trait~y_trait, data=comp.data, lambda=1,kappa=1,delta=ML)",0.063790156,0.087538211,0.063526059,0.0716806619749832 + 1.99754211348122 - -1.92245788651878,0.0081580888686693 + 2.13313771311458 - -1.78686228688542,"lambda=l,delta=ML,kappa=1",3 -/+ 1.96270375331319,12.51275969,12.83708402,,
perc_wd,mucus_weighted_unifrac_ordination_PC3,581844,mucus,caper,"pgls(x_trait~y_trait, data=comp.data, lambda=1,kappa=ML,delta=1)",0.908918308,0.000348923,-0.025957685,0.00530640999855489 + 2.00607534303081 - -1.91392465696919,0.0501648217914281 + 2.10983756224215 - -1.81016243775785,"lambda=1,delta=1,kappa=ML",0.0321976002847651 -/+ 0.443969706978249,1.137745704,1.462070028,Model_3l_AIC,Model_3l_AICc
perc_dis,tissue_weighted_unifrac_ordination_PC3,581844,tissue,caper,"pgls(x_trait~y_trait, data=comp.data)",0.256754943,0.033712159,0.008283532,0.00885351170167838 + 1.96768924570424 - -1.95231075429576,0.0308874992009874 + 2.34370210509967 - -1.57629789490033,"lambda=1,delta=1,kappa=1",NA,13.7268479,14.05117223,,
perc_dis,tissue_weighted_unifrac_ordination_PC3,581844,tissue,caper,"pgls(x_trait~y_trait, data=comp.data, lambda=ML,kappa=1,delta=1)",0.234541568,0.036976905,0.011634192,0.00863557390355399 + 1.96714911821406 - -1.95285088178594,0.0181457178967698 + 1.99971257746463 - -1.92028742253537,"lambda=ML,delta=1,kappa=1",1e-06 -/+ 0.576146395012794,-11.8098274,-11.48550308,,
perc_dis,tissue_weighted_unifrac_ordination_PC3,581844,tissue,caper,"pgls(x_trait~y_trait, data=comp.data, lambda=1,kappa=1,delta=ML)",0.256695366,0.033720461,0.008292052,0.0087597524601903 + 1.96760684686842 - -1.95239315313158,0.0218061675504238 + 2.11999431073928 - -1.80000568926072,"lambda=l,delta=ML,kappa=1",3 -/+ 1.94550295015736,5.453122768,5.777447093,,
perc_dis,tissue_weighted_unifrac_ordination_PC3,581844,tissue,caper,"pgls(x_trait~y_trait, data=comp.data, lambda=1,kappa=ML,delta=1)",0.387126528,0.019745532,-0.006050639,0.00581038837111676 + 1.966641227593 - -1.953358772407,0.0367871297428398 + 2.11585685127876 - -1.80414314872124,"lambda=1,delta=1,kappa=ML",0.0547781915265219 -/+ 0.608614507021376,1.938682845,2.26300717,Model_3l_AIC,Model_3l_AICc
perc_dis,tissue_unweighted_unifrac_ordination_PC3,581844,tissue,caper,"pgls(x_trait~y_trait, data=comp.data)",0.043318912,0.103139417,0.079537822,0.0071851515976205 + 1.96343711664233 - -1.95656288335767,3.885346408,"lambda=1,delta=1,kappa=1",NA,-50.6883326,-50.36400828,,
perc_dis,tissue_unweighted_unifrac_ordination_PC3,581844,tissue,caper,"pgls(x_trait~y_trait, data=comp.data, lambda=ML,kappa=1,delta=1)",0.002251454,0.220241846,0.199721895,0.00682978644868567 + 1.96208470865391 - -1.95791529134609,3.883443155,"lambda=ML,delta=1,kappa=1",1e-06 -/+ 0.205005397997834,-110.3986203,-110.074296,,
perc_dis,tissue_unweighted_unifrac_ordination_PC3,581844,tissue,caper,"pgls(x_trait~y_trait, data=comp.data, lambda=1,kappa=1,delta=ML)",0.038246996,0.108172047,0.084702891,0.0071655753005561 + 1.96333766144231 - -1.95666233855769,3.885787569,"lambda=l,delta=ML,kappa=1",3 -/+ 2.11274524848301,-60.44914529,-60.12482096,,
perc_dis,tissue_unweighted_unifrac_ordination_PC3,581844,tissue,caper,"pgls(x_trait~y_trait, data=comp.data, lambda=1,kappa=ML,delta=1)",0.000378706,0.28592162,0.267130084,0.00804632529307501 + 1.96206279101671 - -1.95793720898329,3.884477165,"lambda=1,delta=1,kappa=ML",1e-06 -/+ 0.197935459609273,-90.96391082,-90.63958649,Model_3l_AIC,Model_3l_AICc
perc_bbd,tissue_unweighted_unifrac_ordination_PC3,581844,tissue,caper,"pgls(x_trait~y_trait, data=comp.data)",0.858018146,0.000853008,-0.025440334,3.898977628,3.913750276,"lambda=1,delta=1,kappa=1",NA,-46.36827331,-46.04394899,,
perc_bbd,tissue_unweighted_unifrac_ordination_PC3,581844,tissue,caper,"pgls(x_trait~y_trait, data=comp.data, lambda=ML,kappa=1,delta=1)",0.754777942,0.002597974,-0.023649448,3.90484371,3.907142111,"lambda=ML,delta=1,kappa=1",1e-06 -/+ 0.226876958222516,-100.5518158,-100.2274915,,
perc_bbd,tissue_unweighted_unifrac_ordination_PC3,581844,tissue,caper,"pgls(x_trait~y_trait, data=comp.data, lambda=1,kappa=1,delta=ML)",0.838856507,0.001102061,-0.025184727,3.898066449,3.914905021,"lambda=l,delta=ML,kappa=1",3 -/+ 2.09180812578215,-55.91397032,-55.589646,,
perc_bbd,tissue_unweighted_unifrac_ordination_PC3,581844,tissue,caper,"pgls(x_trait~y_trait, data=comp.data, lambda=1,kappa=ML,delta=1)",0.619330886,0.006559337,-0.019583838,3.892403027,3.916659972,"lambda=1,delta=1,kappa=ML",1e-06 -/+ 0.269116942455864,-77.75664667,-77.43232235,Model_3l_AIC,Model_3l_AICc
perc_bbd,tissue_weighted_unifrac_ordination_PC3,581844,tissue,caper,"pgls(x_trait~y_trait, data=comp.data)",0.801902012,0.001676945,-0.024594714,0.0635277123294873 + 2.21144762777954 - -1.70855237222046,0.0563252611244182 + 2.34989936367562 - -1.57010063632438,"lambda=1,delta=1,kappa=1",NA,15.03145449,15.35577882,,
perc_bbd,tissue_weighted_unifrac_ordination_PC3,581844,tissue,caper,"pgls(x_trait~y_trait, data=comp.data, lambda=ML,kappa=1,delta=1)",0.361533131,0.021954511,-0.003783528,0.13595843386824 + 2.10720819856026 - -1.81279180143974,0.0326276752986511 + 1.99563470294483 - -1.92436529705517,"lambda=ML,delta=1,kappa=1",1e-06 -/+ 0.577905684009088,-11.1906759,-10.86635158,,
perc_bbd,tissue_weighted_unifrac_ordination_PC3,581844,tissue,caper,"pgls(x_trait~y_trait, data=comp.data, lambda=1,kappa=1,delta=ML)",0.773999644,0.002196144,-0.024061852,0.067793496152952 + 2.19441662938653 - -1.72558337061347,0.045900672856115 + 2.12257666537932 - -1.79742333462068,"lambda=l,delta=ML,kappa=1",3 -/+ 1.94783035608248,6.737264769,7.061589094,,
perc_bbd,tissue_weighted_unifrac_ordination_PC3,581844,tissue,caper,"pgls(x_trait~y_trait, data=comp.data, lambda=1,kappa=ML,delta=1)",0.704457052,0.003829006,-0.02238602,0.0581326863927603 + 2.11210816733134 - -1.80789183266866,0.0540338476966636 + 2.11188468152542 - -1.80811531847458,"lambda=1,delta=1,kappa=ML",0.0253293835760333 -/+ 0.578235796065856,2.569211363,2.893535688,Model_3l_AIC,Model_3l_AICc
perc_wd,tissue_weighted_unifrac_ordination_PC3,581844,tissue,caper,"pgls(x_trait~y_trait, data=comp.data)",0.373351177,0.020908752,-0.004856807,0.0592799920487211 + 2.02580575335201 - -1.89419424664799,0.0467804664422805 + 2.34563333031266 - -1.57436666968734,"lambda=1,delta=1,kappa=1",NA,14.25337118,14.5776955,,
perc_wd,tissue_weighted_unifrac_ordination_PC3,581844,tissue,caper,"pgls(x_trait~y_trait, data=comp.data, lambda=ML,kappa=1,delta=1)",0.673429061,0.004724815,-0.021466638,3.894213601,0.0565915751681502 + 2.00088221061687 - -1.91911778938313,"lambda=ML,delta=1,kappa=1",1e-06 -/+ 0.570536199188033,-10.49215247,-10.16782815,,
perc_wd,tissue_weighted_unifrac_ordination_PC3,581844,tissue,caper,"pgls(x_trait~y_trait, data=comp.data, lambda=1,kappa=1,delta=ML)",0.409943009,0.017940898,-0.007902763,0.0544589614619616 + 2.0253618417006 - -1.8946381582994,0.0374684043031452 + 2.12004783739904 - -1.79995216260096,"lambda=l,delta=ML,kappa=1",3 -/+ 1.92922716531093,6.101055647,6.425379971,,
perc_wd,tissue_weighted_unifrac_ordination_PC3,581844,tissue,caper,"pgls(x_trait~y_trait, data=comp.data, lambda=1,kappa=ML,delta=1)",0.746794184,0.002775742,-0.023467002,0.0203063656681277 + 2.02243775973773 - -1.89756224026227,0.0543995126640194 + 2.11294242162092 - -1.80705757837908,"lambda=1,delta=1,kappa=ML",0.0328664352910279 -/+ 0.598250094431724,2.612990189,2.937314513,Model_3l_AIC,Model_3l_AICc
perc_wd,tissue_unweighted_unifrac_ordination_PC3,581844,tissue,caper,"pgls(x_trait~y_trait, data=comp.data)",0.150342006,0.053665441,0.0287619,3.875935104,0.00364637126007907 + 2.13590842879631 - -1.78409157120369,"lambda=1,delta=1,kappa=1",NA,-48.54050305,-48.21617872,,
perc_wd,tissue_unweighted_unifrac_ordination_PC3,581844,tissue,caper,"pgls(x_trait~y_trait, data=comp.data, lambda=ML,kappa=1,delta=1)",0.73002603,0.003170343,-0.023062016,3.913154854,3.908388397,"lambda=ML,delta=1,kappa=1",1e-06 -/+ 0.220192887114446,-100.5747768,-100.2504525,,
perc_wd,tissue_unweighted_unifrac_ordination_PC3,581844,tissue,caper,"pgls(x_trait~y_trait, data=comp.data, lambda=1,kappa=1,delta=ML)",0.170508766,0.048851571,0.023821349,3.878957388,0.00480461221481797 + 2.03193721239322 - -1.88806278760678,"lambda=l,delta=ML,kappa=1",3 -/+ 2.07046883198628,-57.87326962,-57.54894529,,
perc_wd,tissue_unweighted_unifrac_ordination_PC3,581844,tissue,caper,"pgls(x_trait~y_trait, data=comp.data, lambda=1,kappa=ML,delta=1)",0.589091628,0.007749461,-0.018362395,3.907576466,3.917065708,"lambda=1,delta=1,kappa=ML",1e-06 -/+ 0.294031037710738,-77.80459468,-77.48027036,Model_3l_AIC,Model_3l_AICc
perc_dis,skeleton_unweighted_unifrac_ordination_PC3,581844,skeleton,caper,"pgls(x_trait~y_trait, data=comp.data)",0.931434345,0.000187384,-0.024807932,3.919642853,0.0123321505335974 + 2.16599218083222 - -1.75400781916778,"lambda=1,delta=1,kappa=1",NA,-40.3565132,-40.0488209,,
perc_dis,skeleton_unweighted_unifrac_ordination_PC3,581844,skeleton,caper,"pgls(x_trait~y_trait, data=comp.data, lambda=ML,kappa=1,delta=1)",0.984565066,9.47E-06,-0.024990289,4.91735433545665e-05 + 1.96252594916865 - -1.95747405083135,0.0109638900233402 + 1.98310020962609 - -1.93689979037391,"lambda=ML,delta=1,kappa=1",0.1626128749759 -/+ 0.763714015178743,-96.36811019,-96.06041788,,
perc_dis,skeleton_unweighted_unifrac_ordination_PC3,581844,skeleton,caper,"pgls(x_trait~y_trait, data=comp.data, lambda=1,kappa=1,delta=ML)",0.933704705,0.000175153,-0.024820469,3.919664157,0.0174398890320557 + 2.04444400296136 - -1.87555599703864,"lambda=l,delta=ML,kappa=1",3 -/+ 2.09509501218785,-49.98024654,-49.67255423,,
perc_dis,skeleton_unweighted_unifrac_ordination_PC3,581844,skeleton,caper,"pgls(x_trait~y_trait, data=comp.data, lambda=1,kappa=ML,delta=1)",0.775817486,0.002050791,-0.022897939,3.919328291,3.916793854,"lambda=1,delta=1,kappa=ML",1e-06 -/+ 0.288288457948628,-85.02271108,-84.71501877,Model_3l_AIC,Model_3l_AICc
perc_dis,skeleton_weighted_unifrac_ordination_PC3,581844,skeleton,caper,"pgls(x_trait~y_trait, data=comp.data)",0.927966006,0.000206871,-0.024787957,3.918520392,0.0267473527017293 + 2.77219730571563 - -1.14780269428437,"lambda=1,delta=1,kappa=1",NA,74.88351411,75.19120641,,
perc_dis,skeleton_weighted_unifrac_ordination_PC3,581844,skeleton,caper,"pgls(x_trait~y_trait, data=comp.data, lambda=ML,kappa=1,delta=1)",0.466887335,0.013310203,-0.011357042,3.913777796,0.0634603597688418 + 2.00594251939304 - -1.91405748060696,"lambda=ML,delta=1,kappa=1",1e-06 -/+ 0.449223248942406,2.489322384,2.797014692,,
perc_dis,skeleton_weighted_unifrac_ordination_PC3,581844,skeleton,caper,"pgls(x_trait~y_trait, data=comp.data, lambda=1,kappa=1,delta=ML)",0.914418863,0.000292315,-0.024700377,3.918302195,0.0201238017406 + 2.29042874935655 - -1.62957125064345,"lambda=l,delta=ML,kappa=1",3 -/+ 2.15757135122421,64.62115706,64.92884937,,
perc_dis,skeleton_weighted_unifrac_ordination_PC3,581844,skeleton,caper,"pgls(x_trait~y_trait, data=comp.data, lambda=1,kappa=ML,delta=1)",0.538702933,0.009521844,-0.01524011,3.915273269,0.0432073785360483 + 2.13266530204213 - -1.78733469795787,"lambda=1,delta=1,kappa=ML",1e-06 -/+ 0.125634824103809,14.07425412,14.38194643,Model_3l_AIC,Model_3l_AICc
perc_bbd,skeleton_weighted_unifrac_ordination_PC3,581844,skeleton,caper,"pgls(x_trait~y_trait, data=comp.data)",0.910182052,0.000322096,-0.024669852,3.861785313,0.0276227184048628 + 2.77186926932606 - -1.14813073067394,"lambda=1,delta=1,kappa=1",NA,74.87867341,75.18636572,,
perc_bbd,skeleton_weighted_unifrac_ordination_PC3,581844,skeleton,caper,"pgls(x_trait~y_trait, data=comp.data, lambda=ML,kappa=1,delta=1)",0.764629037,0.002266732,-0.0226766,3.867228229,0.0492367818965059 + 2.00152793555721 - -1.91847206444279,"lambda=ML,delta=1,kappa=1",1e-06 -/+ 0.458024019616907,2.956793851,3.264486159,,
perc_bbd,skeleton_weighted_unifrac_ordination_PC3,581844,skeleton,caper,"pgls(x_trait~y_trait, data=comp.data, lambda=1,kappa=1,delta=ML)",0.931575519,0.000186611,-0.024808724,3.879532961,0.0188074266906245 + 2.29032460700778 - -1.62967539299222,"lambda=l,delta=ML,kappa=1",3 -/+ 2.15685595572668,64.62559769,64.93329,,
perc_bbd,skeleton_weighted_unifrac_ordination_PC3,581844,skeleton,caper,"pgls(x_trait~y_trait, data=comp.data, lambda=1,kappa=ML,delta=1)",0.453446033,0.014126367,-0.010520474,0.129526656633262 + 2.13108996748519 - -1.78891003251481,0.0166297774527411 + 2.13020602453987 - -1.78979397546013,"lambda=1,delta=1,kappa=ML",1e-06 -/+ 0.121580644585414,13.8785498,14.1862421,Model_3l_AIC,Model_3l_AICc
perc_bbd,skeleton_unweighted_unifrac_ordination_PC3,581844,skeleton,caper,"pgls(x_trait~y_trait, data=comp.data)",0.4044431,0.017441242,-0.007122727,0.108646014519997 + 2.08893605266309 - -1.83106394733691,3.919384071,"lambda=1,delta=1,kappa=1",NA,-41.0876379,-40.77994559,,
perc_bbd,skeleton_unweighted_unifrac_ordination_PC3,581844,skeleton,caper,"pgls(x_trait~y_trait, data=comp.data, lambda=ML,kappa=1,delta=1)",0.031518415,0.110461219,0.08822275,0.113746717215172 + 2.01103714866504 - -1.90896285133496,3.914895571,"lambda=ML,delta=1,kappa=1",0.0682220554508336 -/+ 0.687034433073784,-101.0315862,-100.7238939,,
perc_bbd,skeleton_unweighted_unifrac_ordination_PC3,581844,skeleton,caper,"pgls(x_trait~y_trait, data=comp.data, lambda=1,kappa=1,delta=ML)",0.367929014,0.020311508,-0.004180704,0.107887087911014 + 2.07847109285298 - -1.84152890714702,0.00305557231014478 + 2.04355856911532 - -1.87644143088468,"lambda=l,delta=ML,kappa=1",3 -/+ 2.10786198762196,-50.83475566,-50.52706335,,
perc_bbd,skeleton_unweighted_unifrac_ordination_PC3,581844,skeleton,caper,"pgls(x_trait~y_trait, data=comp.data, lambda=1,kappa=ML,delta=1)",0.054480356,0.089354404,0.066588264,0.0997520274473729 + 2.01035104063377 - -1.90964895936623,3.907601129,"lambda=1,delta=1,kappa=ML",1e-06 -/+ 0.250162348692849,-88.86775178,-88.56005947,Model_3l_AIC,Model_3l_AICc
perc_wd,skeleton_unweighted_unifrac_ordination_PC3,581844,skeleton,caper,"pgls(x_trait~y_trait, data=comp.data)",0.184431731,0.043610907,0.019701179,3.874243835,0.0235788348347269 + 2.16115133907779 - -1.75884866092221,"lambda=1,delta=1,kappa=1",NA,-42.22144114,-41.91374883,,
perc_wd,skeleton_unweighted_unifrac_ordination_PC3,581844,skeleton,caper,"pgls(x_trait~y_trait, data=comp.data, lambda=ML,kappa=1,delta=1)",0.292819891,0.027623681,0.003314273,3.897426266,0.0195992604605638 + 1.98280277422439 - -1.93719722577561,"lambda=ML,delta=1,kappa=1",0.168029854220534 -/+ 0.791848783800468,-97.54390874,-97.23621643,,
perc_wd,skeleton_unweighted_unifrac_ordination_PC3,581844,skeleton,caper,"pgls(x_trait~y_trait, data=comp.data, lambda=1,kappa=1,delta=ML)",0.195394505,0.041549074,0.017587801,3.876403695,0.0294904070993521 + 2.04202767312713 - -1.87797232687287,"lambda=l,delta=ML,kappa=1",3 -/+ 2.08516883606116,-51.75523999,-51.44754768,,
perc_wd,skeleton_unweighted_unifrac_ordination_PC3,581844,skeleton,caper,"pgls(x_trait~y_trait, data=comp.data, lambda=1,kappa=ML,delta=1)",0.083587409,0.072978498,0.049802961,3.881889018,0.00111753821293182 + 2.01057459062821 - -1.90942540937179,"lambda=1,delta=1,kappa=ML",1e-06 -/+ 0.274877219363327,-88.11918721,-87.81149491,Model_3l_AIC,Model_3l_AICc
perc_wd,skeleton_weighted_unifrac_ordination_PC3,581844,skeleton,caper,"pgls(x_trait~y_trait, data=comp.data)",0.354233806,0.021490874,-0.002971854,0.126646775655423 + 2.09511997058192 - -1.82488002941808,3.906663395,"lambda=1,delta=1,kappa=1",NA,73.97974664,74.28743895,,
perc_wd,skeleton_weighted_unifrac_ordination_PC3,581844,skeleton,caper,"pgls(x_trait~y_trait, data=comp.data, lambda=ML,kappa=1,delta=1)",0.432522416,0.015473497,-0.009139666,3.863909566,0.0663250432941623 + 2.00688953066451 - -1.91311046933549,"lambda=ML,delta=1,kappa=1",1e-06 -/+ 0.418276938047349,2.397137296,2.704829604,,
perc_wd,skeleton_weighted_unifrac_ordination_PC3,581844,skeleton,caper,"pgls(x_trait~y_trait, data=comp.data, lambda=1,kappa=1,delta=ML)",0.388173727,0.018673593,-0.005859568,0.114371392646285 + 2.09109321570453 - -1.82890678429547,3.899019672,"lambda=l,delta=ML,kappa=1",3 -/+ 2.14646018509992,63.84172997,64.14942228,,
perc_wd,skeleton_weighted_unifrac_ordination_PC3,581844,skeleton,caper,"pgls(x_trait~y_trait, data=comp.data, lambda=1,kappa=ML,delta=1)",0.858877919,0.000799965,-0.024180036,0.0130307139876782 + 2.03281637672684 - -1.88718362327316,0.0229027418138293 + 2.13147225364085 - -1.78852774635915,"lambda=1,delta=1,kappa=ML",1e-06 -/+ 0.129572289780385,14.44247578,14.75016809,Model_3l_AIC,Model_3l_AICc
