Disease_Trait,Diversity_Trait,Filtered_column,Filtered_Value,N_Microbes,Compartment,Package,Model,pVal,R_Squared,Adj_R_Squared,x_Trait_Slope_95CI,Intercept_95CI,Parameters,Estimated_Parameter_95CI,AIC,AICc,Minimum_AIC,Minimum_AICc
perc_dis,observed_features_skeleton,most_abundant_class_skeleton,D_0__Bacteria;D_1__Proteobacteria;D_2__Gammaproteobacteria,101527,skeleton,caper,"pgls(x_trait~y_trait, data=comp.data)",0.290987776,0.217892247,0.061470697,-43.34185536,234.19458962288 + 134.856437056023 - 130.936437056023,"lambda=1,delta=1,kappa=1",NA,89.2516545,92.2516545,,
perc_dis,observed_features_skeleton,most_abundant_class_skeleton,D_0__Bacteria;D_1__Proteobacteria;D_2__Gammaproteobacteria,101527,skeleton,caper,"pgls(x_trait~y_trait, data=comp.data, lambda=ML,kappa=1,delta=1)",0.519332231,0.087569552,-0.094916538,-10.83494243,160.2274137174 + 52.8949482129449 - 48.9749482129449,"lambda=ML,delta=1,kappa=1",1e-06 -/+ 0.93431084758889,84.63339772,87.63339772,,
perc_dis,observed_features_skeleton,most_abundant_class_skeleton,D_0__Bacteria;D_1__Proteobacteria;D_2__Gammaproteobacteria,101527,skeleton,caper,"pgls(x_trait~y_trait, data=comp.data, lambda=1,kappa=1,delta=ML)",0.434322957,0.126156494,-0.048612207,-23.03127286,191.117481012248 + 91.1715900637808 - 87.2515900637808,"lambda=l,delta=ML,kappa=1",3 -/+ 0.364998734042279,87.19335036,90.19335036,,
perc_dis,observed_features_skeleton,most_abundant_class_skeleton,D_0__Bacteria;D_1__Proteobacteria;D_2__Gammaproteobacteria,101527,skeleton,caper,"pgls(x_trait~y_trait, data=comp.data, lambda=1,kappa=ML,delta=1)",0.425425126,0.130774006,-0.043071193,-25.90652518,216.065431388217 + 105.277108224183 - 101.357108224183,"lambda=1,delta=1,kappa=ML",1e-06 -/+ 1.94562372739988,88.12647162,91.12647162,Model_3l_AIC,Model_3l_AICc
perc_bbd,observed_features_skeleton,most_abundant_class_skeleton,D_0__Bacteria;D_1__Proteobacteria;D_2__Gammaproteobacteria,101527,skeleton,caper,"pgls(x_trait~y_trait, data=comp.data)",0.515870028,0.088961499,-0.093246202,-93.59000075,166.741364219183 + 122.083123693778 - 118.163123693778,"lambda=1,delta=1,kappa=1",NA,90.31980296,93.31980296,,
perc_bbd,observed_features_skeleton,most_abundant_class_skeleton,D_0__Bacteria;D_1__Proteobacteria;D_2__Gammaproteobacteria,101527,skeleton,caper,"pgls(x_trait~y_trait, data=comp.data, lambda=ML,kappa=1,delta=1)",0.408592207,0.139844512,-0.032186585,-68.35803906,154.691416923324 + 42.3248826451192 - 38.4048826451192,"lambda=ML,delta=1,kappa=1",1e-06 -/+ 0.79287694478396,84.2204069,87.2204069,,
perc_bbd,observed_features_skeleton,most_abundant_class_skeleton,D_0__Bacteria;D_1__Proteobacteria;D_2__Gammaproteobacteria,101527,skeleton,caper,"pgls(x_trait~y_trait, data=comp.data, lambda=1,kappa=1,delta=ML)",0.493093514,0.098478959,-0.08182525,-80.50489014,162.303167742253 + 72.7816723382561 - 68.8616723382561,"lambda=l,delta=ML,kappa=1",3 -/+ 0.681292111619504,87.41162491,90.41162491,,
perc_bbd,observed_features_skeleton,most_abundant_class_skeleton,D_0__Bacteria;D_1__Proteobacteria;D_2__Gammaproteobacteria,101527,skeleton,caper,"pgls(x_trait~y_trait, data=comp.data, lambda=1,kappa=ML,delta=1)",0.543277721,0.078322372,-0.106013154,-71.88880827,170.509728289202 + 82.4335764019646 - 78.5135764019646,"lambda=1,delta=1,kappa=ML",1e-06 -/+ 1.66280644442835,88.53661817,91.53661817,Model_3l_AIC,Model_3l_AICc
perc_wd,observed_features_skeleton,most_abundant_class_skeleton,D_0__Bacteria;D_1__Proteobacteria;D_2__Gammaproteobacteria,101527,skeleton,caper,"pgls(x_trait~y_trait, data=comp.data)",0.188335888,0.316803326,0.180163991,-335.6907571,205.543071667684 + 108.920568230919 - 105.000568230919,"lambda=1,delta=1,kappa=1",NA,88.30518627,91.30518627,,
perc_wd,observed_features_skeleton,most_abundant_class_skeleton,D_0__Bacteria;D_1__Proteobacteria;D_2__Gammaproteobacteria,101527,skeleton,caper,"pgls(x_trait~y_trait, data=comp.data, lambda=ML,kappa=1,delta=1)",0.187198947,0.318141743,0.181770091,-187.1681673,169.593265015701 + 39.6254269831692 - 35.7054269831692,"lambda=ML,delta=1,kappa=1",1e-06 -/+ 0.869434873886703,82.5943673,85.5943673,,
perc_wd,observed_features_skeleton,most_abundant_class_skeleton,D_0__Bacteria;D_1__Proteobacteria;D_2__Gammaproteobacteria,101527,skeleton,caper,"pgls(x_trait~y_trait, data=comp.data, lambda=1,kappa=1,delta=ML)",0.209908711,0.292615089,0.151138106,-258.233436,190.514617500725 + 67.7582879748625 - 63.8382879748625,"lambda=l,delta=ML,kappa=1",3 -/+ 0.569640479743026,85.71406586,88.71406586,,
perc_wd,observed_features_skeleton,most_abundant_class_skeleton,D_0__Bacteria;D_1__Proteobacteria;D_2__Gammaproteobacteria,101527,skeleton,caper,"pgls(x_trait~y_trait, data=comp.data, lambda=1,kappa=ML,delta=1)",0.145431989,0.372643344,0.247172012,-316.6919195,199.752939852449 + 70.2491612251537 - 66.3291612251538,"lambda=1,delta=1,kappa=ML",1e-06 -/+ 1.39061486084942,85.84385601,88.84385601,Model_3l_AIC,Model_3l_AICc
perc_dis,dominance_skeleton,most_abundant_class_skeleton,D_0__Bacteria;D_1__Proteobacteria;D_2__Gammaproteobacteria,101527,skeleton,caper,"pgls(x_trait~y_trait, data=comp.data)",0.122023625,0.408867907,0.290641488,0.0416358202169228 + 1.98238890638221 - -1.93761109361779,0.00248913905968962 + 2.03430329058117 - -1.88569670941883,"lambda=1,delta=1,kappa=1",NA,-15.59672825,-12.59672825,,
perc_dis,dominance_skeleton,most_abundant_class_skeleton,D_0__Bacteria;D_1__Proteobacteria;D_2__Gammaproteobacteria,101527,skeleton,caper,"pgls(x_trait~y_trait, data=comp.data, lambda=ML,kappa=1,delta=1)",0.512577114,0.09029858,-0.091641704,0.0108626616708198 + 1.97541914267271 - -1.94458085732729,0.0719438582719454 + 1.99687230247492 - -1.92312769752508,"lambda=ML,delta=1,kappa=1",1e-06 -/+ NA,-16.59841707,-13.59841707,,
perc_dis,dominance_skeleton,most_abundant_class_skeleton,D_0__Bacteria;D_1__Proteobacteria;D_2__Gammaproteobacteria,101527,skeleton,caper,"pgls(x_trait~y_trait, data=comp.data, lambda=1,kappa=1,delta=ML)",0.312876581,0.201104223,0.041325068,0.0226598090899979 + 1.98019787646294 - -1.93980212353706,0.0424366091806326 + 2.01680292339597 - -1.90319707660403,"lambda=l,delta=ML,kappa=1",3 -/+ 0.0309925325620288,-15.83514795,-12.83514795,,
perc_dis,dominance_skeleton,most_abundant_class_skeleton,D_0__Bacteria;D_1__Proteobacteria;D_2__Gammaproteobacteria,101527,skeleton,caper,"pgls(x_trait~y_trait, data=comp.data, lambda=1,kappa=ML,delta=1)",0.011984524,0.747895,0.697474,0.0570833299189517 + 1.97482158713791 - -1.94517841286209,3.887041247,"lambda=1,delta=1,kappa=ML",3 -/+ 0.865523216773953,-19.17166242,-16.17166242,Model_3k_AIC,Model_3k_AICc
perc_bbd,dominance_skeleton,most_abundant_class_skeleton,D_0__Bacteria;D_1__Proteobacteria;D_2__Gammaproteobacteria,101527,skeleton,caper,"pgls(x_trait~y_trait, data=comp.data)",0.535603195,0.081214931,-0.102542083,0.0599172385345548 + 2.05012718620638 - -1.86987281379362,0.0702171619002638 + 2.03758021018054 - -1.88241978981946,"lambda=1,delta=1,kappa=1",NA,-12.50963921,-9.509639212,,
perc_bbd,dominance_skeleton,most_abundant_class_skeleton,D_0__Bacteria;D_1__Proteobacteria;D_2__Gammaproteobacteria,101527,skeleton,caper,"pgls(x_trait~y_trait, data=comp.data, lambda=ML,kappa=1,delta=1)",0.513240478,0.090028182,-0.091966181,0.0420443579958055 + 2.01977883588395 - -1.90022116411605,0.079191825350661 + 1.99009982844079 - -1.92990017155921,"lambda=ML,delta=1,kappa=1",1e-06 -/+ 0.956375844611616,-16.59633672,-13.59633672,,
perc_bbd,dominance_skeleton,most_abundant_class_skeleton,D_0__Bacteria;D_1__Proteobacteria;D_2__Gammaproteobacteria,101527,skeleton,caper,"pgls(x_trait~y_trait, data=comp.data, lambda=1,kappa=1,delta=ML)",0.539255123,0.079830262,-0.104203685,0.0506178546664128 + 2.03685443382023 - -1.88314556617977,0.0734860608716407 + 2.00764676213937 - -1.91235323786063,"lambda=l,delta=ML,kappa=1",3 -/+ 0.494684076553105,-14.84585436,-11.84585436,,
perc_bbd,dominance_skeleton,most_abundant_class_skeleton,D_0__Bacteria;D_1__Proteobacteria;D_2__Gammaproteobacteria,101527,skeleton,caper,"pgls(x_trait~y_trait, data=comp.data, lambda=1,kappa=ML,delta=1)",0.571252424,0.068325076,-0.118009908,0.0526988304551419 + 2.04702782212111 - -1.87297217787889,0.0699037406065087 + 2.02812969793114 - -1.89187030206886,"lambda=1,delta=1,kappa=ML",0.572034184826743 -/+ NA,-12.60262143,-9.602621429,Model_3l_AIC,Model_3l_AICc
perc_wd,dominance_skeleton,most_abundant_class_skeleton,D_0__Bacteria;D_1__Proteobacteria;D_2__Gammaproteobacteria,101527,skeleton,caper,"pgls(x_trait~y_trait, data=comp.data)",0.090456265,0.467190661,0.360628793,0.265228008335714 + 2.08666983937438 - -1.83333016062562,0.0347252778621725 + 2.02074667053029 - -1.89925332946971,"lambda=1,delta=1,kappa=1",NA,-16.32385922,-13.32385922,,
perc_wd,dominance_skeleton,most_abundant_class_skeleton,D_0__Bacteria;D_1__Proteobacteria;D_2__Gammaproteobacteria,101527,skeleton,caper,"pgls(x_trait~y_trait, data=comp.data, lambda=ML,kappa=1,delta=1)",0.194801187,0.309318352,0.171182023,0.136603286662323 + 2.05128769906845 - -1.86871230093155,0.0658046498870635 + 1.98748334809101 - -1.93251665190899,"lambda=ML,delta=1,kappa=1",1e-06 -/+ NA,-18.52647909,-15.52647909,,
perc_wd,dominance_skeleton,most_abundant_class_skeleton,D_0__Bacteria;D_1__Proteobacteria;D_2__Gammaproteobacteria,101527,skeleton,caper,"pgls(x_trait~y_trait, data=comp.data, lambda=1,kappa=1,delta=ML)",0.142147415,0.377439766,0.25292772,0.198267805457119 + 2.07387648630202 - -1.84612351369798,0.0477156899975745 + 2.00110537004014 - -1.91889462995986,"lambda=l,delta=ML,kappa=1",3 -/+ 0.203553840929323,-17.58087872,-14.58087872,,
perc_wd,dominance_skeleton,most_abundant_class_skeleton,D_0__Bacteria;D_1__Proteobacteria;D_2__Gammaproteobacteria,101527,skeleton,caper,"pgls(x_trait~y_trait, data=comp.data, lambda=1,kappa=ML,delta=1)",0.093317348,0.461333901,0.353600681,0.260297350733539 + 2.08578732542011 - -1.83421267457989,0.0366282188817429 + 2.01802242782467 - -1.90197757217533,"lambda=1,delta=1,kappa=ML",0.844342716898545 -/+ NA,-16.33265321,-13.33265321,Model_3l_AIC,Model_3l_AICc
perc_dis,gini_index_skeleton,most_abundant_class_skeleton,D_0__Bacteria;D_1__Proteobacteria;D_2__Gammaproteobacteria,101527,skeleton,caper,"pgls(x_trait~y_trait, data=comp.data)",0.831211713,0.009984526,-0.188018569,3.905335439,0.846203496376849 + 2.17672873364765 - -1.74327126635235,"lambda=1,delta=1,kappa=1",NA,-0.609850641,2.390149359,,
perc_dis,gini_index_skeleton,most_abundant_class_skeleton,D_0__Bacteria;D_1__Proteobacteria;D_2__Gammaproteobacteria,101527,skeleton,caper,"pgls(x_trait~y_trait, data=comp.data, lambda=ML,kappa=1,delta=1)",0.97388367,0.000236717,-0.19971594,0.00132074466606913 + 1.99838554887398 - -1.92161445112602,0.819590572245832 + 2.05179262419383 - -1.86820737580617,"lambda=ML,delta=1,kappa=1",1e-06 -/+ NA,-3.829419024,-0.829419024,,
perc_dis,gini_index_skeleton,most_abundant_class_skeleton,D_0__Bacteria;D_1__Proteobacteria;D_2__Gammaproteobacteria,101527,skeleton,caper,"pgls(x_trait~y_trait, data=comp.data, lambda=1,kappa=1,delta=ML)",0.878307478,0.005165048,-0.193801942,3.911629118,0.837439639448174 + 2.10611321977198 - -1.81388678022802,"lambda=l,delta=ML,kappa=1",3 -/+ 0.401751609982125,-2.608031861,0.391968139,,
perc_dis,gini_index_skeleton,most_abundant_class_skeleton,D_0__Bacteria;D_1__Proteobacteria;D_2__Gammaproteobacteria,101527,skeleton,caper,"pgls(x_trait~y_trait, data=comp.data, lambda=1,kappa=ML,delta=1)",0.608588705,0.056251668,-0.132497998,3.8898286,0.832607920247848 + 2.12604270566635 - -1.79395729433365,"lambda=1,delta=1,kappa=ML",1e-06 -/+ 2.07869222856128,-1.93991374,1.06008626,Model_3l_AIC,Model_3l_AICc
perc_bbd,gini_index_skeleton,most_abundant_class_skeleton,D_0__Bacteria;D_1__Proteobacteria;D_2__Gammaproteobacteria,101527,skeleton,caper,"pgls(x_trait~y_trait, data=comp.data)",0.254283782,0.248991943,0.098790332,0.236459202900168 + 2.1436542022945 - -1.7763457977055,0.740036577735139 + 2.11808694595124 - -1.80191305404876,"lambda=1,delta=1,kappa=1",NA,-2.543979994,0.456020006,,
perc_bbd,gini_index_skeleton,most_abundant_class_skeleton,D_0__Bacteria;D_1__Proteobacteria;D_2__Gammaproteobacteria,101527,skeleton,caper,"pgls(x_trait~y_trait, data=comp.data, lambda=ML,kappa=1,delta=1)",0.189222057,0.315764787,0.178917744,0.186985834077487 + 2.0830961770851 - -1.8369038229149,0.768805243400952 + 2.02198136442757 - -1.89801863557243,"lambda=ML,delta=1,kappa=1",1e-06 -/+ 0.99322588118735,-6.4839366,-3.4839366,,
perc_bbd,gini_index_skeleton,most_abundant_class_skeleton,D_0__Bacteria;D_1__Proteobacteria;D_2__Gammaproteobacteria,101527,skeleton,caper,"pgls(x_trait~y_trait, data=comp.data, lambda=1,kappa=1,delta=ML)",0.237082717,0.265029665,0.118035597,0.212596234799897 + 2.11832818323069 - -1.80167181676931,0.748470729736101 + 2.05815732042211 - -1.86184267957789,"lambda=l,delta=ML,kappa=1",3 -/+ 0.455322138484358,-4.727258812,-1.727258812,,
perc_bbd,gini_index_skeleton,most_abundant_class_skeleton,D_0__Bacteria;D_1__Proteobacteria;D_2__Gammaproteobacteria,101527,skeleton,caper,"pgls(x_trait~y_trait, data=comp.data, lambda=1,kappa=ML,delta=1)",0.240089707,0.262151629,0.114581954,0.213913821957228 + 2.12049485935408 - -1.79950514064592,0.721089671799594 + 2.07105373126953 - -1.84894626873047,"lambda=1,delta=1,kappa=ML",1e-06 -/+ 1.90994624149576,-3.662762058,-0.662762058,Model_3l_AIC,Model_3l_AICc
perc_wd,gini_index_skeleton,most_abundant_class_skeleton,D_0__Bacteria;D_1__Proteobacteria;D_2__Gammaproteobacteria,101527,skeleton,caper,"pgls(x_trait~y_trait, data=comp.data)",0.144448252,0.374070895,0.248885074,0.534907874036168 + 2.26944224472759 - -1.6505577552724,0.705406844921638 + 2.10839827840203 - -1.81160172159797,"lambda=1,delta=1,kappa=1",NA,-3.819234853,-0.819234853,,
perc_wd,gini_index_skeleton,most_abundant_class_skeleton,D_0__Bacteria;D_1__Proteobacteria;D_2__Gammaproteobacteria,101527,skeleton,caper,"pgls(x_trait~y_trait, data=comp.data, lambda=ML,kappa=1,delta=1)",0.115309988,0.420235427,0.304282513,0.378105511900106 + 2.15861292720857 - -1.76138707279143,0.75180983430674 + 2.01979500271722 - -1.90020499728278,"lambda=ML,delta=1,kappa=1",1e-06 -/+ NA,-7.643693975,-4.643693975,,
perc_wd,gini_index_skeleton,most_abundant_class_skeleton,D_0__Bacteria;D_1__Proteobacteria;D_2__Gammaproteobacteria,101527,skeleton,caper,"pgls(x_trait~y_trait, data=comp.data, lambda=1,kappa=1,delta=ML)",0.142227633,0.377321596,0.252785916,0.456954093825211 + 2.22252075252436 - -1.69747924747565,0.721221548082871 + 2.05476067471128 - -1.86523932528872,"lambda=l,delta=ML,kappa=1",3 -/+ 0.423969963116417,-5.887858524,-2.887858524,,
perc_wd,gini_index_skeleton,most_abundant_class_skeleton,D_0__Bacteria;D_1__Proteobacteria;D_2__Gammaproteobacteria,101527,skeleton,caper,"pgls(x_trait~y_trait, data=comp.data, lambda=1,kappa=ML,delta=1)",0.101237072,0.445780106,0.334936127,0.540852865716882 + 2.22969621237633 - -1.69030378762367,0.691129755993909 + 2.05899685381499 - -1.86100314618501,"lambda=1,delta=1,kappa=ML",1e-06 -/+ 1.57975115942466,-5.665999766,-2.665999766,Model_3l_AIC,Model_3l_AICc
perc_dis,observed_features_tissue,most_abundant_class_tissue,D_0__Bacteria;D_1__Proteobacteria;D_2__Gammaproteobacteria,494899,tissue,caper,"pgls(x_trait~y_trait, data=comp.data)",0.095889994,0.115885281,0.077445511,4.71146777425555 + 4.67351656848033 - 0.753516568480332,135.763794739986 + 128.418898487894 - 124.498898487894,"lambda=1,delta=1,kappa=1",NA,303.9843895,304.5298441,,
perc_dis,observed_features_tissue,most_abundant_class_tissue,D_0__Bacteria;D_1__Proteobacteria;D_2__Gammaproteobacteria,494899,tissue,caper,"pgls(x_trait~y_trait, data=comp.data, lambda=ML,kappa=1,delta=1)",0.068182828,0.137358262,0.0998521,4.55322950391294 + 4.33926854570559 - 0.419268545705587,136.099212148959 + 102.835999682232 - 98.9159996822319,"lambda=ML,delta=1,kappa=1",0.983173856291417 -/+ 0.998493606084066,297.3509624,297.8964169,,
perc_dis,observed_features_tissue,most_abundant_class_tissue,D_0__Bacteria;D_1__Proteobacteria;D_2__Gammaproteobacteria,494899,tissue,caper,"pgls(x_trait~y_trait, data=comp.data, lambda=1,kappa=1,delta=ML)",0.127883281,0.097852992,0.058629209,4.48207076511313 + 4.79769942374705 - 0.877699423747049,139.64957828097 + 61.7122610507242 - 57.7922610507242,"lambda=l,delta=ML,kappa=1",3 -/+ 0.950837991487109,300.3018788,300.8473333,,
perc_dis,observed_features_tissue,most_abundant_class_tissue,D_0__Bacteria;D_1__Proteobacteria;D_2__Gammaproteobacteria,494899,tissue,caper,"pgls(x_trait~y_trait, data=comp.data, lambda=1,kappa=ML,delta=1)",0.082710015,0.125189968,0.087154749,4.57830487040173 + 4.48355575351732 - 0.563555753517321,134.692226282391 + 82.5736740579032 - 78.6536740579032,"lambda=1,delta=1,kappa=ML",0.545894638040695 -/+ 0.901146152448543,297.4195708,297.9650253,Model_3l_AIC,Model_3l_AICc
perc_bbd,observed_features_tissue,most_abundant_class_tissue,D_0__Bacteria;D_1__Proteobacteria;D_2__Gammaproteobacteria,494899,tissue,caper,"pgls(x_trait~y_trait, data=comp.data)",0.216082114,0.065724266,0.025103582,-103.4482484,174.289831976587 + 131.958640864275 - 128.038640864275,"lambda=1,delta=1,kappa=1",NA,305.3640092,305.9094638,,
perc_bbd,observed_features_tissue,most_abundant_class_tissue,D_0__Bacteria;D_1__Proteobacteria;D_2__Gammaproteobacteria,494899,tissue,caper,"pgls(x_trait~y_trait, data=comp.data, lambda=ML,kappa=1,delta=1)",0.103201516,0.111269363,0.0726289,-113.7008759,175.484340411448 + 99.7123520728741 - 95.7923520728741,"lambda=ML,delta=1,kappa=1",0.970437522694274 -/+ 0.997863973656508,298.1305959,298.6760505,,
perc_bbd,observed_features_tissue,most_abundant_class_tissue,D_0__Bacteria;D_1__Proteobacteria;D_2__Gammaproteobacteria,494899,tissue,caper,"pgls(x_trait~y_trait, data=comp.data, lambda=1,kappa=1,delta=ML)",0.200392178,0.070249961,0.029826046,-104.9158712,179.029334182723 + 62.8157049769729 - 58.8957049769729,"lambda=l,delta=ML,kappa=1",3 -/+ 1.13889984770716,301.055336,301.6007905,,
perc_bbd,observed_features_tissue,most_abundant_class_tissue,D_0__Bacteria;D_1__Proteobacteria;D_2__Gammaproteobacteria,494899,tissue,caper,"pgls(x_trait~y_trait, data=comp.data, lambda=1,kappa=ML,delta=1)",0.036089877,0.177263578,0.14149243,-133.1871865,171.970572181399 + 72.2394193585718 - 68.3194193585718,"lambda=1,delta=1,kappa=ML",0.394908870400119 -/+ 0.8036078390723,296.1915685,296.7370231,Model_3k_AIC,Model_3k_AICc
perc_wd,observed_features_tissue,most_abundant_class_tissue,D_0__Bacteria;D_1__Proteobacteria;D_2__Gammaproteobacteria,494899,tissue,caper,"pgls(x_trait~y_trait, data=comp.data)",0.788771606,0.003184056,-0.040155768,-4.347976515,160.717038618556 + 136.01870434332 - 132.09870434332,"lambda=1,delta=1,kappa=1",NA,306.9838725,307.529327,,
perc_wd,observed_features_tissue,most_abundant_class_tissue,D_0__Bacteria;D_1__Proteobacteria;D_2__Gammaproteobacteria,494899,tissue,caper,"pgls(x_trait~y_trait, data=comp.data, lambda=ML,kappa=1,delta=1)",0.784523719,0.003316459,-0.040017608,-3.339791728,159.890064741705 + 108.315541895416 - 104.395541895416,"lambda=ML,delta=1,kappa=1",0.978997528863165 -/+ 0.998682225778496,300.9232097,301.4686643,,
perc_wd,observed_features_tissue,most_abundant_class_tissue,D_0__Bacteria;D_1__Proteobacteria;D_2__Gammaproteobacteria,494899,tissue,caper,"pgls(x_trait~y_trait, data=comp.data, lambda=1,kappa=1,delta=ML)",0.829645849,0.002054794,-0.041334128,-2.787294517,163.010351623309 + 64.4835543670765 - 60.5635543670765,"lambda=l,delta=ML,kappa=1",3 -/+ 1.09647273877291,302.8249009,303.3703554,,
perc_wd,observed_features_tissue,most_abundant_class_tissue,D_0__Bacteria;D_1__Proteobacteria;D_2__Gammaproteobacteria,494899,tissue,caper,"pgls(x_trait~y_trait, data=comp.data, lambda=1,kappa=ML,delta=1)",0.865878123,0.001266704,-0.042156483,-0.632974891,157.579548909916 + 86.1485695257296 - 82.2285695257296,"lambda=1,delta=1,kappa=ML",0.5239625827832 -/+ 0.905354460485045,300.7189983,301.2644528,Model_3k_AIC,Model_3k_AICc
perc_dis,dominance_tissue,most_abundant_class_tissue,D_0__Bacteria;D_1__Proteobacteria;D_2__Gammaproteobacteria,494899,tissue,caper,"pgls(x_trait~y_trait, data=comp.data)",0.000285034,0.442556541,0.418319869,0.0192555294320049 + 1.96450617003919 - -1.95549382996081,0.0970994879120626 + 2.17000251340804 - -1.74999748659196,"lambda=1,delta=1,kappa=1",NA,-16.04326656,-15.49781201,,
perc_dis,dominance_tissue,most_abundant_class_tissue,D_0__Bacteria;D_1__Proteobacteria;D_2__Gammaproteobacteria,494899,tissue,caper,"pgls(x_trait~y_trait, data=comp.data, lambda=ML,kappa=1,delta=1)",0.000438809,0.42224742,0.397127742,0.0174485210165716 + 1.96425580918452 - -1.95574419081548,0.119924557791269 + 1.99530392355072 - -1.92469607644928,"lambda=ML,delta=1,kappa=1",0.0770786189312204 -/+ 0.646836237517342,-34.98640881,-34.44095426,,
perc_dis,dominance_tissue,most_abundant_class_tissue,D_0__Bacteria;D_1__Proteobacteria;D_2__Gammaproteobacteria,494899,tissue,caper,"pgls(x_trait~y_trait, data=comp.data, lambda=1,kappa=1,delta=ML)",0.000301959,0.43987915,0.41552607,0.0190249849306948 + 1.96447645872542 - -1.95552354127458,0.0941496912503059 + 2.05425893669567 - -1.86574106330433,"lambda=l,delta=ML,kappa=1",3 -/+ 1.62737694669619,-22.29395475,-21.7485002,,
perc_dis,dominance_tissue,most_abundant_class_tissue,D_0__Bacteria;D_1__Proteobacteria;D_2__Gammaproteobacteria,494899,tissue,caper,"pgls(x_trait~y_trait, data=comp.data, lambda=1,kappa=ML,delta=1)",6.61E-05,0.506630405,0.485179553,0.0180284598930424 + 1.96370966997929 - -1.95629033002071,0.103460789352584 + 2.04095500427425 - -1.87904499572575,"lambda=1,delta=1,kappa=ML",1e-06 -/+ 0.403624782552435,-29.51619354,-28.97073899,Model_3l_AIC,Model_3l_AICc
perc_bbd,dominance_tissue,most_abundant_class_tissue,D_0__Bacteria;D_1__Proteobacteria;D_2__Gammaproteobacteria,494899,tissue,caper,"pgls(x_trait~y_trait, data=comp.data)",0.950036244,0.00017445,-0.043296226,3.908431493,0.18864415244996 + 2.24124990808311 - -1.67875009191689,"lambda=1,delta=1,kappa=1",NA,-1.437773182,-0.892318637,,
perc_bbd,dominance_tissue,most_abundant_class_tissue,D_0__Bacteria;D_1__Proteobacteria;D_2__Gammaproteobacteria,494899,tissue,caper,"pgls(x_trait~y_trait, data=comp.data, lambda=ML,kappa=1,delta=1)",0.802942691,0.002763056,-0.040595072,3.891469477,0.205435416304459 + 1.99438525961082 - -1.92561474038918,"lambda=ML,delta=1,kappa=1",1e-06 -/+ 0.444453980932111,-22.02461457,-21.47916003,,
perc_bbd,dominance_tissue,most_abundant_class_tissue,D_0__Bacteria;D_1__Proteobacteria;D_2__Gammaproteobacteria,494899,tissue,caper,"pgls(x_trait~y_trait, data=comp.data, lambda=1,kappa=1,delta=ML)",0.930957614,0.000333484,-0.043130277,3.904987513,0.184584004804299 + 2.08633152749379 - -1.83366847250621,"lambda=l,delta=ML,kappa=1",3 -/+ 1.65612628551565,-7.812225371,-7.266770825,,
perc_bbd,dominance_tissue,most_abundant_class_tissue,D_0__Bacteria;D_1__Proteobacteria;D_2__Gammaproteobacteria,494899,tissue,caper,"pgls(x_trait~y_trait, data=comp.data, lambda=1,kappa=ML,delta=1)",0.951033467,0.000167548,-0.043303429,3.912816863,0.194110033982035 + 2.07281956617685 - -1.84718043382315,"lambda=1,delta=1,kappa=ML",1e-06 -/+ 0.480521594204021,-11.85796505,-11.31251051,Model_3l_AIC,Model_3l_AICc
perc_wd,dominance_tissue,most_abundant_class_tissue,D_0__Bacteria;D_1__Proteobacteria;D_2__Gammaproteobacteria,494899,tissue,caper,"pgls(x_trait~y_trait, data=comp.data)",0.475644306,0.022354643,-0.020151676,3.874183514,0.203431992411174 + 2.23765608593959 - -1.68234391406042,"lambda=1,delta=1,kappa=1",NA,-1.998618951,-1.453164406,,
perc_wd,dominance_tissue,most_abundant_class_tissue,D_0__Bacteria;D_1__Proteobacteria;D_2__Gammaproteobacteria,494899,tissue,caper,"pgls(x_trait~y_trait, data=comp.data, lambda=ML,kappa=1,delta=1)",0.663473933,0.008377223,-0.034736811,3.899090383,0.211139077366277 + 1.99746655687814 - -1.92253344312186,"lambda=ML,delta=1,kappa=1",1e-06 -/+ 0.438474359393209,-22.1657553,-21.62030075,,
perc_wd,dominance_tissue,most_abundant_class_tissue,D_0__Bacteria;D_1__Proteobacteria;D_2__Gammaproteobacteria,494899,tissue,caper,"pgls(x_trait~y_trait, data=comp.data, lambda=1,kappa=1,delta=ML)",0.492876171,0.020676893,-0.021902372,3.877403702,0.19891634164616 + 2.08399931643992 - -1.83600068356008,"lambda=l,delta=ML,kappa=1",3 -/+ 1.64764463848909,-8.326228207,-7.780773662,,
perc_wd,dominance_tissue,most_abundant_class_tissue,D_0__Bacteria;D_1__Proteobacteria;D_2__Gammaproteobacteria,494899,tissue,caper,"pgls(x_trait~y_trait, data=comp.data, lambda=1,kappa=ML,delta=1)",0.771624526,0.003736294,-0.039579519,3.905430937,0.196587127691744 + 2.07252751975093 - -1.84747248024907,"lambda=1,delta=1,kappa=ML",1e-06 -/+ 0.498647907138073,-11.94735829,-11.40190375,Model_3l_AIC,Model_3l_AICc
perc_dis,gini_index_tissue,most_abundant_class_tissue,D_0__Bacteria;D_1__Proteobacteria;D_2__Gammaproteobacteria,494899,tissue,caper,"pgls(x_trait~y_trait, data=comp.data)",0.891220206,0.000830711,-0.042611432,3.918733665,0.900584471342476 + 2.38677245725519 - -1.53322754274481,"lambda=1,delta=1,kappa=1",NA,19.41330769,19.95876223,,
perc_dis,gini_index_tissue,most_abundant_class_tissue,D_0__Bacteria;D_1__Proteobacteria;D_2__Gammaproteobacteria,494899,tissue,caper,"pgls(x_trait~y_trait, data=comp.data, lambda=ML,kappa=1,delta=1)",0.514413004,0.018709886,-0.023954902,0.002353294501485 + 1.96355365699513 - -1.95644634300487,0.881414543662275 + 1.98413616954803 - -1.93586383045197,"lambda=ML,delta=1,kappa=1",1e-06 -/+ 0.33813472397798,-45.15055792,-44.60510337,,
perc_dis,gini_index_tissue,most_abundant_class_tissue,D_0__Bacteria;D_1__Proteobacteria;D_2__Gammaproteobacteria,494899,tissue,caper,"pgls(x_trait~y_trait, data=comp.data, lambda=1,kappa=1,delta=ML)",0.914476087,0.000512344,-0.042943641,3.919046723,0.900556472876742 + 2.14486339497805 - -1.77513660502195,"lambda=l,delta=ML,kappa=1",3 -/+ 1.92952149857417,11.38462055,11.93007509,,
perc_dis,gini_index_tissue,most_abundant_class_tissue,D_0__Bacteria;D_1__Proteobacteria;D_2__Gammaproteobacteria,494899,tissue,caper,"pgls(x_trait~y_trait, data=comp.data, lambda=1,kappa=ML,delta=1)",0.764497652,0.00397985,-0.039325374,0.00107574213236458 + 1.96354850117588 - -1.95645149882412,0.890914449520658 + 2.03743786629658 - -1.88256213370342,"lambda=1,delta=1,kappa=ML",1e-06 -/+ 0.146067655910049,-31.73707393,-31.19161939,Model_3l_AIC,Model_3l_AICc
perc_bbd,gini_index_tissue,most_abundant_class_tissue,D_0__Bacteria;D_1__Proteobacteria;D_2__Gammaproteobacteria,494899,tissue,caper,"pgls(x_trait~y_trait, data=comp.data)",0.839706549,0.001816236,-0.041583058,0.056660562667117 + 2.23697214223376 - -1.68302785776624,0.885940536505597 + 2.38656801576042 - -1.53343198423958,"lambda=1,delta=1,kappa=1",NA,19.38863691,19.93409145,,
perc_bbd,gini_index_tissue,most_abundant_class_tissue,D_0__Bacteria;D_1__Proteobacteria;D_2__Gammaproteobacteria,494899,tissue,caper,"pgls(x_trait~y_trait, data=comp.data, lambda=ML,kappa=1,delta=1)",0.157680603,0.084870185,0.045081932,0.100374534158298 + 2.0287263694983 - -1.8912736305017,0.876420189327494 + 1.98090959189838 - -1.93909040810162,"lambda=ML,delta=1,kappa=1",1e-06 -/+ 0.281875336428593,-46.89561341,-46.35015886,,
perc_bbd,gini_index_tissue,most_abundant_class_tissue,D_0__Bacteria;D_1__Proteobacteria;D_2__Gammaproteobacteria,494899,tissue,caper,"pgls(x_trait~y_trait, data=comp.data, lambda=1,kappa=1,delta=ML)",0.808673529,0.00260176,-0.040763381,0.0615643299421048 + 2.21134249095122 - -1.70865750904878,0.885586796673369 + 2.14526740299913 - -1.77473259700087,"lambda=l,delta=ML,kappa=1",3 -/+ 1.93343619232687,11.33230368,11.87775823,,
perc_bbd,gini_index_tissue,most_abundant_class_tissue,D_0__Bacteria;D_1__Proteobacteria;D_2__Gammaproteobacteria,494899,tissue,caper,"pgls(x_trait~y_trait, data=comp.data, lambda=1,kappa=ML,delta=1)",0.477905209,0.022129022,-0.020387107,0.055576088654461 + 2.03703422660944 - -1.88296577339056,0.890584409721769 + 2.03511443343211 - -1.88488556656789,"lambda=1,delta=1,kappa=ML",1e-06 -/+ 0.145037895966967,-32.19681771,-31.65136317,Model_3l_AIC,Model_3l_AICc
perc_wd,gini_index_tissue,most_abundant_class_tissue,D_0__Bacteria;D_1__Proteobacteria;D_2__Gammaproteobacteria,494899,tissue,caper,"pgls(x_trait~y_trait, data=comp.data)",0.633322772,0.010061105,-0.032979717,0.0466566448724696 + 2.05650080609334 - -1.86349919390666,0.877805041224808 + 2.38410508974356 - -1.53589491025644,"lambda=1,delta=1,kappa=1",NA,19.18128259,19.72673713,,
perc_wd,gini_index_tissue,most_abundant_class_tissue,D_0__Bacteria;D_1__Proteobacteria;D_2__Gammaproteobacteria,494899,tissue,caper,"pgls(x_trait~y_trait, data=comp.data, lambda=ML,kappa=1,delta=1)",0.121505731,0.101044545,0.061959525,0.0460981568306444 + 1.98867030365695 - -1.93132969634305,0.869428223898068 + 1.98264491522565 - -1.93735508477435,"lambda=ML,delta=1,kappa=1",1e-06 -/+ 0.354078953018515,-47.34142455,-46.79597001,,
perc_wd,gini_index_tissue,most_abundant_class_tissue,D_0__Bacteria;D_1__Proteobacteria;D_2__Gammaproteobacteria,494899,tissue,caper,"pgls(x_trait~y_trait, data=comp.data, lambda=1,kappa=1,delta=ML)",0.60819952,0.011609182,-0.031364331,0.0468608947000707 + 2.05015922976596 - -1.86984077023404,0.877552132107488 + 2.14289472580904 - -1.77710527419096,"lambda=l,delta=ML,kappa=1",3 -/+ 1.93598698976573,11.10550507,11.65095961,,
perc_wd,gini_index_tissue,most_abundant_class_tissue,D_0__Bacteria;D_1__Proteobacteria;D_2__Gammaproteobacteria,494899,tissue,caper,"pgls(x_trait~y_trait, data=comp.data, lambda=1,kappa=ML,delta=1)",0.154994447,0.085929117,0.046186905,0.0470373756143122 + 1.99198887216522 - -1.92801112783478,0.885905496949666 + 2.03256435443936 - -1.88743564556064,"lambda=1,delta=1,kappa=ML",1e-06 -/+ 0.13657755285169,-33.8835581,-33.33810356,Model_3l_AIC,Model_3l_AICc
perc_dis,observed_features_tissue,most_abundant_genus_tissue,D_0__Bacteria;D_1__Proteobacteria;D_2__Gammaproteobacteria;D_3__Oceanospirillales;D_4__Endozoicomonadaceae;D_5__Endozoicomonas,261343,tissue,caper,"pgls(x_trait~y_trait, data=comp.data)",0.128650041,0.297679861,0.197348412,4.12446337020338 + 4.35448028183677 - 0.434480281836773,136.969413354426 + 81.2823696964948 - 77.3623696964948,"lambda=1,delta=1,kappa=1",NA,105.5634073,107.5634073,,
perc_dis,observed_features_tissue,most_abundant_genus_tissue,D_0__Bacteria;D_1__Proteobacteria;D_2__Gammaproteobacteria;D_3__Oceanospirillales;D_4__Endozoicomonadaceae;D_5__Endozoicomonas,261343,tissue,caper,"pgls(x_trait~y_trait, data=comp.data, lambda=ML,kappa=1,delta=1)",0.121505731,0.101044545,0.061959525,0.0460981568306444 + 1.98867030365695 - -1.93132969634305,0.869428223898068 + 1.98264491522565 - -1.93735508477435,"lambda=ML,delta=1,kappa=1",1e-06 -/+ 0.354078953018515,-47.34142455,-46.79597001,,
perc_dis,observed_features_tissue,most_abundant_genus_tissue,D_0__Bacteria;D_1__Proteobacteria;D_2__Gammaproteobacteria;D_3__Oceanospirillales;D_4__Endozoicomonadaceae;D_5__Endozoicomonas,261343,tissue,caper,"pgls(x_trait~y_trait, data=comp.data, lambda=1,kappa=1,delta=ML)",0.190464503,0.230867992,0.120991991,3.86284353580556 + 4.62487398597687 - 0.704873985976874,136.250212754752 + 51.7067056283301 - 47.7867056283301,"lambda=l,delta=ML,kappa=1",3 -/+ 0.283984051710393,104.1662508,106.1662508,,
perc_dis,observed_features_tissue,most_abundant_genus_tissue,D_0__Bacteria;D_1__Proteobacteria;D_2__Gammaproteobacteria;D_3__Oceanospirillales;D_4__Endozoicomonadaceae;D_5__Endozoicomonas,261343,tissue,caper,"pgls(x_trait~y_trait, data=comp.data, lambda=1,kappa=ML,delta=1)",0.152309162,0.269252659,0.164860182,3.97129636541084 + 4.4327880874171 - 0.512788087417099,138.573253044681 + 77.3707237616422 - 73.4507237616422,"lambda=1,delta=1,kappa=ML",0.889238490261226 -/+ 2.49873408199296,105.5399752,107.5399752,Model_3l_AIC,Model_3l_AICc
perc_wd,observed_features_tissue,most_abundant_genus_tissue,D_0__Bacteria;D_1__Proteobacteria;D_2__Gammaproteobacteria;D_3__Oceanospirillales;D_4__Endozoicomonadaceae;D_5__Endozoicomonas,261343,tissue,caper,"pgls(x_trait~y_trait, data=comp.data)",0.817080082,0.008172894,-0.133516692,6.56156402044119 + 29.2804843159617 - 25.3604843159617,168.566683344182 + 93.8661384689505 - 89.9461384689505,"lambda=1,delta=1,kappa=1",NA,108.6698425,110.6698425,,
perc_wd,observed_features_tissue,most_abundant_genus_tissue,D_0__Bacteria;D_1__Proteobacteria;D_2__Gammaproteobacteria;D_3__Oceanospirillales;D_4__Endozoicomonadaceae;D_5__Endozoicomonas,261343,tissue,caper,"pgls(x_trait~y_trait, data=comp.data, lambda=ML,kappa=1,delta=1)",0.959260633,0.000400182,-0.142399792,1.93401753439426 + 38.4938522443612 - 34.5738522443611,139.55271639148 + 37.9706998515107 - 34.0506998515107,"lambda=ML,delta=1,kappa=1",1e-06 -/+ NA,107.4827498,109.4827498,,
perc_wd,observed_features_tissue,most_abundant_genus_tissue,D_0__Bacteria;D_1__Proteobacteria;D_2__Gammaproteobacteria;D_3__Oceanospirillales;D_4__Endozoicomonadaceae;D_5__Endozoicomonas,261343,tissue,caper,"pgls(x_trait~y_trait, data=comp.data, lambda=1,kappa=1,delta=ML)",0.847362695,0.00566712,-0.136380435,5.80789445481322 + 31.0373216544534 - 27.1173216544534,165.690704545022 + 54.1532622254825 - 50.2332622254825,"lambda=l,delta=ML,kappa=1",3 -/+ 0.479577467199793,106.4775356,108.4775356,,
perc_wd,observed_features_tissue,most_abundant_genus_tissue,D_0__Bacteria;D_1__Proteobacteria;D_2__Gammaproteobacteria;D_3__Oceanospirillales;D_4__Endozoicomonadaceae;D_5__Endozoicomonas,261343,tissue,caper,"pgls(x_trait~y_trait, data=comp.data, lambda=1,kappa=ML,delta=1)",0.907698333,0.002059917,-0.140502952,0.297082763,172.824844355251 + 58.4093396088663 - 54.4893396088663,"lambda=1,delta=1,kappa=ML",0.149732191896138 -/+ 1.53315012490607,107.1747636,109.1747636,Model_3d_AIC,Model_3d_AICc
perc_bbd,observed_features_tissue,most_abundant_genus_tissue,D_0__Bacteria;D_1__Proteobacteria;D_2__Gammaproteobacteria;D_3__Oceanospirillales;D_4__Endozoicomonadaceae;D_5__Endozoicomonas,261343,tissue,caper,"pgls(x_trait~y_trait, data=comp.data)",0.730334896,0.018057237,-0.1222203,-51.9771935,174.721180827018 + 93.3028264574217 - 89.3828264574217,"lambda=1,delta=1,kappa=1",NA,108.5797004,110.5797004,,
perc_bbd,observed_features_tissue,most_abundant_genus_tissue,D_0__Bacteria;D_1__Proteobacteria;D_2__Gammaproteobacteria;D_3__Oceanospirillales;D_4__Endozoicomonadaceae;D_5__Endozoicomonas,261343,tissue,caper,"pgls(x_trait~y_trait, data=comp.data, lambda=ML,kappa=1,delta=1)",0.398726632,0.103421216,-0.024661467,-177.8453905,153.848350940298 + 32.8332454943105 - 28.9132454943105,"lambda=ML,delta=1,kappa=1",1e-06 -/+ NA,106.5038302,108.5038302,,
perc_bbd,observed_features_tissue,most_abundant_genus_tissue,D_0__Bacteria;D_1__Proteobacteria;D_2__Gammaproteobacteria;D_3__Oceanospirillales;D_4__Endozoicomonadaceae;D_5__Endozoicomonas,261343,tissue,caper,"pgls(x_trait~y_trait, data=comp.data, lambda=1,kappa=1,delta=ML)",0.635944929,0.033782887,-0.104248129,-77.62294049,173.603714752394 + 53.1720931047755 - 49.2520931047755,"lambda=l,delta=ML,kappa=1",3 -/+ 0.524832034924892,106.2193844,108.2193844,,
perc_bbd,observed_features_tissue,most_abundant_genus_tissue,D_0__Bacteria;D_1__Proteobacteria;D_2__Gammaproteobacteria;D_3__Oceanospirillales;D_4__Endozoicomonadaceae;D_5__Endozoicomonas,261343,tissue,caper,"pgls(x_trait~y_trait, data=comp.data, lambda=1,kappa=ML,delta=1)",0.479778354,0.073707182,-0.058620364,-121.1416213,180.765418641876 + 54.2984013731426 - 50.3784013731426,"lambda=1,delta=1,kappa=ML",0.0363622149909927 -/+ 1.39159127001783,106.5521014,108.5521014,Model_3d_AIC,Model_3d_AICc
perc_dis,dominance_tissue,most_abundant_genus_tissue,D_0__Bacteria;D_1__Proteobacteria;D_2__Gammaproteobacteria;D_3__Oceanospirillales;D_4__Endozoicomonadaceae;D_5__Endozoicomonas,261343,tissue,caper,"pgls(x_trait~y_trait, data=comp.data)",0.068198829,0.398634481,0.312725121,0.0135589744895184 + 1.96629447704607 - -1.95370552295393,0.194207635274108 + 2.16851824885846 - -1.75148175114154,"lambda=1,delta=1,kappa=1",NA,-1.379072821,0.620927179,,
perc_dis,dominance_tissue,most_abundant_genus_tissue,D_0__Bacteria;D_1__Proteobacteria;D_2__Gammaproteobacteria;D_3__Oceanospirillales;D_4__Endozoicomonadaceae;D_5__Endozoicomonas,261343,tissue,caper,"pgls(x_trait~y_trait, data=comp.data, lambda=ML,kappa=1,delta=1)",0.1258328,0.301365791,0.201560904,0.0110233769883932 + 1.96634371389539 - -1.95365628610461,0.258941046456474 + 2.02567558383993 - -1.89432441616007,"lambda=ML,delta=1,kappa=1",1e-06 -/+ 0.776268316332774,-8.903363063,-6.903363063,,
perc_dis,dominance_tissue,most_abundant_genus_tissue,D_0__Bacteria;D_1__Proteobacteria;D_2__Gammaproteobacteria;D_3__Oceanospirillales;D_4__Endozoicomonadaceae;D_5__Endozoicomonas,261343,tissue,caper,"pgls(x_trait~y_trait, data=comp.data, lambda=1,kappa=1,delta=ML)",0.073966776,0.386305288,0.298634615,0.0132055880583944 + 1.96629099861783 - -1.95370900138217,0.203462726202434 + 2.07743761918817 - -1.84256238081183,"lambda=l,delta=ML,kappa=1",3 -/+ 0.834161808218504,-4.712009298,-2.712009298,,
perc_dis,dominance_tissue,most_abundant_genus_tissue,D_0__Bacteria;D_1__Proteobacteria;D_2__Gammaproteobacteria;D_3__Oceanospirillales;D_4__Endozoicomonadaceae;D_5__Endozoicomonas,261343,tissue,caper,"pgls(x_trait~y_trait, data=comp.data, lambda=1,kappa=ML,delta=1)",0.073371296,0.387540927,0.300046774,0.0123960058534286 + 1.96588996212404 - -1.95411003787596,0.201585909182133 + 2.06965414717293 - -1.85034585282707,"lambda=1,delta=1,kappa=ML",1e-06 -/+ 0.942671987056144,-5.514986019,-3.514986019,Model_3l_AIC,Model_3l_AICc
perc_bbd,dominance_tissue,most_abundant_genus_tissue,D_0__Bacteria;D_1__Proteobacteria;D_2__Gammaproteobacteria;D_3__Oceanospirillales;D_4__Endozoicomonadaceae;D_5__Endozoicomonas,261343,tissue,caper,"pgls(x_trait~y_trait, data=comp.data)",0.100170282,0.338689598,0.244216683,0.687720494573149 + 2.32321576881294 - -1.59678423118706,0.263023789766878 + 2.1729515105978 - -1.7470484894022,"lambda=1,delta=1,kappa=1",NA,-0.523889304,1.476110696,,
perc_bbd,dominance_tissue,most_abundant_genus_tissue,D_0__Bacteria;D_1__Proteobacteria;D_2__Gammaproteobacteria;D_3__Oceanospirillales;D_4__Endozoicomonadaceae;D_5__Endozoicomonas,261343,tissue,caper,"pgls(x_trait~y_trait, data=comp.data, lambda=ML,kappa=1,delta=1)",0.152668695,0.268851847,0.164402111,0.545316271972242 + 2.29989565949596 - -1.62010434050404,0.303186084085971 + 2.01187717547773 - -1.90812282452227,"lambda=ML,delta=1,kappa=1",1e-06 -/+ 0.71331047995696,-8.49396376,-6.49396376,,
perc_bbd,dominance_tissue,most_abundant_genus_tissue,D_0__Bacteria;D_1__Proteobacteria;D_2__Gammaproteobacteria;D_3__Oceanospirillales;D_4__Endozoicomonadaceae;D_5__Endozoicomonas,261343,tissue,caper,"pgls(x_trait~y_trait, data=comp.data, lambda=1,kappa=1,delta=ML)",0.100551519,0.338078114,0.243517845,0.681732004820118 + 2.3205450227479 - -1.5994549772521,0.266823387796505 + 2.07202261296157 - -1.84797738703843,"lambda=l,delta=ML,kappa=1",3 -/+ 0.890777663356428,-4.031159674,-2.031159674,,
perc_bbd,dominance_tissue,most_abundant_genus_tissue,D_0__Bacteria;D_1__Proteobacteria;D_2__Gammaproteobacteria;D_3__Oceanospirillales;D_4__Endozoicomonadaceae;D_5__Endozoicomonas,261343,tissue,caper,"pgls(x_trait~y_trait, data=comp.data, lambda=1,kappa=ML,delta=1)",0.067396106,0.400417272,0.314762597,0.71220849218955 + 2.28940203923929 - -1.63059796076071,0.247891458276516 + 2.06083093558314 - -1.85916906441686,"lambda=1,delta=1,kappa=ML",1e-06 -/+ 0.770553450555511,-5.706219463,-3.706219463,Model_3l_AIC,Model_3l_AICc
perc_wd,dominance_tissue,most_abundant_genus_tissue,D_0__Bacteria;D_1__Proteobacteria;D_2__Gammaproteobacteria;D_3__Oceanospirillales;D_4__Endozoicomonadaceae;D_5__Endozoicomonas,261343,tissue,caper,"pgls(x_trait~y_trait, data=comp.data)",0.071444898,0.391595426,0.304680487,3.790971716,0.357942603165396 + 2.16448876719423 - -1.75551123280577,"lambda=1,delta=1,kappa=1",NA,-1.274338519,0.725661481,,
perc_wd,dominance_tissue,most_abundant_genus_tissue,D_0__Bacteria;D_1__Proteobacteria;D_2__Gammaproteobacteria;D_3__Oceanospirillales;D_4__Endozoicomonadaceae;D_5__Endozoicomonas,261343,tissue,caper,"pgls(x_trait~y_trait, data=comp.data, lambda=ML,kappa=1,delta=1)",0.211547506,0.21263517,0.10015448,3.837046536,0.391986285873991 + 2.01946919431501 - -1.90053080568499,"lambda=ML,delta=1,kappa=1",1e-06 -/+ 0.85924573445193,-7.827283359,-5.827283359,,
perc_wd,dominance_tissue,most_abundant_genus_tissue,D_0__Bacteria;D_1__Proteobacteria;D_2__Gammaproteobacteria;D_3__Oceanospirillales;D_4__Endozoicomonadaceae;D_5__Endozoicomonas,261343,tissue,caper,"pgls(x_trait~y_trait, data=comp.data, lambda=1,kappa=1,delta=ML)",0.086445366,0.362128601,0.271004116,3.797302391,0.364268318173061 + 2.07047964526633 - -1.84952035473367,"lambda=l,delta=ML,kappa=1",3 -/+ 0.756235271443057,-4.364257392,-2.364257392,,
perc_wd,dominance_tissue,most_abundant_genus_tissue,D_0__Bacteria;D_1__Proteobacteria;D_2__Gammaproteobacteria;D_3__Oceanospirillales;D_4__Endozoicomonadaceae;D_5__Endozoicomonas,261343,tissue,caper,"pgls(x_trait~y_trait, data=comp.data, lambda=1,kappa=ML,delta=1)",0.104133719,0.332426427,0.237058774,3.805628108,0.341102239693756 + 2.06514925122923 - -1.85485074877077,"lambda=1,delta=1,kappa=ML",1e-06 -/+ 1.07820417129141,-4.73947865,-2.73947865,Model_3l_AIC,Model_3l_AICc
perc_dis,gini_index_tissue,most_abundant_genus_tissue,D_0__Bacteria;D_1__Proteobacteria;D_2__Gammaproteobacteria;D_3__Oceanospirillales;D_4__Endozoicomonadaceae;D_5__Endozoicomonas,261343,tissue,caper,"pgls(x_trait~y_trait, data=comp.data)",0.013987157,0.601956851,0.545093544,3.914081284,0.972269693205709 + 2.02026224487889 - -1.89973775512111,"lambda=1,delta=1,kappa=1",NA,-23.72284678,-21.72284678,,
perc_dis,gini_index_tissue,most_abundant_genus_tissue,D_0__Bacteria;D_1__Proteobacteria;D_2__Gammaproteobacteria;D_3__Oceanospirillales;D_4__Endozoicomonadaceae;D_5__Endozoicomonas,261343,tissue,caper,"pgls(x_trait~y_trait, data=comp.data, lambda=ML,kappa=1,delta=1)",0.265777373,0.172827947,0.05466051,3.916635575,0.952769529305639 + 1.98880136883142 - -1.93119863116858,"lambda=ML,delta=1,kappa=1",1e-06 -/+ NA,-23.74084065,-21.74084065,,
perc_dis,gini_index_tissue,most_abundant_genus_tissue,D_0__Bacteria;D_1__Proteobacteria;D_2__Gammaproteobacteria;D_3__Oceanospirillales;D_4__Endozoicomonadaceae;D_5__Endozoicomonas,261343,tissue,caper,"pgls(x_trait~y_trait, data=comp.data, lambda=1,kappa=1,delta=ML)",0.035263507,0.491882792,0.419294619,3.914602198,0.967888305845685 + 2.00030234619618 - -1.91969765380382,"lambda=l,delta=ML,kappa=1",2.75037280621066 -/+ 0.158780930630331,-24.42164741,-22.42164741,,
perc_dis,gini_index_tissue,most_abundant_genus_tissue,D_0__Bacteria;D_1__Proteobacteria;D_2__Gammaproteobacteria;D_3__Oceanospirillales;D_4__Endozoicomonadaceae;D_5__Endozoicomonas,261343,tissue,caper,"pgls(x_trait~y_trait, data=comp.data, lambda=1,kappa=ML,delta=1)",0.005094997,0.697183547,0.653924054,3.913745531,0.974677789682596 + 2.02833251207464 - -1.89166748792536,"lambda=1,delta=1,kappa=ML",1.34947475328949 -/+ 2.21298947650326,-24.36022011,-22.36022011,Model_3d_AIC,Model_3d_AICc
perc_bbd,gini_index_tissue,most_abundant_genus_tissue,D_0__Bacteria;D_1__Proteobacteria;D_2__Gammaproteobacteria;D_3__Oceanospirillales;D_4__Endozoicomonadaceae;D_5__Endozoicomonas,261343,tissue,caper,"pgls(x_trait~y_trait, data=comp.data)",0.697739353,0.022868757,-0.11672142,3.856519879,0.927211548241052 + 2.05195173315639 - -1.86804826684361,"lambda=1,delta=1,kappa=1",NA,-15.64030173,-13.64030173,,
perc_bbd,gini_index_tissue,most_abundant_genus_tissue,D_0__Bacteria;D_1__Proteobacteria;D_2__Gammaproteobacteria;D_3__Oceanospirillales;D_4__Endozoicomonadaceae;D_5__Endozoicomonas,261343,tissue,caper,"pgls(x_trait~y_trait, data=comp.data, lambda=ML,kappa=1,delta=1)",0.81002045,0.008825508,-0.132770848,0.0398196995349855 + 2.11949760541961 - -1.80050239458039,0.924349863699785 + 1.98434360378976 - -1.93565639621024,"lambda=ML,delta=1,kappa=1",1e-06 -/+ 0.772461502983806,-22.11293976,-20.11293976,,
perc_bbd,gini_index_tissue,most_abundant_genus_tissue,D_0__Bacteria;D_1__Proteobacteria;D_2__Gammaproteobacteria;D_3__Oceanospirillales;D_4__Endozoicomonadaceae;D_5__Endozoicomonas,261343,tissue,caper,"pgls(x_trait~y_trait, data=comp.data, lambda=1,kappa=1,delta=ML)",0.770943461,0.012917274,-0.128094545,3.871670026,0.926553216514802 + 2.0096140962619 - -1.9103859037381,"lambda=l,delta=ML,kappa=1",3 -/+ 0.740743794427959,-18.69082336,-16.69082336,,
perc_bbd,gini_index_tissue,most_abundant_genus_tissue,D_0__Bacteria;D_1__Proteobacteria;D_2__Gammaproteobacteria;D_3__Oceanospirillales;D_4__Endozoicomonadaceae;D_5__Endozoicomonas,261343,tissue,caper,"pgls(x_trait~y_trait, data=comp.data, lambda=1,kappa=ML,delta=1)",0.842364428,0.006048187,-0.13594493,3.885959458,0.92785317665154 + 2.01618728324209 - -1.90381271675791,"lambda=1,delta=1,kappa=ML",0.187241482219242 -/+ 1.35826856043962,-17.68333276,-15.68333276,Model_3l_AIC,Model_3l_AICc
perc_wd,gini_index_tissue,most_abundant_genus_tissue,D_0__Bacteria;D_1__Proteobacteria;D_2__Gammaproteobacteria;D_3__Oceanospirillales;D_4__Endozoicomonadaceae;D_5__Endozoicomonas,261343,tissue,caper,"pgls(x_trait~y_trait, data=comp.data)",0.200961296,0.221563073,0.110357798,0.0344762664229694 + 1.98442498088716 - -1.93557501911284,0.909480355139982 + 2.04216566183657 - -1.87783433816343,"lambda=1,delta=1,kappa=1",NA,-17.68629878,-15.68629878,,
perc_wd,gini_index_tissue,most_abundant_genus_tissue,D_0__Bacteria;D_1__Proteobacteria;D_2__Gammaproteobacteria;D_3__Oceanospirillales;D_4__Endozoicomonadaceae;D_5__Endozoicomonas,261343,tissue,caper,"pgls(x_trait~y_trait, data=comp.data, lambda=ML,kappa=1,delta=1)",0.454173567,0.082304165,-0.04879524,0.0208000349966406 + 1.98625146345315 - -1.93374853654685,0.914851662315079 + 1.98587555138592 - -1.93412444861408,"lambda=ML,delta=1,kappa=1",1e-06 -/+ 0.91731216868005,-22.80616111,-20.80616111,,
perc_wd,gini_index_tissue,most_abundant_genus_tissue,D_0__Bacteria;D_1__Proteobacteria;D_2__Gammaproteobacteria;D_3__Oceanospirillales;D_4__Endozoicomonadaceae;D_5__Endozoicomonas,261343,tissue,caper,"pgls(x_trait~y_trait, data=comp.data, lambda=1,kappa=1,delta=ML)",0.233524352,0.195403279,0.080460891,0.0326886202121288 + 1.98507094906644 - -1.93492905093356,0.909520747753756 + 2.00500189647508 - -1.91499810352492,"lambda=l,delta=ML,kappa=1",3 -/+ 0.675695158909112,-20.53053737,-18.53053737,,
perc_wd,gini_index_tissue,most_abundant_genus_tissue,D_0__Bacteria;D_1__Proteobacteria;D_2__Gammaproteobacteria;D_3__Oceanospirillales;D_4__Endozoicomonadaceae;D_5__Endozoicomonas,261343,tissue,caper,"pgls(x_trait~y_trait, data=comp.data, lambda=1,kappa=ML,delta=1)",0.214417789,0.21028835,0.0974724,0.0349706635906759 + 1.98561424265937 - -1.93438575734063,0.912144962488577 + 2.01234539509974 - -1.90765460490026,"lambda=1,delta=1,kappa=ML",0.290916650355815 -/+ 1.310293759987,-19.69647814,-17.69647814,Model_3l_AIC,Model_3l_AICc
perc_dis,observed_features_skeleton,most_abundant_family_skeleton,D_0__Archaea;D_1__Thaumarchaeota;D_2__Nitrososphaeria;D_3__Nitrosopumilales;D_4__Nitrosopumilaceae,1070,skeleton,caper,"pgls(x_trait~y_trait, data=comp.data)",0.872366535,0.016290301,-0.475564548,-1.852051183,243.73492920805 + 65.6772661019641 - 61.7572661019641,"lambda=1,delta=1,kappa=1",NA,45.82210194,57.82210194,,
perc_dis,observed_features_skeleton,most_abundant_family_skeleton,D_0__Archaea;D_1__Thaumarchaeota;D_2__Nitrososphaeria;D_3__Nitrosopumilales;D_4__Nitrosopumilaceae,1070,skeleton,caper,"pgls(x_trait~y_trait, data=comp.data, lambda=ML,kappa=1,delta=1)",0.799610421,0.040155984,-0.439766025,12.4975019330886 + 45.1649405601126 - 41.2449405601126,239.754042719041 + 33.155768832715 - 29.235768832715,"lambda=ML,delta=1,kappa=1",1e-06 -/+ NA,42.91701349,54.91701349,,
perc_dis,observed_features_skeleton,most_abundant_family_skeleton,D_0__Archaea;D_1__Thaumarchaeota;D_2__Nitrososphaeria;D_3__Nitrosopumilales;D_4__Nitrosopumilaceae,1070,skeleton,caper,"pgls(x_trait~y_trait, data=comp.data, lambda=1,kappa=1,delta=ML)",0.93577702,0.004124591,-0.493813113,0.895039816,242.267005335816 + 43.5661103143322 - 39.6461103143322,"lambda=l,delta=ML,kappa=1",3 -/+ 0.335725991553727,44.02520271,56.02520271,,
perc_dis,observed_features_skeleton,most_abundant_family_skeleton,D_0__Archaea;D_1__Thaumarchaeota;D_2__Nitrososphaeria;D_3__Nitrosopumilales;D_4__Nitrosopumilaceae,1070,skeleton,caper,"pgls(x_trait~y_trait, data=comp.data, lambda=1,kappa=ML,delta=1)",0.65952483,0.067657884,-0.398513174,18.2109664756942 + 37.521290575204 - 33.601290575204,246.069082953448 + 43.9257008630454 - 40.0057008630454,"lambda=1,delta=1,kappa=ML",1e-06 -/+ 1.57748747324156,43.48624745,55.48624745,Model_3l_AIC,Model_3l_AICc
perc_bbd,observed_features_skeleton,most_abundant_family_skeleton,D_0__Archaea;D_1__Thaumarchaeota;D_2__Nitrososphaeria;D_3__Nitrosopumilales;D_4__Nitrosopumilaceae,1070,skeleton,caper,"pgls(x_trait~y_trait, data=comp.data)",0.866464323,0.017831777,-0.473252335,-44.82666923,241.349291763812 + 63.0670070047739 - 59.1470070047739,"lambda=1,delta=1,kappa=1",NA,45.81582901,57.81582901,,
perc_bbd,observed_features_skeleton,most_abundant_family_skeleton,D_0__Archaea;D_1__Thaumarchaeota;D_2__Nitrososphaeria;D_3__Nitrosopumilales;D_4__Nitrosopumilaceae,1070,skeleton,caper,"pgls(x_trait~y_trait, data=comp.data, lambda=ML,kappa=1,delta=1)",0.731290732,0.072204671,-0.391692994,141.649291238595 + 361.000015164405 - 357.080015164405,241.133333643934 + 27.1381369809318 - 23.2181369809318,"lambda=ML,delta=1,kappa=1",1e-06 -/+ NA,42.78117497,54.78117497,,
perc_bbd,observed_features_skeleton,most_abundant_family_skeleton,D_0__Archaea;D_1__Thaumarchaeota;D_2__Nitrososphaeria;D_3__Nitrosopumilales;D_4__Nitrosopumilaceae,1070,skeleton,caper,"pgls(x_trait~y_trait, data=comp.data, lambda=1,kappa=1,delta=ML)",0.923789955,0.005807971,-0.491288044,-25.52171129,241.270228191249 + 39.7305195770413 - 35.8105195770413,"lambda=l,delta=ML,kappa=1",3 -/+ 0.336424647131392,44.01843559,56.01843559,,
perc_bbd,observed_features_skeleton,most_abundant_family_skeleton,D_0__Archaea;D_1__Thaumarchaeota;D_2__Nitrososphaeria;D_3__Nitrosopumilales;D_4__Nitrosopumilaceae,1070,skeleton,caper,"pgls(x_trait~y_trait, data=comp.data, lambda=1,kappa=ML,delta=1)",0.976030356,-0.002027642,-0.503041464,-7.963414753,263.733373839101 + 36.7164810000245 - 32.7964810000245,"lambda=1,delta=1,kappa=ML",1e-06 -/+ 1.93122664767501,43.77457162,55.77457162,Model_3l_AIC,Model_3l_AICc
perc_wd,observed_features_skeleton,most_abundant_family_skeleton,D_0__Archaea;D_1__Thaumarchaeota;D_2__Nitrososphaeria;D_3__Nitrosopumilales;D_4__Nitrosopumilaceae,1070,skeleton,caper,"pgls(x_trait~y_trait, data=comp.data)",0.872366535,0.016290301,-0.475564548,-7.624102366,243.73492920805 + 65.6772661019641 - 61.7572661019641,"lambda=1,delta=1,kappa=1",NA,45.82210194,57.82210194,,
perc_wd,observed_features_skeleton,most_abundant_family_skeleton,D_0__Archaea;D_1__Thaumarchaeota;D_2__Nitrososphaeria;D_3__Nitrosopumilales;D_4__Nitrosopumilaceae,1070,skeleton,caper,"pgls(x_trait~y_trait, data=comp.data, lambda=ML,kappa=1,delta=1)",0.799610421,0.040155984,-0.439766025,24.9950038661772 + 88.3698811202254 - 84.4498811202254,239.754042719041 + 33.155768832715 - 29.235768832715,"lambda=ML,delta=1,kappa=1",1e-06 -/+ NA,42.91701349,54.91701349,,
perc_wd,observed_features_skeleton,most_abundant_family_skeleton,D_0__Archaea;D_1__Thaumarchaeota;D_2__Nitrososphaeria;D_3__Nitrosopumilales;D_4__Nitrosopumilaceae,1070,skeleton,caper,"pgls(x_trait~y_trait, data=comp.data, lambda=1,kappa=1,delta=ML)",0.93577702,0.004124591,-0.493813113,-2.129920369,242.267005335816 + 43.5661103143322 - 39.6461103143322,"lambda=l,delta=ML,kappa=1",3 -/+ 0.335725991553727,44.02520271,56.02520271,,
perc_wd,observed_features_skeleton,most_abundant_family_skeleton,D_0__Archaea;D_1__Thaumarchaeota;D_2__Nitrososphaeria;D_3__Nitrosopumilales;D_4__Nitrosopumilaceae,1070,skeleton,caper,"pgls(x_trait~y_trait, data=comp.data, lambda=1,kappa=ML,delta=1)",0.65952483,0.067657884,-0.398513174,36.4219329513884 + 73.082581150408 - 69.1625811504081,246.069082953448 + 43.9257008630454 - 40.0057008630454,"lambda=1,delta=1,kappa=ML",1e-06 -/+ 1.57748747324155,43.48624745,55.48624745,Model_3l_AIC,Model_3l_AICc
perc_wd,dominance_skeleton,most_abundant_family_skeleton,D_0__Archaea;D_1__Thaumarchaeota;D_2__Nitrososphaeria;D_3__Nitrosopumilales;D_4__Nitrosopumilaceae,1070,skeleton,caper,"pgls(x_trait~y_trait, data=comp.data)",0.238196858,0.580344027,0.370516041,3.9016585,0.0413494644782867 + 1.97107814011744 - -1.94892185988256,"lambda=1,delta=1,kappa=1",NA,-23.43579447,-11.43579447,,
perc_wd,dominance_skeleton,most_abundant_family_skeleton,D_0__Archaea;D_1__Thaumarchaeota;D_2__Nitrososphaeria;D_3__Nitrosopumilales;D_4__Nitrosopumilaceae,1070,skeleton,caper,"pgls(x_trait~y_trait, data=comp.data, lambda=ML,kappa=1,delta=1)",0.238196858,0.580344027,0.370516041,3.9016585,0.0413494644782867 + 1.97107814011744 - -1.94892185988256,"lambda=ML,delta=1,kappa=1",1 -/+ NA,-23.43579447,-11.43579447,,
perc_wd,dominance_skeleton,most_abundant_family_skeleton,D_0__Archaea;D_1__Thaumarchaeota;D_2__Nitrososphaeria;D_3__Nitrosopumilales;D_4__Nitrosopumilaceae,1070,skeleton,caper,"pgls(x_trait~y_trait, data=comp.data, lambda=1,kappa=1,delta=ML)",0.203276262,0.634768715,0.452153073,3.901214634,0.0417033761249678 + 1.97181841876629 - -1.94818158123371,"lambda=l,delta=ML,kappa=1",0.714841138907254 -/+ 0.0272110642116602,-23.48613484,-11.48613484,,
perc_wd,dominance_skeleton,most_abundant_family_skeleton,D_0__Archaea;D_1__Thaumarchaeota;D_2__Nitrososphaeria;D_3__Nitrosopumilales;D_4__Nitrosopumilaceae,1070,skeleton,caper,"pgls(x_trait~y_trait, data=comp.data, lambda=1,kappa=ML,delta=1)",0.65952483,0.067657884,-0.398513174,36.4219329513884 + 73.082581150408 - 69.1625811504081,246.069082953448 + 43.9257008630454 - 40.0057008630454,"lambda=1,delta=1,kappa=ML",1e-06 -/+ 1.57748747324155,43.48624745,55.48624745,Model_3d_AIC,Model_3d_AICc
perc_dis,dominance_skeleton,most_abundant_family_skeleton,D_0__Archaea;D_1__Thaumarchaeota;D_2__Nitrososphaeria;D_3__Nitrosopumilales;D_4__Nitrosopumilaceae,1070,skeleton,caper,"pgls(x_trait~y_trait, data=comp.data)",0.238196858,0.580344027,0.370516041,3.91082925,0.0413494644782867 + 1.97107814011744 - -1.94892185988256,"lambda=1,delta=1,kappa=1",NA,-23.43579447,-11.43579447,,
perc_dis,dominance_skeleton,most_abundant_family_skeleton,D_0__Archaea;D_1__Thaumarchaeota;D_2__Nitrososphaeria;D_3__Nitrosopumilales;D_4__Nitrosopumilaceae,1070,skeleton,caper,"pgls(x_trait~y_trait, data=comp.data, lambda=ML,kappa=1,delta=1)",0.238196858,0.580344027,0.370516041,3.91082925,0.0413494644782867 + 1.97107814011744 - -1.94892185988256,"lambda=ML,delta=1,kappa=1",1 -/+ NA,-23.43579447,-11.43579447,,
perc_dis,dominance_skeleton,most_abundant_family_skeleton,D_0__Archaea;D_1__Thaumarchaeota;D_2__Nitrososphaeria;D_3__Nitrosopumilales;D_4__Nitrosopumilaceae,1070,skeleton,caper,"pgls(x_trait~y_trait, data=comp.data, lambda=1,kappa=1,delta=ML)",0.203276262,0.634768715,0.452153073,3.910607317,0.0417033761249688 + 1.97181841876629 - -1.94818158123371,"lambda=l,delta=ML,kappa=1",0.714841138906419 -/+ 0.027211064211661,-23.48613484,-11.48613484,,
perc_dis,dominance_skeleton,most_abundant_family_skeleton,D_0__Archaea;D_1__Thaumarchaeota;D_2__Nitrososphaeria;D_3__Nitrosopumilales;D_4__Nitrosopumilaceae,1070,skeleton,caper,"pgls(x_trait~y_trait, data=comp.data, lambda=1,kappa=ML,delta=1)",0.65952483,0.067657884,-0.398513174,36.4219329513884 + 73.082581150408 - 69.1625811504081,246.069082953448 + 43.9257008630454 - 40.0057008630454,"lambda=1,delta=1,kappa=ML",1e-06 -/+ 1.57748747324155,43.48624745,55.48624745,Model_3d_AIC,Model_3d_AICc
perc_bbd,dominance_skeleton,most_abundant_family_skeleton,D_0__Archaea;D_1__Thaumarchaeota;D_2__Nitrososphaeria;D_3__Nitrosopumilales;D_4__Nitrosopumilaceae,1070,skeleton,caper,"pgls(x_trait~y_trait, data=comp.data)",0.144555445,0.731785386,0.597678079,3.83687417,0.0376766937420069 + 1.96850032996698 - -1.95149967003302,"lambda=1,delta=1,kappa=1",NA,-25.22638569,-13.22638569,,
perc_bbd,dominance_skeleton,most_abundant_family_skeleton,D_0__Archaea;D_1__Thaumarchaeota;D_2__Nitrososphaeria;D_3__Nitrosopumilales;D_4__Nitrosopumilaceae,1070,skeleton,caper,"pgls(x_trait~y_trait, data=comp.data, lambda=ML,kappa=1,delta=1)",0.144555445,0.731785386,0.597678079,3.83687417,0.0376766937420069 + 1.96850032996698 - -1.95149967003302,"lambda=ML,delta=1,kappa=1",1 -/+ NA,-25.22638569,-13.22638569,,
perc_bbd,dominance_skeleton,most_abundant_family_skeleton,D_0__Archaea;D_1__Thaumarchaeota;D_2__Nitrososphaeria;D_3__Nitrosopumilales;D_4__Nitrosopumilaceae,1070,skeleton,caper,"pgls(x_trait~y_trait, data=comp.data, lambda=1,kappa=1,delta=ML)",0.173211148,0.683579806,0.525369708,3.833295037,0.0372962083992631 + 1.96700636649654 - -1.95299363350346,"lambda=l,delta=ML,kappa=1",2.02718238438199 -/+ 0.0720762392799784,-25.4310245,-13.4310245,,
perc_bbd,dominance_skeleton,most_abundant_family_skeleton,D_0__Archaea;D_1__Thaumarchaeota;D_2__Nitrososphaeria;D_3__Nitrosopumilales;D_4__Nitrosopumilaceae,1070,skeleton,caper,"pgls(x_trait~y_trait, data=comp.data, lambda=1,kappa=ML,delta=1)",0.65952483,0.067657884,-0.398513174,36.4219329513884 + 73.082581150408 - 69.1625811504081,246.069082953448 + 43.9257008630454 - 40.0057008630454,"lambda=1,delta=1,kappa=ML",1e-06 -/+ 1.57748747324155,43.48624745,55.48624745,Model_3d_AIC,Model_3d_AICc
perc_dis,gini_index_skeleton,most_abundant_family_skeleton,D_0__Archaea;D_1__Thaumarchaeota;D_2__Nitrososphaeria;D_3__Nitrosopumilales;D_4__Nitrosopumilaceae,1070,skeleton,caper,"pgls(x_trait~y_trait, data=comp.data)",0.040957166,0.919763157,0.879644736,3.670534527,1.01875364815536 + 2.06466883742078 - -1.85533116257922,"lambda=1,delta=1,kappa=1",NA,-5.469173436,6.530826564,,
perc_dis,gini_index_skeleton,most_abundant_family_skeleton,D_0__Archaea;D_1__Thaumarchaeota;D_2__Nitrososphaeria;D_3__Nitrosopumilales;D_4__Nitrosopumilaceae,1070,skeleton,caper,"pgls(x_trait~y_trait, data=comp.data, lambda=ML,kappa=1,delta=1)",0.040957166,0.919763157,0.879644736,3.670534527,1.01875364815536 + 2.06466883742078 - -1.85533116257922,"lambda=ML,delta=1,kappa=1",1 -/+ NA,-5.469173436,6.530826564,,
perc_dis,gini_index_skeleton,most_abundant_family_skeleton,D_0__Archaea;D_1__Thaumarchaeota;D_2__Nitrososphaeria;D_3__Nitrosopumilales;D_4__Nitrosopumilaceae,1070,skeleton,caper,"pgls(x_trait~y_trait, data=comp.data, lambda=1,kappa=1,delta=ML)",0.000323948,0.999352209,0.999028313,3.658866231,1.03565164589039 + 2.10316151107027 - -1.81683848892973,"lambda=l,delta=ML,kappa=1",0.00395422002198112 -/+ 0.000179191944286011,-13.63570973,-1.635709728,,
perc_dis,gini_index_skeleton,most_abundant_family_skeleton,D_0__Archaea;D_1__Thaumarchaeota;D_2__Nitrososphaeria;D_3__Nitrosopumilales;D_4__Nitrosopumilaceae,1070,skeleton,caper,"pgls(x_trait~y_trait, data=comp.data, lambda=1,kappa=ML,delta=1)",0.001597608,0.996703208,0.995054812,3.658084772,1.1804071593743 + 2.14603883218096 - -1.77396116781904,"lambda=1,delta=1,kappa=ML",2.9746034537286 -/+ NA,-8.210691113,3.789308887,Model_3d_AIC,Model_3d_AICc
perc_bbd,gini_index_skeleton,most_abundant_family_skeleton,D_0__Archaea;D_1__Thaumarchaeota;D_2__Nitrososphaeria;D_3__Nitrosopumilales;D_4__Nitrosopumilaceae,1070,skeleton,caper,"pgls(x_trait~y_trait, data=comp.data)",0.001377618,0.997246661,0.995869992,1.823206033,0.915440003707805 + 1.97860950107813 - -1.94139049892187,"lambda=1,delta=1,kappa=1",NA,-18.95784746,-6.957847458,,
perc_bbd,gini_index_skeleton,most_abundant_family_skeleton,D_0__Archaea;D_1__Thaumarchaeota;D_2__Nitrososphaeria;D_3__Nitrosopumilales;D_4__Nitrosopumilaceae,1070,skeleton,caper,"pgls(x_trait~y_trait, data=comp.data, lambda=ML,kappa=1,delta=1)",0.001377618,0.997246661,0.995869992,1.823206033,0.915440003707805 + 1.97860950107813 - -1.94139049892187,"lambda=ML,delta=1,kappa=1",1 -/+ NA,-18.95784746,-6.957847458,,
perc_bbd,gini_index_skeleton,most_abundant_family_skeleton,D_0__Archaea;D_1__Thaumarchaeota;D_2__Nitrososphaeria;D_3__Nitrosopumilales;D_4__Nitrosopumilaceae,1070,skeleton,caper,"pgls(x_trait~y_trait, data=comp.data, lambda=1,kappa=1,delta=ML)",0.000324086,0.999351934,0.999027901,1.829590746,0.916783065644091 + 1.98472545108305 - -1.93527454891695,"lambda=l,delta=ML,kappa=1",0.132629689134454 -/+ 0.00523911127142435,-20.66653604,-8.666536041,,
perc_bbd,gini_index_skeleton,most_abundant_family_skeleton,D_0__Archaea;D_1__Thaumarchaeota;D_2__Nitrososphaeria;D_3__Nitrosopumilales;D_4__Nitrosopumilaceae,1070,skeleton,caper,"pgls(x_trait~y_trait, data=comp.data, lambda=1,kappa=ML,delta=1)",0.000869588,0.99823285,0.997349274,1.820372326,0.954151055020478 + 1.99634851157439 - -1.92365148842561,"lambda=1,delta=1,kappa=ML",1.73594739664073 -/+ NA,-17.26976891,-5.269768912,Model_3d_AIC,Model_3d_AICc
perc_wd,gini_index_skeleton,most_abundant_family_skeleton,D_0__Archaea;D_1__Thaumarchaeota;D_2__Nitrososphaeria;D_3__Nitrosopumilales;D_4__Nitrosopumilaceae,1070,skeleton,caper,"pgls(x_trait~y_trait, data=comp.data)",0.040957166,0.919763157,0.879644736,3.421069055,1.01875364815536 + 2.06466883742078 - -1.85533116257922,"lambda=1,delta=1,kappa=1",NA,-5.469173436,6.530826564,,
perc_wd,gini_index_skeleton,most_abundant_family_skeleton,D_0__Archaea;D_1__Thaumarchaeota;D_2__Nitrososphaeria;D_3__Nitrosopumilales;D_4__Nitrosopumilaceae,1070,skeleton,caper,"pgls(x_trait~y_trait, data=comp.data, lambda=ML,kappa=1,delta=1)",0.040957166,0.919763157,0.879644736,3.421069055,1.01875364815536 + 2.06466883742078 - -1.85533116257922,"lambda=ML,delta=1,kappa=1",1 -/+ NA,-5.469173436,6.530826564,,
perc_wd,gini_index_skeleton,most_abundant_family_skeleton,D_0__Archaea;D_1__Thaumarchaeota;D_2__Nitrososphaeria;D_3__Nitrosopumilales;D_4__Nitrosopumilaceae,1070,skeleton,caper,"pgls(x_trait~y_trait, data=comp.data, lambda=1,kappa=1,delta=ML)",0.000323948,0.999352209,0.999028313,3.397732462,1.0356516458902 + 2.10316151107137 - -1.81683848892863,"lambda=l,delta=ML,kappa=1",0.00395422002185915 -/+ 0.000179191944280515,-13.63570973,-1.635709728,,
perc_wd,gini_index_skeleton,most_abundant_family_skeleton,D_0__Archaea;D_1__Thaumarchaeota;D_2__Nitrososphaeria;D_3__Nitrosopumilales;D_4__Nitrosopumilaceae,1070,skeleton,caper,"pgls(x_trait~y_trait, data=comp.data, lambda=1,kappa=ML,delta=1)",0.001597608,0.996703208,0.995054812,3.396169543,1.18040715935724 + 2.14603883217525 - -1.77396116782475,"lambda=1,delta=1,kappa=ML",2.9746034536513 -/+ NA,-8.210691113,3.789308887,Model_3d_AIC,Model_3d_AICc
perc_dis,observed_features_tissue,most_abundant_class_tissue,D_0__Bacteria;D_1__Proteobacteria;D_2__Alphaproteobacteria,47958,tissue,caper,"pgls(x_trait~y_trait, data=comp.data)",0.761998755,0.00868737,-0.081431959,0.661219136,200.749875964706 + 186.783919509933 - 182.863919509933,"lambda=1,delta=1,kappa=1",NA,165.8806315,167.0806315,,
perc_dis,observed_features_tissue,most_abundant_class_tissue,D_0__Bacteria;D_1__Proteobacteria;D_2__Alphaproteobacteria,47958,tissue,caper,"pgls(x_trait~y_trait, data=comp.data, lambda=ML,kappa=1,delta=1)",0.791225163,0.006644104,-0.083660978,-1.221901325,197.581205887953 + 38.7315955713987 - 34.8115955713987,"lambda=ML,delta=1,kappa=1",1e-06 -/+ 0.75927098396994,155.7712023,156.9712023,,
perc_dis,observed_features_tissue,most_abundant_class_tissue,D_0__Bacteria;D_1__Proteobacteria;D_2__Alphaproteobacteria,47958,tissue,caper,"pgls(x_trait~y_trait, data=comp.data, lambda=1,kappa=1,delta=ML)",0.757271713,0.009045547,-0.081041222,0.502476543,203.68391449747 + 94.6612906080323 - 90.7412906080323,"lambda=l,delta=ML,kappa=1",3 -/+ 1.0286530001537,161.949365,163.149365,,
perc_dis,observed_features_tissue,most_abundant_class_tissue,D_0__Bacteria;D_1__Proteobacteria;D_2__Alphaproteobacteria,47958,tissue,caper,"pgls(x_trait~y_trait, data=comp.data, lambda=1,kappa=ML,delta=1)",0.487527753,0.044807741,-0.042027918,-7.658606198,224.315622440373 + 68.7822451186003 - 64.8622451186003,"lambda=1,delta=1,kappa=ML",1e-06 -/+ 0.721012049022008,159.4863408,160.6863408,Model_3l_AIC,Model_3l_AICc
perc_bbd,observed_features_tissue,most_abundant_class_tissue,D_0__Bacteria;D_1__Proteobacteria;D_2__Alphaproteobacteria,47958,tissue,caper,"pgls(x_trait~y_trait, data=comp.data)",0.111690069,0.213739093,0.142260828,-1112.183177,214.226188238958 + 166.285243174962 - 162.365243174962,"lambda=1,delta=1,kappa=1",NA,162.867995,164.067995,,
perc_bbd,observed_features_tissue,most_abundant_class_tissue,D_0__Bacteria;D_1__Proteobacteria;D_2__Alphaproteobacteria,47958,tissue,caper,"pgls(x_trait~y_trait, data=comp.data, lambda=ML,kappa=1,delta=1)",0.058234741,0.288779596,0.224123195,-1048.392027,207.7798305502 + 24.6901157724014 - 20.7701157724014,"lambda=ML,delta=1,kappa=1",1e-06 -/+ 0.648740548658916,151.4278161,152.6278161,,
perc_bbd,observed_features_tissue,most_abundant_class_tissue,D_0__Bacteria;D_1__Proteobacteria;D_2__Alphaproteobacteria,47958,tissue,caper,"pgls(x_trait~y_trait, data=comp.data, lambda=1,kappa=1,delta=ML)",0.106627318,0.219197202,0.14821513,-1097.05975,214.308653792721 + 83.3455379694946 - 79.4255379694947,"lambda=l,delta=ML,kappa=1",3 -/+ 1.05589388567989,158.8508676,160.0508676,,
perc_bbd,observed_features_tissue,most_abundant_class_tissue,D_0__Bacteria;D_1__Proteobacteria;D_2__Alphaproteobacteria,47958,tissue,caper,"pgls(x_trait~y_trait, data=comp.data, lambda=1,kappa=ML,delta=1)",0.056109685,0.292940129,0.228661959,-1044.823053,230.807741997072 + 57.1937306037657 - 53.2737306037657,"lambda=1,delta=1,kappa=ML",1e-06 -/+ 0.64928278476763,155.575976,156.775976,Model_3l_AIC,Model_3l_AICc
perc_wd,observed_features_tissue,most_abundant_class_tissue,D_0__Bacteria;D_1__Proteobacteria;D_2__Alphaproteobacteria,47958,tissue,caper,"pgls(x_trait~y_trait, data=comp.data)",0.936464765,0.000604307,-0.090249847,-1.771579237,197.295465790319 + 187.793888083122 - 183.873888083122,"lambda=1,delta=1,kappa=1",NA,165.9862024,167.1862024,,
perc_wd,observed_features_tissue,most_abundant_class_tissue,D_0__Bacteria;D_1__Proteobacteria;D_2__Alphaproteobacteria,47958,tissue,caper,"pgls(x_trait~y_trait, data=comp.data, lambda=ML,kappa=1,delta=1)",0.875530097,0.002331336,-0.088365815,-9.477159102,194.621379751687 + 38.9041232708708 - 34.9841232708708,"lambda=ML,delta=1,kappa=1",1e-06 -/+ 0.719145975215209,155.8275211,157.0275211,,
perc_wd,observed_features_tissue,most_abundant_class_tissue,D_0__Bacteria;D_1__Proteobacteria;D_2__Alphaproteobacteria,47958,tissue,caper,"pgls(x_trait~y_trait, data=comp.data, lambda=1,kappa=1,delta=ML)",0.947118826,0.000418397,-0.090452658,-0.878863543,199.475842042752 + 95.2022315566656 - 91.2822315566656,"lambda=l,delta=ML,kappa=1",3 -/+ 1.02640034561675,162.0620519,163.2620519,,
perc_wd,observed_features_tissue,most_abundant_class_tissue,D_0__Bacteria;D_1__Proteobacteria;D_2__Alphaproteobacteria,47958,tissue,caper,"pgls(x_trait~y_trait, data=comp.data, lambda=1,kappa=ML,delta=1)",0.797106556,0.006267986,-0.084071289,21.9299534849947 + 85.2153242203638 - 81.2953242203638,199.976300474696 + 73.6971350799299 - 69.7771350799299,"lambda=1,delta=1,kappa=ML",1e-06 -/+ 0.761351141500803,160.0005549,161.2005549,Model_3l_AIC,Model_3l_AICc
perc_dis,dominance_tissue,most_abundant_class_tissue,D_0__Bacteria;D_1__Proteobacteria;D_2__Alphaproteobacteria,47958,tissue,caper,"pgls(x_trait~y_trait, data=comp.data)",0.360527117,0.076430971,-0.00752985,3.903064409,0.19372246159855 + 2.27256634260982 - -1.64743365739018,"lambda=1,delta=1,kappa=1",NA,-0.060263639,1.139736361,,
perc_dis,dominance_tissue,most_abundant_class_tissue,D_0__Bacteria;D_1__Proteobacteria;D_2__Alphaproteobacteria,47958,tissue,caper,"pgls(x_trait~y_trait, data=comp.data, lambda=ML,kappa=1,delta=1)",0.910645932,0.001197372,-0.089602867,3.916701067,0.144671891471865 + 2.01572540783398 - -1.90427459216602,"lambda=ML,delta=1,kappa=1",1e-06 -/+ 0.861921374374729,-13.02196168,-11.82196168,,
perc_dis,dominance_tissue,most_abundant_class_tissue,D_0__Bacteria;D_1__Proteobacteria;D_2__Alphaproteobacteria,47958,tissue,caper,"pgls(x_trait~y_trait, data=comp.data, lambda=1,kappa=1,delta=ML)",0.385664921,0.069070757,-0.015559174,3.903524635,0.20085625754292 + 2.11675128841255 - -1.80324871158745,"lambda=l,delta=ML,kappa=1",3 -/+ 1.02953711845318,-3.995044178,-2.795044178,,
perc_dis,dominance_tissue,most_abundant_class_tissue,D_0__Bacteria;D_1__Proteobacteria;D_2__Alphaproteobacteria,47958,tissue,caper,"pgls(x_trait~y_trait, data=comp.data, lambda=1,kappa=ML,delta=1)",0.544556883,0.034320535,-0.053468507,3.90520861,0.167057095604483 + 2.08896189531868 - -1.83103810468132,"lambda=1,delta=1,kappa=ML",0.218223787969707 -/+ 0.785295915545654,-6.880275358,-5.680275358,Model_3l_AIC,Model_3l_AICc
perc_wd,dominance_tissue,most_abundant_class_tissue,D_0__Bacteria;D_1__Proteobacteria;D_2__Alphaproteobacteria,47958,tissue,caper,"pgls(x_trait~y_trait, data=comp.data)",0.127807693,0.197810457,0.124884135,3.739580539,0.216593596866082 + 2.25170867797484 - -1.66829132202516,"lambda=1,delta=1,kappa=1",NA,-1.891971783,-0.691971783,,
perc_wd,dominance_tissue,most_abundant_class_tissue,D_0__Bacteria;D_1__Proteobacteria;D_2__Alphaproteobacteria,47958,tissue,caper,"pgls(x_trait~y_trait, data=comp.data, lambda=ML,kappa=1,delta=1)",0.747653428,0.009798609,-0.0802197,3.878490661,0.153461833015703 + 2.01562465682058 - -1.90437534317942,"lambda=ML,delta=1,kappa=1",1e-06 -/+ 0.858045851878437,-13.13439663,-11.93439663,,
perc_wd,dominance_tissue,most_abundant_class_tissue,D_0__Bacteria;D_1__Proteobacteria;D_2__Alphaproteobacteria,47958,tissue,caper,"pgls(x_trait~y_trait, data=comp.data, lambda=1,kappa=1,delta=ML)",0.143459303,0.184097136,0.109924149,3.744384966,0.219220928994997 + 2.10696591039377 - -1.81303408960623,"lambda=l,delta=ML,kappa=1",3 -/+ 0.99240032485656,-5.709587728,-4.509587728,,
perc_wd,dominance_tissue,most_abundant_class_tissue,D_0__Bacteria;D_1__Proteobacteria;D_2__Alphaproteobacteria,47958,tissue,caper,"pgls(x_trait~y_trait, data=comp.data, lambda=1,kappa=ML,delta=1)",0.378125012,0.071212208,-0.013223045,3.805210667,0.187085437755926 + 2.09349534754854 - -1.82650465245146,"lambda=1,delta=1,kappa=ML",0.25491719378874 -/+ 0.867045470175212,-7.332438014,-6.132438014,Model_3l_AIC,Model_3l_AICc
perc_bbd,dominance_tissue,most_abundant_class_tissue,D_0__Bacteria;D_1__Proteobacteria;D_2__Alphaproteobacteria,47958,tissue,caper,"pgls(x_trait~y_trait, data=comp.data)",0.083645179,0.247512475,0.179104518,2.10433842173008 + 3.06629346724662 - -0.853706532753381,0.132939073084054 + 2.24166006065936 - -1.67833993934064,"lambda=1,delta=1,kappa=1",NA,-2.72345827,-1.52345827,,
perc_bbd,dominance_tissue,most_abundant_class_tissue,D_0__Bacteria;D_1__Proteobacteria;D_2__Alphaproteobacteria,47958,tissue,caper,"pgls(x_trait~y_trait, data=comp.data, lambda=ML,kappa=1,delta=1)",0.793777106,0.006479481,-0.083840566,0.238223588780513 + 2.84941968981775 - -1.07058031018225,0.136017823815417 + 2.00060143131389 - -1.91939856868611,"lambda=ML,delta=1,kappa=1",1e-06 -/+ 0.88835288221889,-13.09089385,-11.89089385,,
perc_bbd,dominance_tissue,most_abundant_class_tissue,D_0__Bacteria;D_1__Proteobacteria;D_2__Alphaproteobacteria,47958,tissue,caper,"pgls(x_trait~y_trait, data=comp.data, lambda=1,kappa=1,delta=ML)",0.120083877,0.205187968,0.132932329,1.85836759059979 + 3.06278677917217 - -0.857213220827829,0.147615693246305 + 2.10325263642236 - -1.81674736357764,"lambda=l,delta=ML,kappa=1",3 -/+ 0.833119818444104,-6.050053305,-4.850053305,,
perc_bbd,dominance_tissue,most_abundant_class_tissue,D_0__Bacteria;D_1__Proteobacteria;D_2__Alphaproteobacteria,47958,tissue,caper,"pgls(x_trait~y_trait, data=comp.data, lambda=1,kappa=ML,delta=1)",0.368330318,0.074077727,-0.010097026,0.883643820852372 + 2.90194239734725 - -1.01805760265275,0.127449205342613 + 2.08876477477519 - -1.83123522522481,"lambda=1,delta=1,kappa=ML",0.265141812899867 -/+ 0.919826782941458,-7.351384049,-6.151384049,Model_3l_AIC,Model_3l_AICc
perc_dis,gini_index_tissue,most_abundant_class_tissue,D_0__Bacteria;D_1__Proteobacteria;D_2__Alphaproteobacteria,47958,tissue,caper,"pgls(x_trait~y_trait, data=comp.data)",0.874300633,0.002377952,-0.088314961,0.00173416151237744 + 1.9707096351929 - -1.9492903648071,0.926344236897318 + 2.14858749439895 - -1.77141250560105,"lambda=1,delta=1,kappa=1",NA,-13.19688538,-11.99688538,,
perc_dis,gini_index_tissue,most_abundant_class_tissue,D_0__Bacteria;D_1__Proteobacteria;D_2__Alphaproteobacteria,47958,tissue,caper,"pgls(x_trait~y_trait, data=comp.data, lambda=ML,kappa=1,delta=1)",0.615560847,0.023700185,-0.065054344,3.913996195,0.924581888545637 + 1.98253703787731 - -1.93746296212269,"lambda=ML,delta=1,kappa=1",1e-06 -/+ 0.515350362729827,-36.55914065,-35.35914065,,
perc_dis,gini_index_tissue,most_abundant_class_tissue,D_0__Bacteria;D_1__Proteobacteria;D_2__Alphaproteobacteria,47958,tissue,caper,"pgls(x_trait~y_trait, data=comp.data, lambda=1,kappa=1,delta=ML)",0.888779679,0.001858787,-0.088881323,0.00153505263946556 + 1.9707252667998 - -1.9492747332002,0.926627908149669 + 2.05218691651095 - -1.86781308348905,"lambda=l,delta=ML,kappa=1",3 -/+ 1.23343820516915,-17.79694091,-16.59694091,,
perc_dis,gini_index_tissue,most_abundant_class_tissue,D_0__Bacteria;D_1__Proteobacteria;D_2__Alphaproteobacteria,47958,tissue,caper,"pgls(x_trait~y_trait, data=comp.data, lambda=1,kappa=ML,delta=1)",0.7070306,0.013347676,-0.07634799,3.915688447,0.947670457349049 + 2.00633497079658 - -1.91366502920342,"lambda=1,delta=1,kappa=ML",1e-06 -/+ 0.268376319558722,-29.63491178,-28.43491178,Model_3l_AIC,Model_3l_AICc
perc_bbd,gini_index_tissue,most_abundant_class_tissue,D_0__Bacteria;D_1__Proteobacteria;D_2__Alphaproteobacteria,47958,tissue,caper,"pgls(x_trait~y_trait, data=comp.data)",0.253811682,0.116460124,0.036138317,0.837969095703834 + 2.65591486554413 - -1.26408513445587,0.915134135892139 + 2.13717850556485 - -1.78282149443515,"lambda=1,delta=1,kappa=1",NA,-14.77558029,-13.57558029,,
perc_bbd,gini_index_tissue,most_abundant_class_tissue,D_0__Bacteria;D_1__Proteobacteria;D_2__Alphaproteobacteria,47958,tissue,caper,"pgls(x_trait~y_trait, data=comp.data, lambda=ML,kappa=1,delta=1)",0.937618256,0.000582525,-0.090273609,3.8907811,0.916532044756232 + 1.97665782159382 - -1.94334217840618,"lambda=ML,delta=1,kappa=1",1e-06 -/+ 0.50079895669382,-36.25490351,-35.05490351,,
perc_bbd,gini_index_tissue,most_abundant_class_tissue,D_0__Bacteria;D_1__Proteobacteria;D_2__Alphaproteobacteria,47958,tissue,caper,"pgls(x_trait~y_trait, data=comp.data, lambda=1,kappa=1,delta=ML)",0.29824424,0.097775975,0.015755609,0.728605201709627 + 2.62732445512539 - -1.29267554487461,0.918443387863812 + 2.04668583025414 - -1.87331416974586,"lambda=l,delta=ML,kappa=1",3 -/+ 1.15505380451484,-19.11035572,-17.91035572,,
perc_bbd,gini_index_tissue,most_abundant_class_tissue,D_0__Bacteria;D_1__Proteobacteria;D_2__Alphaproteobacteria,47958,tissue,caper,"pgls(x_trait~y_trait, data=comp.data, lambda=1,kappa=ML,delta=1)",0.930141317,0.000730859,-0.09011179,0.035739434866868 + 2.35845172718239 - -1.56154827281761,0.940965496117627 + 2.00479903679688 - -1.91520096320312,"lambda=1,delta=1,kappa=ML",1e-06 -/+ 0.285291216595589,-29.46972818,-28.26972818,Model_3l_AIC,Model_3l_AICc
perc_wd,gini_index_tissue,most_abundant_class_tissue,D_0__Bacteria;D_1__Proteobacteria;D_2__Alphaproteobacteria,47958,tissue,caper,"pgls(x_trait~y_trait, data=comp.data)",0.028145167,0.367216151,0.309690347,3.777294082,0.967623976120515 + 2.11040451869724 - -1.80959548130276,"lambda=1,delta=1,kappa=1",NA,-19.11507822,-17.91507822,,
perc_wd,gini_index_tissue,most_abundant_class_tissue,D_0__Bacteria;D_1__Proteobacteria;D_2__Alphaproteobacteria,47958,tissue,caper,"pgls(x_trait~y_trait, data=comp.data, lambda=ML,kappa=1,delta=1)",0.235664461,0.12516147,0.045630695,3.859313686,0.935753898857923 + 1.98138756503475 - -1.93861243496525,"lambda=ML,delta=1,kappa=1",1e-06 -/+ 0.514802976990814,-37.98563579,-36.78563579,,
perc_wd,gini_index_tissue,most_abundant_class_tissue,D_0__Bacteria;D_1__Proteobacteria;D_2__Alphaproteobacteria,47958,tissue,caper,"pgls(x_trait~y_trait, data=comp.data, lambda=1,kappa=1,delta=ML)",0.03307197,0.350372965,0.291315962,3.782398242,0.963944103470871 + 2.03448176125954 - -1.88551823874046,"lambda=l,delta=ML,kappa=1",3 -/+ 1.13314746141325,-23.38039355,-22.18039355,,
perc_wd,gini_index_tissue,most_abundant_class_tissue,D_0__Bacteria;D_1__Proteobacteria;D_2__Alphaproteobacteria,47958,tissue,caper,"pgls(x_trait~y_trait, data=comp.data, lambda=1,kappa=ML,delta=1)",0.23522231,0.125382433,0.045871745,3.853081959,0.967323667297693 + 2.00591659148241 - -1.91408340851759,"lambda=1,delta=1,kappa=ML",1e-06 -/+ 0.384447795410086,-31.20181475,-30.00181475,Model_3l_AIC,Model_3l_AICc
