Disease_Trait,Taxa_String,N_Unique_Sample,Taxa,N_Microbes,Compartment,Package,Model,pVal,R_Squared,Adj_R_Squared,x_Trait_Slope_95CI,Intercept_95CI,Parameters,Estimated_Parameter_95CI,AIC,AICc,Minimum_AIC,Minimum_AICc,Best_model
perc_dis,tissue_D_0__Archaea___D_1__Thaumarchaeota___D_2__Nitrososphaeria___D_3__Nitrosopumilales___D_4__Nitrosopumilaceae___D_5__Candidatus_Nitrosopumilus,14,Nitrosopumilus,463791,tissue,caper,"pgls(x_trait~y_trait, data=comp.data)",0.074870316,0.240708957,0.177434704,3.825351711,7.90070940224464 + 7.17442988288723 - 3.25442988288723,"lambda=1,delta=1,kappa=1",NA,86.24883432,87.33974341,model_d,model_d,no
perc_dis,tissue_D_0__Archaea___D_1__Thaumarchaeota___D_2__Nitrososphaeria___D_3__Nitrosopumilales___D_4__Nitrosopumilaceae___D_5__Candidatus_Nitrosopumilus,14,Nitrosopumilus,463791,tissue,caper,"pgls(x_trait~y_trait, data=comp.data, lambda=ML,kappa=1,delta=1)",0.782784349,0.006581119,0.177434704,0.0270449661971196 + 2.05592065730796 - -1.86407934269204,4.43617948959881 + 3.83057391144833 - -0.0894260885516727,"lambda=ML,delta=1,kappa=1",1e-06 -/+ NA,86.7371243,87.82803339,model_d,model_d,no
perc_dis,tissue_D_0__Archaea___D_1__Thaumarchaeota___D_2__Nitrososphaeria___D_3__Nitrosopumilales___D_4__Nitrosopumilaceae___D_5__Candidatus_Nitrosopumilus,14,Nitrosopumilus,463791,tissue,caper,"pgls(x_trait~y_trait, data=comp.data, lambda=1,kappa=1,delta=ML)",0.138187345,0.173720346,0.177434704,3.833915731,7.64957691112744 + 4.66779121673197 - 0.74779121673197,"lambda=l,delta=ML,kappa=1",3 -/+ 0.602408343995478,83.64381409,84.73472318,model_d,model_d,yes
perc_dis,tissue_D_0__Archaea___D_1__Thaumarchaeota___D_2__Nitrososphaeria___D_3__Nitrosopumilales___D_4__Nitrosopumilaceae___D_5__Candidatus_Nitrosopumilus,14,Nitrosopumilus,463791,tissue,caper,"pgls(x_trait~y_trait, data=comp.data, lambda=1,kappa=ML,delta=1)",0.031502875,0.330515308,0.177434704,3.814577277,7.97766610385098 + 7.53908408817947 - 3.61908408817947,"lambda=1,delta=1,kappa=ML",1.14768724392321 -/+ 1.87906655744255,86.11780127,87.20871036,model_d,model_d,no
perc_dis,tissue_D_0__Archaea___D_1__Thaumarchaeota___D_2__Nitrososphaeria___D_3__Nitrosopumilales___D_4__Nitrosopumilaceae___D_5__uncultured_archaeon,11,archaeon,463791,tissue,caper,"pgls(x_trait~y_trait, data=comp.data)",0.491126484,0.054140077,-0.05095547,0.366406157522556 + 2.47049969318663 - -1.44950030681337,4.62520586850025 + 8.61636107383386 - 4.69636107383386,"lambda=1,delta=1,kappa=1",NA,75.27928227,76.77928227,model_l,model_l,no
perc_dis,tissue_D_0__Archaea___D_1__Thaumarchaeota___D_2__Nitrososphaeria___D_3__Nitrosopumilales___D_4__Nitrosopumilaceae___D_5__uncultured_archaeon,11,archaeon,463791,tissue,caper,"pgls(x_trait~y_trait, data=comp.data, lambda=ML,kappa=1,delta=1)",0.671150735,0.020945936,-0.05095547,3.736957397,5.67443059211743 + 4.16384429896105 - 0.243844298961051,"lambda=ML,delta=1,kappa=1",1e-06 -/+ 0.976300034680687,69.56485934,71.06485934,model_l,model_l,yes
perc_dis,tissue_D_0__Archaea___D_1__Thaumarchaeota___D_2__Nitrososphaeria___D_3__Nitrosopumilales___D_4__Nitrosopumilaceae___D_5__uncultured_archaeon,11,archaeon,463791,tissue,caper,"pgls(x_trait~y_trait, data=comp.data, lambda=1,kappa=1,delta=ML)",0.731130272,0.013770892,-0.05095547,0.171297445277378 + 2.44321176973775 - -1.47678823026225,5.2133063005232 + 5.70580372547079 - 1.78580372547079,"lambda=l,delta=ML,kappa=1",3 -/+ 0.875938245223979,71.81691938,73.31691938,model_l,model_l,no
perc_dis,tissue_D_0__Archaea___D_1__Thaumarchaeota___D_2__Nitrososphaeria___D_3__Nitrosopumilales___D_4__Nitrosopumilaceae___D_5__uncultured_archaeon,11,archaeon,463791,tissue,caper,"pgls(x_trait~y_trait, data=comp.data, lambda=1,kappa=ML,delta=1)",0.327989325,0.106235376,-0.05095547,3.462157463,8.41894963730537 + 6.34005893089682 - 2.42005893089682,"lambda=1,delta=1,kappa=ML",0.213278497805469 -/+ 1.15743937094268,72.30477675,73.80477675,model_l,model_l,no
perc_dis,tissue_D_0__Bacteria___D_1__Bacteroidetes___D_2__Bacteroidia___D_3__Flavobacteriales___D_4__Flavobacteriaceae___D_5__Maritimimonas,14,Maritimimonas,463791,tissue,caper,"pgls(x_trait~y_trait, data=comp.data)",0.413214681,0.056494669,-0.022130775,3.903668585,6.1503229103579 + 7.60526538433063 - 3.68526538433063,"lambda=1,delta=1,kappa=1",NA,86.15723908,87.24814817,model_d,model_d,no
perc_dis,tissue_D_0__Bacteria___D_1__Bacteroidetes___D_2__Bacteroidia___D_3__Flavobacteriales___D_4__Flavobacteriaceae___D_5__Maritimimonas,14,Maritimimonas,463791,tissue,caper,"pgls(x_trait~y_trait, data=comp.data, lambda=ML,kappa=1,delta=1)",0.575314424,0.026896457,-0.022130775,3.908914667,5.98168543874224 + 6.34738937598143 - 2.42738937598143,"lambda=ML,delta=1,kappa=1",0.95397161613547 -/+ NA,83.98012143,85.07103052,model_d,model_d,no
perc_dis,tissue_D_0__Bacteria___D_1__Bacteroidetes___D_2__Bacteroidia___D_3__Flavobacteriales___D_4__Flavobacteriaceae___D_5__Maritimimonas,14,Maritimimonas,463791,tissue,caper,"pgls(x_trait~y_trait, data=comp.data, lambda=1,kappa=1,delta=ML)",0.435375553,0.051475874,-0.022130775,3.903282053,6.11556468531889 + 4.76457217809808 - 0.844572178098084,"lambda=l,delta=ML,kappa=1",3 -/+ 0.754618784743325,83.09105201,84.1819611,model_d,model_d,yes
perc_dis,tissue_D_0__Bacteria___D_1__Bacteroidetes___D_2__Bacteroidia___D_3__Flavobacteriales___D_4__Flavobacteriaceae___D_5__Maritimimonas,14,Maritimimonas,463791,tissue,caper,"pgls(x_trait~y_trait, data=comp.data, lambda=1,kappa=ML,delta=1)",0.451439671,0.048059025,-0.022130775,3.903685921,6.31662491732569 + 6.53302103614099 - 2.61302103614099,"lambda=1,delta=1,kappa=ML",0.718280316957086 -/+ 1.26939112289064,85.14984861,86.2407577,model_d,model_d,no
perc_dis,tissue_D_0__Bacteria___D_1__Proteobacteria___D_2__Alphaproteobacteria___D_3__Rhizobiales___D_4__Beijerinckiaceae___D_5__Methylobacterium,17,Methylobacterium,463791,tissue,caper,"pgls(x_trait~y_trait, data=comp.data)",0.075149575,0.19598258,0.142381419,3.866974686,7.15931394724993 + 6.80143896601099 - 2.88143896601099,"lambda=1,delta=1,kappa=1",NA,100.1156407,100.9727836,model_d,model_d,no
perc_dis,tissue_D_0__Bacteria___D_1__Proteobacteria___D_2__Alphaproteobacteria___D_3__Rhizobiales___D_4__Beijerinckiaceae___D_5__Methylobacterium,17,Methylobacterium,463791,tissue,caper,"pgls(x_trait~y_trait, data=comp.data, lambda=ML,kappa=1,delta=1)",0.260482952,0.083551845,0.142381419,3.885357469,6.74275647637857 + 6.22842141559054 - 2.30842141559054,"lambda=ML,delta=1,kappa=1",0.971580244149296 -/+ NA,99.45747252,100.3146154,model_d,model_d,no
perc_dis,tissue_D_0__Bacteria___D_1__Proteobacteria___D_2__Alphaproteobacteria___D_3__Rhizobiales___D_4__Beijerinckiaceae___D_5__Methylobacterium,17,Methylobacterium,463791,tissue,caper,"pgls(x_trait~y_trait, data=comp.data, lambda=1,kappa=1,delta=ML)",0.097591393,0.172262613,0.142381419,3.867903374,7.03615266725393 + 4.33642091464488 - 0.416420914644876,"lambda=l,delta=ML,kappa=1",3 -/+ 0.757294623387164,97.03224047,97.88938332,model_d,model_d,yes
perc_dis,tissue_D_0__Bacteria___D_1__Proteobacteria___D_2__Alphaproteobacteria___D_3__Rhizobiales___D_4__Beijerinckiaceae___D_5__Methylobacterium,17,Methylobacterium,463791,tissue,caper,"pgls(x_trait~y_trait, data=comp.data, lambda=1,kappa=ML,delta=1)",0.106040385,0.164693491,0.142381419,3.869980469,7.19441957834208 + 6.44299513686317 - 2.52299513686317,"lambda=1,delta=1,kappa=ML",0.874155447068317 -/+ 1.53544434836312,99.95401849,100.8111613,model_d,model_d,no
perc_dis,tissue_D_0__Bacteria___D_1__Proteobacteria___D_2__Alphaproteobacteria___D_3__Rhodospirillales___D_4__Terasakiellaceae___D_5__uncultured,14,uncultured,463791,tissue,caper,"pgls(x_trait~y_trait, data=comp.data)",0.432112802,0.048126983,-0.025094018,0.00876353619947706 + 1.97080943255116 - -1.94919056744884,6.42296455804491 + 7.62254301997429 - 3.70254301997429,"lambda=1,delta=1,kappa=1",NA,92.41309157,93.41309157,model_d,model_d,no
perc_dis,tissue_D_0__Bacteria___D_1__Proteobacteria___D_2__Alphaproteobacteria___D_3__Rhodospirillales___D_4__Terasakiellaceae___D_5__uncultured,14,uncultured,463791,tissue,caper,"pgls(x_trait~y_trait, data=comp.data, lambda=ML,kappa=1,delta=1)",0.536550489,0.030068872,-0.025094018,0.00741055494339117 + 1.97167322709474 - -1.94832677290526,6.33207930938476 + 6.47207451610305 - 2.55207451610305,"lambda=ML,delta=1,kappa=1",0.959942575461375 -/+ NA,90.19478309,91.19478309,model_d,model_d,yes
perc_dis,tissue_D_0__Bacteria___D_1__Proteobacteria___D_2__Alphaproteobacteria___D_3__Rhodospirillales___D_4__Terasakiellaceae___D_5__uncultured,14,uncultured,463791,tissue,caper,"pgls(x_trait~y_trait, data=comp.data, lambda=1,kappa=1,delta=ML)",0.494349578,0.036641096,-0.025094018,0.00827653144178202 + 1.97177027272448 - -1.94822972727552,6.39500952648746 + 4.73642921498188 - 0.816429214981876,"lambda=l,delta=ML,kappa=1",3 -/+ 0.763187944774403,89.31112622,90.31112622,model_d,model_d,no
perc_dis,tissue_D_0__Bacteria___D_1__Proteobacteria___D_2__Alphaproteobacteria___D_3__Rhodospirillales___D_4__Terasakiellaceae___D_5__uncultured,14,uncultured,463791,tissue,caper,"pgls(x_trait~y_trait, data=comp.data, lambda=1,kappa=ML,delta=1)",0.506452486,0.034663867,-0.025094018,0.00814738246267138 + 1.97192469298222 - -1.94807530701778,6.51249592786048 + 6.78280623941179 - 2.86280623941179,"lambda=1,delta=1,kappa=ML",0.77683544027932 -/+ 1.30167858341555,91.73478705,92.73478705,model_d,model_d,no
perc_dis,tissue_D_0__Bacteria___D_1__Proteobacteria___D_2__Alphaproteobacteria___D_3__Rickettsiales___D_4__Midichloriaceae___D_5__MD3_55,8,55,463791,tissue,caper,"pgls(x_trait~y_trait, data=comp.data)",0.214509571,0.243024486,0.1168619,0.848852445,9.0721129191571 + 6.29664703993943 - 2.37664703993943,"lambda=1,delta=1,kappa=1",NA,51.38181698,53.78181698,model_l,model_l,no
perc_dis,tissue_D_0__Bacteria___D_1__Proteobacteria___D_2__Alphaproteobacteria___D_3__Rickettsiales___D_4__Midichloriaceae___D_5__MD3_55,8,55,463791,tissue,caper,"pgls(x_trait~y_trait, data=comp.data, lambda=ML,kappa=1,delta=1)",0.113126972,0.364280203,0.1168619,-1.861032696,9.71913341557226 + 4.58922049748197 - 0.66922049748197,"lambda=ML,delta=1,kappa=1",1e-06 -/+ NA,49.57011766,51.97011766,model_l,model_l,yes
perc_dis,tissue_D_0__Bacteria___D_1__Proteobacteria___D_2__Alphaproteobacteria___D_3__Rickettsiales___D_4__Midichloriaceae___D_5__MD3_55,8,55,463791,tissue,caper,"pgls(x_trait~y_trait, data=comp.data, lambda=1,kappa=1,delta=ML)",0.191121103,0.265639764,0.1168619,0.239002989,9.1832271098865 + 4.7708703728851 - 0.850870372885102,"lambda=l,delta=ML,kappa=1",3 -/+ 0.322596638181093,49.71967377,52.11967377,model_l,model_l,no
perc_dis,tissue_D_0__Bacteria___D_1__Proteobacteria___D_2__Alphaproteobacteria___D_3__Rickettsiales___D_4__Midichloriaceae___D_5__MD3_55,8,55,463791,tissue,caper,"pgls(x_trait~y_trait, data=comp.data, lambda=1,kappa=ML,delta=1)",0.159328093,0.300719464,0.1168619,2.563266695,6.32585203884282 + 7.20052465467311 - 3.28052465467311,"lambda=1,delta=1,kappa=ML",2.49938657176868 -/+ NA,51.34684243,53.74684243,model_l,model_l,no
perc_dis,tissue_D_0__Bacteria___D_1__Proteobacteria___D_2__Alphaproteobacteria___D_3__Sphingomonadales___D_4__Sphingomonadaceae___D_5__Sphingobium,17,Sphingobium,463791,tissue,caper,"pgls(x_trait~y_trait, data=comp.data)",0.478831481,0.033973397,-0.030428376,3.90596196,6.88111345061652 + 7.32834650541182 - 3.40834650541182,"lambda=1,delta=1,kappa=1",NA,103.2363382,104.093481,model_d,model_d,no
perc_dis,tissue_D_0__Bacteria___D_1__Proteobacteria___D_2__Alphaproteobacteria___D_3__Sphingomonadales___D_4__Sphingomonadaceae___D_5__Sphingobium,17,Sphingobium,463791,tissue,caper,"pgls(x_trait~y_trait, data=comp.data, lambda=ML,kappa=1,delta=1)",0.441618839,0.039982354,-0.030428376,3.905893392,6.75552592985281 + 5.98711377926752 - 2.06711377926752,"lambda=ML,delta=1,kappa=1",0.937605730373571 -/+ NA,99.94410177,100.8012446,model_d,model_d,no
perc_dis,tissue_D_0__Bacteria___D_1__Proteobacteria___D_2__Alphaproteobacteria___D_3__Sphingomonadales___D_4__Sphingomonadaceae___D_5__Sphingobium,17,Sphingobium,463791,tissue,caper,"pgls(x_trait~y_trait, data=comp.data, lambda=1,kappa=1,delta=ML)",0.422979081,0.043281061,-0.030428376,3.90389271,6.92485360575104 + 4.65131658257572 - 0.731316582575723,"lambda=l,delta=ML,kappa=1",3 -/+ 0.968986584305483,99.49407371,100.3512166,model_d,model_d,yes
perc_dis,tissue_D_0__Bacteria___D_1__Proteobacteria___D_2__Alphaproteobacteria___D_3__Sphingomonadales___D_4__Sphingomonadaceae___D_5__Sphingobium,17,Sphingobium,463791,tissue,caper,"pgls(x_trait~y_trait, data=comp.data, lambda=1,kappa=ML,delta=1)",0.335882975,0.06182449,-0.030428376,3.900864074,7.31802272941882 + 6.1887796306482 - 2.2687796306482,"lambda=1,delta=1,kappa=ML",0.659800172711777 -/+ 1.186521365301,101.6647477,102.5218906,model_d,model_d,no
perc_dis,tissue_D_0__Bacteria___D_1__Proteobacteria___D_2__Gammaproteobacteria___D_3__Betaproteobacteriales___D_4__Burkholderiaceae___D_5__Aquabacterium,17,Aquabacterium,463791,tissue,caper,"pgls(x_trait~y_trait, data=comp.data)",0.921338875,0.00067186,-0.065950016,3.918022587,6.24947879906383 + 7.39869636427143 - 3.47869636427143,"lambda=1,delta=1,kappa=1",NA,103.8124991,104.669642,model_d,model_d,no
perc_dis,tissue_D_0__Bacteria___D_1__Proteobacteria___D_2__Gammaproteobacteria___D_3__Betaproteobacteriales___D_4__Burkholderiaceae___D_5__Aquabacterium,17,Aquabacterium,463791,tissue,caper,"pgls(x_trait~y_trait, data=comp.data, lambda=ML,kappa=1,delta=1)",0.724614982,0.008517799,-0.065950016,3.913170539,6.34013454317424 + 6.0346952980645 - 2.1146952980645,"lambda=ML,delta=1,kappa=1",0.937389672306896 -/+ NA,100.4927217,101.3498646,model_d,model_d,no
perc_dis,tissue_D_0__Bacteria___D_1__Proteobacteria___D_2__Gammaproteobacteria___D_3__Betaproteobacteriales___D_4__Burkholderiaceae___D_5__Aquabacterium,17,Aquabacterium,463791,tissue,caper,"pgls(x_trait~y_trait, data=comp.data, lambda=1,kappa=1,delta=ML)",0.811477861,0.003913522,-0.065950016,3.915068709,6.30358557675699 + 4.66207839059094 - 0.742078390590936,"lambda=l,delta=ML,kappa=1",3 -/+ 0.93448070607084,100.1795888,101.0367317,model_d,model_d,yes
perc_dis,tissue_D_0__Bacteria___D_1__Proteobacteria___D_2__Gammaproteobacteria___D_3__Betaproteobacteriales___D_4__Burkholderiaceae___D_5__Aquabacterium,17,Aquabacterium,463791,tissue,caper,"pgls(x_trait~y_trait, data=comp.data, lambda=1,kappa=ML,delta=1)",0.67968949,0.011680817,-0.065950016,3.911464261,6.72819009340625 + 6.35085519898186 - 2.43085519898186,"lambda=1,delta=1,kappa=ML",0.689955170539617 -/+ 1.21443316220864,102.5062668,103.3634097,model_d,model_d,no
perc_dis,tissue_D_0__Bacteria___D_1__Proteobacteria___D_2__Gammaproteobacteria___D_3__Enterobacteriales___D_4__Enterobacteriaceae___D_5__Pantoea,4,Pantoea,463791,tissue,caper,"pgls(x_trait~y_trait, data=comp.data)",0.398272576,0.362075892,0.043113839,-13.0584613,10.5191586301684 + 7.51631257094072 - 3.59631257094072,"lambda=1,delta=1,kappa=1",NA,28.10880052,40.10880052,model_l,model_l,no
perc_dis,tissue_D_0__Bacteria___D_1__Proteobacteria___D_2__Gammaproteobacteria___D_3__Enterobacteriales___D_4__Enterobacteriaceae___D_5__Pantoea,4,Pantoea,463791,tissue,caper,"pgls(x_trait~y_trait, data=comp.data, lambda=ML,kappa=1,delta=1)",0.317540117,0.465751492,0.043113839,-17.89152758,11.4022618361036 + 6.3853014058224 - 2.4653014058224,"lambda=ML,delta=1,kappa=1",1e-06 -/+ NA,26.69616292,38.69616292,model_l,model_l,yes
perc_dis,tissue_D_0__Bacteria___D_1__Proteobacteria___D_2__Gammaproteobacteria___D_3__Enterobacteriales___D_4__Enterobacteriaceae___D_5__Pantoea,4,Pantoea,463791,tissue,caper,"pgls(x_trait~y_trait, data=comp.data, lambda=1,kappa=1,delta=ML)",0.343966783,0.430379582,0.043113839,-16.02468754,11.0916257349299 + 6.4679123428889 - 2.5479123428889,"lambda=l,delta=ML,kappa=1",3 -/+ 0.203409891844141,26.9641583,38.9641583,model_l,model_l,no
perc_dis,tissue_D_0__Bacteria___D_1__Proteobacteria___D_2__Gammaproteobacteria___D_3__Enterobacteriales___D_4__Enterobacteriaceae___D_5__Pantoea,4,Pantoea,463791,tissue,caper,"pgls(x_trait~y_trait, data=comp.data, lambda=1,kappa=ML,delta=1)",0.336119537,0.44073727,0.043113839,-9.368486675,10.0361850678018 + 6.52171271097941 - 2.60171271097941,"lambda=1,delta=1,kappa=ML",3 -/+ NA,26.86526782,38.86526782,model_l,model_l,no
perc_dis,tissue_D_0__Bacteria___D_1__Proteobacteria___D_2__Gammaproteobacteria___D_3__Oceanospirillales___D_4__Endozoicomonadaceae___D_5__Endozoicomonas,15,Endozoicomonas,463791,tissue,caper,"pgls(x_trait~y_trait, data=comp.data)",0.618786402,0.019594562,-0.055821241,0.00195588146007131 + 1.96383712485337 - -1.95616287514663,5.60922321762121 + 7.46365257608484 - 3.54365257608484,"lambda=1,delta=1,kappa=1",NA,92.35350153,93.35350153,model_l,model_l,no
perc_dis,tissue_D_0__Bacteria___D_1__Proteobacteria___D_2__Gammaproteobacteria___D_3__Oceanospirillales___D_4__Endozoicomonadaceae___D_5__Endozoicomonas,15,Endozoicomonas,463791,tissue,caper,"pgls(x_trait~y_trait, data=comp.data, lambda=ML,kappa=1,delta=1)",0.176926339,0.135560342,-0.055821241,0.00863137090177668 + 1.96604517832347 - -1.95395482167653,3.15804497062009 + 3.3844267633501 - -0.535573236649902,"lambda=ML,delta=1,kappa=1",1e-06 -/+ 0.999044359983504,88.26884649,89.26884649,model_l,model_l,yes
perc_dis,tissue_D_0__Bacteria___D_1__Proteobacteria___D_2__Gammaproteobacteria___D_3__Oceanospirillales___D_4__Endozoicomonadaceae___D_5__Endozoicomonas,15,Endozoicomonas,463791,tissue,caper,"pgls(x_trait~y_trait, data=comp.data, lambda=1,kappa=1,delta=ML)",0.532416282,0.030673864,-0.055821241,0.00263139130993638 + 1.96410265006942 - -1.95589734993058,5.4035907706819 + 4.63707134787434 - 0.717071347874338,"lambda=l,delta=ML,kappa=1",3 -/+ 0.927289769984387,88.74448663,89.74448663,model_l,model_l,no
perc_dis,tissue_D_0__Bacteria___D_1__Proteobacteria___D_2__Gammaproteobacteria___D_3__Oceanospirillales___D_4__Endozoicomonadaceae___D_5__Endozoicomonas,15,Endozoicomonas,463791,tissue,caper,"pgls(x_trait~y_trait, data=comp.data, lambda=1,kappa=ML,delta=1)",0.448099895,0.044950967,-0.055821241,0.00332884197158434 + 1.96425563937085 - -1.95574436062915,5.71235076614165 + 6.12222474663499 - 2.20222474663499,"lambda=1,delta=1,kappa=ML",0.61580559522804 -/+ 1.16678598489176,90.52753097,91.52753097,model_l,model_l,no
perc_dis,tissue_D_0__Bacteria___D_1__Proteobacteria___D_2__Gammaproteobacteria___D_3__Pseudomonadales___D_4__Pseudomonadaceae___D_5__Pseudomonas,17,Pseudomonas,463791,tissue,caper,"pgls(x_trait~y_trait, data=comp.data)",0.911889797,0.000843594,-0.065766833,0.00216310394062583 + 1.97922125152898 - -1.94077874847102,6.02841397470442 + 7.45243885524682 - 3.53243885524682,"lambda=1,delta=1,kappa=1",NA,103.8095774,104.6667203,model_d,model_d,no
perc_dis,tissue_D_0__Bacteria___D_1__Proteobacteria___D_2__Gammaproteobacteria___D_3__Pseudomonadales___D_4__Pseudomonadaceae___D_5__Pseudomonas,17,Pseudomonas,463791,tissue,caper,"pgls(x_trait~y_trait, data=comp.data, lambda=ML,kappa=1,delta=1)",0.719237207,0.008866997,-0.065766833,3.913700141,6.41543926334717 + 6.0715624807487 - 2.1515624807487,"lambda=ML,delta=1,kappa=1",0.936563153069247 -/+ NA,100.4883249,101.3454677,model_d,model_d,no
perc_dis,tissue_D_0__Bacteria___D_1__Proteobacteria___D_2__Gammaproteobacteria___D_3__Pseudomonadales___D_4__Pseudomonadaceae___D_5__Pseudomonas,17,Pseudomonas,463791,tissue,caper,"pgls(x_trait~y_trait, data=comp.data, lambda=1,kappa=1,delta=ML)",0.922571071,0.000650917,-0.065766833,3.91809718,6.19830657147222 + 4.77596240831946 - 0.855962408319459,"lambda=l,delta=ML,kappa=1",3 -/+ 0.915577974930107,100.2351801,101.0923229,model_d,model_d,yes
perc_dis,tissue_D_0__Bacteria___D_1__Proteobacteria___D_2__Gammaproteobacteria___D_3__Pseudomonadales___D_4__Pseudomonadaceae___D_5__Pseudomonas,17,Pseudomonas,463791,tissue,caper,"pgls(x_trait~y_trait, data=comp.data, lambda=1,kappa=ML,delta=1)",0.697183184,0.010381907,-0.065766833,3.912395312,6.80645547684357 + 6.38118707349917 - 2.46118707349917,"lambda=1,delta=1,kappa=ML",0.67893214530416 -/+ 1.23418532415206,102.5416234,103.3987662,model_d,model_d,no
perc_dis,tissue_D_0__Bacteria___D_1__Tenericutes___D_2__Mollicutes___D_3__Mycoplasmatales___D_4__Mycoplasmataceae___D_5__Mycoplasma,5,Mycoplasma,463791,tissue,caper,"pgls(x_trait~y_trait, data=comp.data)",0.079869868,0.693817637,0.591756849,-25.40146014,15.852559535624 + 6.75051763963162 - 2.83051763963162,"lambda=1,delta=1,kappa=1",NA,30.99145936,36.99145936,model_l,model_l,no
perc_dis,tissue_D_0__Bacteria___D_1__Tenericutes___D_2__Mollicutes___D_3__Mycoplasmatales___D_4__Mycoplasmataceae___D_5__Mycoplasma,5,Mycoplasma,463791,tissue,caper,"pgls(x_trait~y_trait, data=comp.data, lambda=ML,kappa=1,delta=1)",0.030083379,0.834681553,0.591756849,-39.24124913,18.8664726501337 + 5.25132343375311 - 1.33132343375311,"lambda=ML,delta=1,kappa=1",1e-06 -/+ NA,27.27366538,33.27366538,model_l,model_l,yes
perc_dis,tissue_D_0__Bacteria___D_1__Tenericutes___D_2__Mollicutes___D_3__Mycoplasmatales___D_4__Mycoplasmataceae___D_5__Mycoplasma,5,Mycoplasma,463791,tissue,caper,"pgls(x_trait~y_trait, data=comp.data, lambda=1,kappa=1,delta=ML)",0.065210055,0.730015444,0.591756849,-28.31590779,16.5310448221207 + 5.54395880542452 - 1.62395880542452,"lambda=l,delta=ML,kappa=1",3 -/+ 0.473458560807212,28.7577932,34.7577932,model_l,model_l,no
perc_dis,skeleton_D_0__Archaea___D_1__Thaumarchaeota___D_2__Nitrososphaeria___D_3__Nitrosopumilales___D_4__Nitrosopumilaceae___D_5__Candidatus_Nitrosopumilus,14,Nitrosopumilus,463791,skeleton,caper,"pgls(x_trait~y_trait, data=comp.data)",0.3437344,0.074903598,-0.002187769,3.856517112,7.16451376654983 + 7.61688005265139 - 3.69688005265139,"lambda=1,delta=1,kappa=1",NA,87.529659,88.62056809,model_d,model_d,no
perc_dis,skeleton_D_0__Archaea___D_1__Thaumarchaeota___D_2__Nitrososphaeria___D_3__Nitrosopumilales___D_4__Nitrosopumilaceae___D_5__Candidatus_Nitrosopumilus,14,Nitrosopumilus,463791,skeleton,caper,"pgls(x_trait~y_trait, data=comp.data, lambda=ML,kappa=1,delta=1)",0.408217339,0.057678185,-0.002187769,3.865532015,6.87419123545556 + 6.25108716355353 - 2.33108716355353,"lambda=ML,delta=1,kappa=1",0.940555731970525 -/+ NA,84.67415434,85.76506343,model_d,model_d,no
perc_dis,skeleton_D_0__Archaea___D_1__Thaumarchaeota___D_2__Nitrososphaeria___D_3__Nitrosopumilales___D_4__Nitrosopumilaceae___D_5__Candidatus_Nitrosopumilus,14,Nitrosopumilus,463791,skeleton,caper,"pgls(x_trait~y_trait, data=comp.data, lambda=1,kappa=1,delta=ML)",0.432540603,0.052097685,-0.002187769,3.864785727,6.88387104673828 + 4.96649053914608 - 1.04649053914608,"lambda=l,delta=ML,kappa=1",3 -/+ 0.813725373201411,84.2829858,85.37389489,model_d,model_d,yes
perc_dis,skeleton_D_0__Archaea___D_1__Thaumarchaeota___D_2__Nitrososphaeria___D_3__Nitrosopumilales___D_4__Nitrosopumilaceae___D_5__Candidatus_Nitrosopumilus,14,Nitrosopumilus,463791,skeleton,caper,"pgls(x_trait~y_trait, data=comp.data, lambda=1,kappa=ML,delta=1)",0.441339922,0.050186331,-0.002187769,3.863637816,7.25286707034286 + 6.5373034610608 - 2.6173034610608,"lambda=1,delta=1,kappa=ML",0.668020691709505 -/+ 1.21216932118644,86.12570286,87.21661195,model_d,model_d,no
perc_dis,skeleton_D_0__Bacteria___D_1__Acidobacteria___D_2__Thermoanaerobaculia___D_3__Thermoanaerobaculales___D_4__Thermoanaerobaculaceae___D_5__Subgroup_10,14,10,463791,skeleton,caper,"pgls(x_trait~y_trait, data=comp.data)",0.984312945,3.36E-05,-0.08329695,0.00242812956050152 + 2.08094877585338 - -1.83905122414662,6.22354674234615 + 7.98098518997061 - 4.06098518997061,"lambda=1,delta=1,kappa=1",NA,90.47953565,91.57044474,model_l,model_l,no
perc_dis,skeleton_D_0__Bacteria___D_1__Acidobacteria___D_2__Thermoanaerobaculia___D_3__Thermoanaerobaculales___D_4__Thermoanaerobaculaceae___D_5__Subgroup_10,14,10,463791,skeleton,caper,"pgls(x_trait~y_trait, data=comp.data, lambda=ML,kappa=1,delta=1)",0.364084088,0.069045799,-0.08329695,3.759089343,6.25462243933702 + 3.71994775332357 - -0.200052246676433,"lambda=ML,delta=1,kappa=1",1e-06 -/+ 0.990226304894107,85.15309955,86.24400864,model_l,model_l,yes
perc_dis,skeleton_D_0__Bacteria___D_1__Acidobacteria___D_2__Thermoanaerobaculia___D_3__Thermoanaerobaculales___D_4__Thermoanaerobaculaceae___D_5__Subgroup_10,14,10,463791,skeleton,caper,"pgls(x_trait~y_trait, data=comp.data, lambda=1,kappa=1,delta=ML)",0.955367711,0.000272086,-0.08329695,3.912610496,6.23295257875242 + 4.93271483849892 - 1.01271483849892,"lambda=l,delta=ML,kappa=1",3 -/+ 1.00075106798686,86.63567062,87.72657971,model_l,model_l,no
perc_dis,skeleton_D_0__Bacteria___D_1__Acidobacteria___D_2__Thermoanaerobaculia___D_3__Thermoanaerobaculales___D_4__Thermoanaerobaculaceae___D_5__Subgroup_10,14,10,463791,skeleton,caper,"pgls(x_trait~y_trait, data=comp.data, lambda=1,kappa=ML,delta=1)",0.858119628,0.002772475,-0.08329695,3.893873969,6.54662207049787 + 6.77709226913309 - 2.85709226913309,"lambda=1,delta=1,kappa=ML",0.647539137816273 -/+ 1.20913668216802,88.9947276,90.08563669,model_l,model_l,no
perc_dis,skeleton_D_0__Bacteria___D_1__Actinobacteria___D_2__Actinobacteria___D_3__Micrococcales___D_4__Promicromonosporaceae___D_5__Cellulosimicrobium,3,Cellulosimicrobium,463791,skeleton,caper,"pgls(x_trait~y_trait, data=comp.data)",0.042369381,0.995577145,0.99115429,0.301029283365673 + 1.98006423602548 - -1.93993576397452,3.98778456062987 + 2.49212132132944 - -1.42787867867056,"lambda=1,delta=1,kappa=1",NA,6.420090211,Inf,model_l,NA,no
perc_dis,skeleton_D_0__Bacteria___D_1__Actinobacteria___D_2__Actinobacteria___D_3__Micrococcales___D_4__Promicromonosporaceae___D_5__Cellulosimicrobium,3,Cellulosimicrobium,463791,skeleton,caper,"pgls(x_trait~y_trait, data=comp.data, lambda=ML,kappa=1,delta=1)",0.031835403,0.99750139,0.99115429,0.301026584895841 + 1.97506597706898 - -1.94493402293102,3.98784079893951 + 2.32203198692184 - -1.59796801307816,"lambda=ML,delta=1,kappa=1",1e-06 -/+ NA,5.192269443,Inf,model_l,NA,yes
perc_dis,skeleton_D_0__Bacteria___D_1__Actinobacteria___D_2__Actinobacteria___D_3__Micrococcales___D_4__Promicromonosporaceae___D_5__Cellulosimicrobium,3,Cellulosimicrobium,463791,skeleton,caper,"pgls(x_trait~y_trait, data=comp.data, lambda=1,kappa=1,delta=ML)",0.03292012,0.997328375,0.99115429,0.301026827053339 + 1.97558022894481 - -1.94441977105519,3.98783575302255 + 2.34041747688467 - -1.57958252311533,"lambda=l,delta=ML,kappa=1",3 -/+ 0.201977887551673,5.342106324,Inf,model_l,NA,no
perc_dis,skeleton_D_0__Bacteria___D_1__Actinobacteria___D_2__Actinobacteria___D_3__Micrococcales___D_4__Promicromonosporaceae___D_5__Cellulosimicrobium,3,Cellulosimicrobium,463791,skeleton,caper,"pgls(x_trait~y_trait, data=comp.data, lambda=1,kappa=ML,delta=1)",0.041076195,0.995842642,0.99115429,0.301028910448195 + 1.97945008695253 - -1.94054991304747,3.98774400785178 + 2.58705652764854 - -1.33294347235146,"lambda=1,delta=1,kappa=ML",1e-06 -/+ NA,6.290880615,Inf,model_l,NA,no
perc_dis,skeleton_D_0__Bacteria___D_1__Bacteroidetes___D_2__Bacteroidia___D_3__Cytophagales___D_4__Amoebophilaceae___D_5__Candidatus_Amoebophilus,16,Amoebophilus,463791,skeleton,caper,"pgls(x_trait~y_trait, data=comp.data)",0.979308339,4.98E-05,-0.071375222,3.919711943,6.42063690971357 + 7.58435192822871 - 3.66435192822871,"lambda=1,delta=1,kappa=1",NA,98.00002535,98.92310227,model_d,model_d,no
perc_dis,skeleton_D_0__Bacteria___D_1__Bacteroidetes___D_2__Bacteroidia___D_3__Cytophagales___D_4__Amoebophilaceae___D_5__Candidatus_Amoebophilus,16,Amoebophilus,463791,skeleton,caper,"pgls(x_trait~y_trait, data=comp.data, lambda=ML,kappa=1,delta=1)",0.722716367,0.009276354,-0.071375222,3.915748996,6.46675893919225 + 6.23765599940279 - 2.31765599940279,"lambda=ML,delta=1,kappa=1",0.946819229961704 -/+ NA,95.07192604,95.99500296,model_d,model_d,no
perc_dis,skeleton_D_0__Bacteria___D_1__Bacteroidetes___D_2__Bacteroidia___D_3__Cytophagales___D_4__Amoebophilaceae___D_5__Candidatus_Amoebophilus,16,Amoebophilus,463791,skeleton,caper,"pgls(x_trait~y_trait, data=comp.data, lambda=1,kappa=1,delta=ML)",0.949339322,0.000298779,-0.071375222,3.919243621,6.39297034355581 + 4.72515573647138 - 0.805155736471376,"lambda=l,delta=ML,kappa=1",3 -/+ 0.802774671490389,94.77630292,95.69937984,model_d,model_d,yes
perc_dis,skeleton_D_0__Bacteria___D_1__Bacteroidetes___D_2__Bacteroidia___D_3__Cytophagales___D_4__Amoebophilaceae___D_5__Candidatus_Amoebophilus,16,Amoebophilus,463791,skeleton,caper,"pgls(x_trait~y_trait, data=comp.data, lambda=1,kappa=ML,delta=1)",0.906377732,0.00102335,-0.071375222,3.918566788,6.5863245643801 + 6.65281349385791 - 2.73281349385791,"lambda=1,delta=1,kappa=ML",0.751015466588611 -/+ 1.26873447777555,97.11349967,98.03657659,model_d,model_d,no
perc_dis,skeleton_D_0__Bacteria___D_1__Bacteroidetes___D_2__Bacteroidia___D_3__Cytophagales___D_4__Cyclobacteriaceae___D_5__uncultured,14,uncultured,463791,skeleton,caper,"pgls(x_trait~y_trait, data=comp.data)",0.245951076,0.110323877,0.036184201,3.893570092,6.61679533415784 + 7.39748840063765 - 3.47748840063765,"lambda=1,delta=1,kappa=1",NA,86.98309254,88.07400163,model_d,model_d,no
perc_dis,skeleton_D_0__Bacteria___D_1__Bacteroidetes___D_2__Bacteroidia___D_3__Cytophagales___D_4__Cyclobacteriaceae___D_5__uncultured,14,uncultured,463791,skeleton,caper,"pgls(x_trait~y_trait, data=comp.data, lambda=ML,kappa=1,delta=1)",0.424166457,0.053968593,0.036184201,3.890057677,5.65876724915125 + 3.69396245843025 - -0.22603754156975,"lambda=ML,delta=1,kappa=1",1e-06 -/+ NA,84.3493393,85.44024839,model_d,model_d,no
perc_dis,skeleton_D_0__Bacteria___D_1__Bacteroidetes___D_2__Bacteroidia___D_3__Cytophagales___D_4__Cyclobacteriaceae___D_5__uncultured,14,uncultured,463791,skeleton,caper,"pgls(x_trait~y_trait, data=comp.data, lambda=1,kappa=1,delta=ML)",0.282216997,0.095546241,0.036184201,3.893649977,6.45007677044817 + 4.64946943049893 - 0.729469430498932,"lambda=l,delta=ML,kappa=1",3 -/+ 0.84790290438872,83.62610198,84.71701108,model_d,model_d,yes
perc_dis,skeleton_D_0__Bacteria___D_1__Bacteroidetes___D_2__Bacteroidia___D_3__Cytophagales___D_4__Cyclobacteriaceae___D_5__uncultured,14,uncultured,463791,skeleton,caper,"pgls(x_trait~y_trait, data=comp.data, lambda=1,kappa=ML,delta=1)",0.347949249,0.073655218,0.036184201,3.896470957,6.8070668954743 + 6.36309223638215 - 2.44309223638215,"lambda=1,delta=1,kappa=ML",0.681202919752522 -/+ 1.2521928570147,85.7912004,86.88210949,model_d,model_d,no
perc_dis,skeleton_D_0__Bacteria___D_1__Bacteroidetes___D_2__Chlorobia___D_3__Chlorobiales___D_4__Chlorobiaceae___D_5__Prosthecochloris,7,Prosthecochloris,463791,skeleton,caper,"pgls(x_trait~y_trait, data=comp.data)",0.067546541,0.519706107,0.423647329,3.888170196,8.21042284575399 + 7.63806548272962 - 3.71806548272962,"lambda=1,delta=1,kappa=1",NA,43.17397834,46.17397834,model_d,model_d,no
perc_dis,skeleton_D_0__Bacteria___D_1__Bacteroidetes___D_2__Chlorobia___D_3__Chlorobiales___D_4__Chlorobiaceae___D_5__Prosthecochloris,7,Prosthecochloris,463791,skeleton,caper,"pgls(x_trait~y_trait, data=comp.data, lambda=ML,kappa=1,delta=1)",0.067546541,0.519706107,0.423647329,3.888170196,8.21042284575399 + 7.63806548272962 - 3.71806548272962,"lambda=ML,delta=1,kappa=1",1 -/+ 0.459688358121077,43.17397834,46.17397834,model_d,model_d,no
perc_dis,skeleton_D_0__Bacteria___D_1__Bacteroidetes___D_2__Chlorobia___D_3__Chlorobiales___D_4__Chlorobiaceae___D_5__Prosthecochloris,7,Prosthecochloris,463791,skeleton,caper,"pgls(x_trait~y_trait, data=comp.data, lambda=1,kappa=1,delta=ML)",0.106841964,0.435307157,0.423647329,3.88855129,8.71917241008476 + 5.99050126549495 - 2.07050126549496,"lambda=l,delta=ML,kappa=1",2.27532447805192 -/+ 0.123856047509437,42.71230062,45.71230062,model_d,model_d,yes
perc_dis,skeleton_D_0__Bacteria___D_1__Bacteroidetes___D_2__Chlorobia___D_3__Chlorobiales___D_4__Chlorobiaceae___D_5__Prosthecochloris,7,Prosthecochloris,463791,skeleton,caper,"pgls(x_trait~y_trait, data=comp.data, lambda=1,kappa=ML,delta=1)",0.059766408,0.540415865,0.423647329,3.887956429,8.2500425818458 + 7.76565967867323 - 3.84565967867323,"lambda=1,delta=1,kappa=ML",1.03577391080494 -/+ 1.91455678568537,43.16675915,46.16675915,model_d,model_d,no
perc_dis,skeleton_D_0__Bacteria___D_1__Chloroflexi___D_2__Chloroflexia___D_3__Chloroflexales___D_4__Chloroflexaceae___D_5__Candidatus_Chlorothrix,7,Chlorothrix,463791,skeleton,caper,"pgls(x_trait~y_trait, data=comp.data)",0.277295317,0.229034339,0.074841207,0.582160762680599 + 2.43766689769782 - -1.48233310230218,4.64104802428599 + 6.6801937174656 - 2.7601937174656,"lambda=1,delta=1,kappa=1",NA,44.65652521,47.65652521,model_d,model_d,no
perc_dis,skeleton_D_0__Bacteria___D_1__Chloroflexi___D_2__Chloroflexia___D_3__Chloroflexales___D_4__Chloroflexaceae___D_5__Candidatus_Chlorothrix,7,Chlorothrix,463791,skeleton,caper,"pgls(x_trait~y_trait, data=comp.data, lambda=ML,kappa=1,delta=1)",0.345137961,0.178418494,0.074841207,1.10938468818216 + 3.02463945791153 - -0.89536054208847,2.59330418995448 + 5.12202625794934 - 1.20202625794934,"lambda=ML,delta=1,kappa=1",1e-06 -/+ NA,44.56334933,47.56334933,model_d,model_d,no
perc_dis,skeleton_D_0__Bacteria___D_1__Chloroflexi___D_2__Chloroflexia___D_3__Chloroflexales___D_4__Chloroflexaceae___D_5__Candidatus_Chlorothrix,7,Chlorothrix,463791,skeleton,caper,"pgls(x_trait~y_trait, data=comp.data, lambda=1,kappa=1,delta=ML)",0.295085471,0.214656517,0.074841207,0.658129198203076 + 2.52296829791561 - -1.39703170208439,4.60005677653496 + 4.93894701739333 - 1.01894701739333,"lambda=l,delta=ML,kappa=1",3 -/+ 0.322525636019579,43.04326556,46.04326556,model_d,model_d,yes
perc_dis,skeleton_D_0__Bacteria___D_1__Chloroflexi___D_2__Chloroflexia___D_3__Chloroflexales___D_4__Chloroflexaceae___D_5__Candidatus_Chlorothrix,7,Chlorothrix,463791,skeleton,caper,"pgls(x_trait~y_trait, data=comp.data, lambda=1,kappa=ML,delta=1)",0.001652694,0.883234685,0.074841207,0.425032191537411 + 2.02911235507763 - -1.89088764492237,6.02206605691131 + 8.05881165805422 - 4.13881165805422,"lambda=1,delta=1,kappa=ML",3 -/+ 1.25967456766523,40.12673661,43.12673661,model_d,model_d,no
perc_dis,skeleton_D_0__Bacteria___D_1__Firmicutes___D_2__Clostridia___D_3__Clostridiales___D_4__Clostridiaceae_4___D_5__Paramaledivibacter,14,Paramaledivibacter,463791,skeleton,caper,"pgls(x_trait~y_trait, data=comp.data)",0.03017513,0.334789576,0.279355374,0.0366410084013154 + 1.97490974973826 - -1.94509025026174,5.48293084403279 + 6.77758660274805 - 2.85758660274805,"lambda=1,delta=1,kappa=1",NA,85.0376225,86.12853159,model_d,model_d,no
perc_dis,skeleton_D_0__Bacteria___D_1__Firmicutes___D_2__Clostridia___D_3__Clostridiales___D_4__Clostridiaceae_4___D_5__Paramaledivibacter,14,Paramaledivibacter,463791,skeleton,caper,"pgls(x_trait~y_trait, data=comp.data, lambda=ML,kappa=1,delta=1)",0.968579362,0.000134784,0.279355374,3.918586164,5.11447924804646 + 3.58676774916593 - -0.333232250834072,"lambda=ML,delta=1,kappa=1",1e-06 -/+ NA,86.20978467,87.30069377,model_d,model_d,no
perc_dis,skeleton_D_0__Bacteria___D_1__Firmicutes___D_2__Clostridia___D_3__Clostridiales___D_4__Clostridiaceae_4___D_5__Paramaledivibacter,14,Paramaledivibacter,463791,skeleton,caper,"pgls(x_trait~y_trait, data=comp.data, lambda=1,kappa=1,delta=ML)",0.061964925,0.260914935,0.279355374,0.0349616076355847 + 1.97698628925033 - -1.94301371074967,5.48479301834979 + 4.39846964318386 - 0.478469643183857,"lambda=l,delta=ML,kappa=1",3 -/+ 0.549044185897066,82.61736054,83.70826963,model_d,model_d,yes
perc_dis,skeleton_D_0__Bacteria___D_1__Firmicutes___D_2__Clostridia___D_3__Clostridiales___D_4__Clostridiaceae_4___D_5__Paramaledivibacter,14,Paramaledivibacter,463791,skeleton,caper,"pgls(x_trait~y_trait, data=comp.data, lambda=1,kappa=ML,delta=1)",0.012686358,0.416466267,0.279355374,0.0381657258166168 + 1.97304145272521 - -1.94695854727479,5.3995865518735 + 7.10735927423751 - 3.18735927423751,"lambda=1,delta=1,kappa=ML",1.14630108364869 -/+ 1.89032214722682,84.90037766,85.99128675,model_d,model_d,no
perc_dis,skeleton_D_0__Bacteria___D_1__Proteobacteria___D_2__Alphaproteobacteria___D_3__Dstr_E11___D_4__uncultured_alpha_proteobacterium___D_5__uncultured_alpha_proteobacterium,8,proteobacterium,463791,skeleton,caper,"pgls(x_trait~y_trait, data=comp.data)",0.000148389,0.886879601,0.870719544,3.676266584,4.6809036549587 + 4.16988570376184 - 0.249885703761842,"lambda=1,delta=1,kappa=1",NA,34.80702655,36.80702655,model_k,model_k,no
perc_dis,skeleton_D_0__Bacteria___D_1__Proteobacteria___D_2__Alphaproteobacteria___D_3__Dstr_E11___D_4__uncultured_alpha_proteobacterium___D_5__uncultured_alpha_proteobacterium,8,proteobacterium,463791,skeleton,caper,"pgls(x_trait~y_trait, data=comp.data, lambda=ML,kappa=1,delta=1)",0.011615945,0.621315086,0.870719544,3.692657918,4.36556579561599 + 3.16121424622035 - -0.758785753779651,"lambda=ML,delta=1,kappa=1",0.687025790524426 -/+ NA,34.52582805,36.52582805,model_k,model_k,no
perc_dis,skeleton_D_0__Bacteria___D_1__Proteobacteria___D_2__Alphaproteobacteria___D_3__Dstr_E11___D_4__uncultured_alpha_proteobacterium___D_5__uncultured_alpha_proteobacterium,8,proteobacterium,463791,skeleton,caper,"pgls(x_trait~y_trait, data=comp.data, lambda=1,kappa=1,delta=ML)",0.00021162,0.874989091,0.870719544,3.677978679,4.54141755456951 + 3.18491062045792 - -0.735089379542075,"lambda=l,delta=ML,kappa=1",3 -/+ 0.483816331388602,32.494474,34.494474,model_k,model_k,no
perc_dis,skeleton_D_0__Bacteria___D_1__Proteobacteria___D_2__Alphaproteobacteria___D_3__Dstr_E11___D_4__uncultured_alpha_proteobacterium___D_5__uncultured_alpha_proteobacterium,8,proteobacterium,463791,skeleton,caper,"pgls(x_trait~y_trait, data=comp.data, lambda=1,kappa=ML,delta=1)",0.00288354,0.74098684,0.870719544,3.691705316,4.82919855161279 + 2.8153052669848 - -1.1046947330152,"lambda=1,delta=1,kappa=ML",1e-06 -/+ 0.910778189594845,30.50612153,32.50612153,model_k,model_k,yes
perc_dis,skeleton_D_0__Bacteria___D_1__Proteobacteria___D_2__Alphaproteobacteria___D_3__Rhodobacterales___D_4__Rhodobacteraceae___D_5__Ruegeria,12,Ruegeria,463791,skeleton,caper,"pgls(x_trait~y_trait, data=comp.data)",0.016262953,0.454138349,0.399552183,0.443684926679304 + 2.11382321315566 - -1.80617678684434,1.79820132080666 + 7.08589547685759 - 3.16589547685759,"lambda=1,delta=1,kappa=1",NA,73.46691085,74.80024418,model_d,model_d,no
perc_dis,skeleton_D_0__Bacteria___D_1__Proteobacteria___D_2__Alphaproteobacteria___D_3__Rhodobacterales___D_4__Rhodobacteraceae___D_5__Ruegeria,12,Ruegeria,463791,skeleton,caper,"pgls(x_trait~y_trait, data=comp.data, lambda=ML,kappa=1,delta=1)",0.048966877,0.334203943,0.399552183,0.367405908864548 + 2.12398758177321 - -1.79601241822679,2.30600547070855 + 3.85368612601053 - -0.0663138739894655,"lambda=ML,delta=1,kappa=1",1e-06 -/+ NA,70.56359788,71.89693121,model_d,model_d,no
perc_dis,skeleton_D_0__Bacteria___D_1__Proteobacteria___D_2__Alphaproteobacteria___D_3__Rhodobacterales___D_4__Rhodobacteraceae___D_5__Ruegeria,12,Ruegeria,463791,skeleton,caper,"pgls(x_trait~y_trait, data=comp.data, lambda=1,kappa=1,delta=ML)",0.019410234,0.436147762,0.399552183,0.433158967777716 + 2.11574465125402 - -1.80425534874598,1.99137719528097 + 4.86942052643742 - 0.949420526437424,"lambda=l,delta=ML,kappa=1",3 -/+ 0.812184921660005,70.20513675,71.53847008,model_d,model_d,yes
perc_dis,skeleton_D_0__Bacteria___D_1__Proteobacteria___D_2__Alphaproteobacteria___D_3__Rhodobacterales___D_4__Rhodobacteraceae___D_5__Ruegeria,12,Ruegeria,463791,skeleton,caper,"pgls(x_trait~y_trait, data=comp.data, lambda=1,kappa=ML,delta=1)",0.024646206,0.411090557,0.399552183,0.428189875200785 + 2.12206599587628 - -1.79793400412372,1.86833219698036 + 6.65702982936947 - 2.73702982936947,"lambda=1,delta=1,kappa=ML",0.798314676365212 -/+ 1.61824022613087,73.21557749,74.54891083,model_d,model_d,no
perc_dis,skeleton_D_0__Bacteria___D_1__Proteobacteria___D_2__Alphaproteobacteria___D_3__Rhodospirillales___D_4__Terasakiellaceae___D_5__uncultured,13,uncultured,463791,skeleton,caper,"pgls(x_trait~y_trait, data=comp.data)",0.532803106,0.036328216,-0.05127831,0.005381517111712 + 1.96835700998619 - -1.95164299001381,4.84280528564808 + 7.56339418895285 - 3.64339418895285,"lambda=1,delta=1,kappa=1",NA,78.86453691,80.06453691,model_l,model_l,no
perc_dis,skeleton_D_0__Bacteria___D_1__Proteobacteria___D_2__Alphaproteobacteria___D_3__Rhodospirillales___D_4__Terasakiellaceae___D_5__uncultured,13,uncultured,463791,skeleton,caper,"pgls(x_trait~y_trait, data=comp.data, lambda=ML,kappa=1,delta=1)",0.659262526,0.018324073,-0.05127831,0.00396243890224529 + 1.96874458690182 - -1.95125541309818,4.79402029175106 + 5.86775206733268 - 1.94775206733268,"lambda=ML,delta=1,kappa=1",0.936408348284678 -/+ NA,75.54758076,76.74758076,model_l,model_l,yes
perc_dis,skeleton_D_0__Bacteria___D_1__Proteobacteria___D_2__Alphaproteobacteria___D_3__Rhodospirillales___D_4__Terasakiellaceae___D_5__uncultured,13,uncultured,463791,skeleton,caper,"pgls(x_trait~y_trait, data=comp.data, lambda=1,kappa=1,delta=ML)",0.600266236,0.02578153,-0.05127831,0.00487414177779351 + 1.96903390774018 - -1.95096609225982,4.96830259582031 + 4.78682580333035 - 0.866825803330348,"lambda=l,delta=ML,kappa=1",3 -/+ 0.68734808315713,76.01443487,77.21443487,model_l,model_l,no
perc_dis,skeleton_D_0__Bacteria___D_1__Proteobacteria___D_2__Alphaproteobacteria___D_3__Rhodospirillales___D_4__Terasakiellaceae___D_5__uncultured,13,uncultured,463791,skeleton,caper,"pgls(x_trait~y_trait, data=comp.data, lambda=1,kappa=ML,delta=1)",0.636904675,0.020971596,-0.05127831,0.00454110101227532 + 1.96935506310159 - -1.95064493689841,4.86505544974995 + 6.28232682275875 - 2.36232682275875,"lambda=1,delta=1,kappa=ML",0.681539699186443 -/+ 1.21908605340272,77.49526947,78.69526947,model_l,model_l,no
perc_dis,skeleton_D_0__Bacteria___D_1__Proteobacteria___D_2__Alphaproteobacteria___D_3__Rickettsiales___D_4__Midichloriaceae___D_5__MD3_55,3,55,463791,skeleton,caper,"pgls(x_trait~y_trait, data=comp.data)",0.510933204,0.48282954,-0.03434092,-11.06213461,12.5895802769884 + 8.1003463962026 - 4.1803463962026,"lambda=1,delta=1,kappa=1",NA,19.87633788,Inf,model_k,NA,no
perc_dis,skeleton_D_0__Bacteria___D_1__Proteobacteria___D_2__Alphaproteobacteria___D_3__Rickettsiales___D_4__Midichloriaceae___D_5__MD3_55,3,55,463791,skeleton,caper,"pgls(x_trait~y_trait, data=comp.data, lambda=ML,kappa=1,delta=1)",0.262508402,0.839390681,-0.03434092,-27.78154002,15.8942334593056 + 6.57879644214542 - 2.65879644214542,"lambda=ML,delta=1,kappa=1",1e-06 -/+ NA,18.33409531,Inf,model_k,NA,no
perc_dis,skeleton_D_0__Bacteria___D_1__Proteobacteria___D_2__Alphaproteobacteria___D_3__Rickettsiales___D_4__Midichloriaceae___D_5__MD3_55,3,55,463791,skeleton,caper,"pgls(x_trait~y_trait, data=comp.data, lambda=1,kappa=1,delta=ML)",0.402174052,0.651257067,-0.03434092,-19.22193024,14.2023945047974 + 7.65586913845526 - 3.73586913845526,"lambda=l,delta=ML,kappa=1",3 -/+ NA,19.6256331,Inf,model_k,NA,no
perc_dis,skeleton_D_0__Bacteria___D_1__Proteobacteria___D_2__Alphaproteobacteria___D_3__Rickettsiales___D_4__Midichloriaceae___D_5__MD3_55,3,55,463791,skeleton,caper,"pgls(x_trait~y_trait, data=comp.data, lambda=1,kappa=ML,delta=1)",0.20065053,0.978903933,-0.03434092,-1.208200575,7.3045224469093 + 5.15171942575458 - 1.23171942575458,"lambda=1,delta=1,kappa=ML",3 -/+ NA,15.53898007,Inf,model_k,NA,yes
perc_dis,skeleton_D_0__Bacteria___D_1__Proteobacteria___D_2__Deltaproteobacteria___D_3__Desulfobacterales___D_4__Desulfobacteraceae___D_5__Desulfobacter,4,Desulfobacter,463791,skeleton,caper,"pgls(x_trait~y_trait, data=comp.data)",0.893302359,0.011384387,-0.48292342,3.723658256,8.15744033547841 + 7.92763914752615 - 4.00763914752615,"lambda=1,delta=1,kappa=1",NA,29.36390877,41.36390877,model_l,model_l,no
perc_dis,skeleton_D_0__Bacteria___D_1__Proteobacteria___D_2__Deltaproteobacteria___D_3__Desulfobacterales___D_4__Desulfobacteraceae___D_5__Desulfobacter,4,Desulfobacter,463791,skeleton,caper,"pgls(x_trait~y_trait, data=comp.data, lambda=ML,kappa=1,delta=1)",0.924133613,0.005755709,-0.48292342,3.749447016,7.94771853613156 + 6.91681471756982 - 2.99681471756982,"lambda=ML,delta=1,kappa=1",1e-06 -/+ NA,28.53876553,40.53876553,model_l,model_l,yes
perc_dis,skeleton_D_0__Bacteria___D_1__Proteobacteria___D_2__Deltaproteobacteria___D_3__Desulfobacterales___D_4__Desulfobacteraceae___D_5__Desulfobacter,4,Desulfobacter,463791,skeleton,caper,"pgls(x_trait~y_trait, data=comp.data, lambda=1,kappa=1,delta=ML)",0.930157953,0.004877912,-0.48292342,3.776461816,8.1198615111072 + 6.87802124216925 - 2.95802124216925,"lambda=l,delta=ML,kappa=1",3 -/+ 0.1482518812877,28.54683236,40.54683236,model_l,model_l,no
perc_dis,mucus_D_0__Bacteria___D_1__Cyanobacteria___D_2__Oxyphotobacteria___D_3__Synechococcales___D_4__Cyanobiaceae___D_5__Synechococcus_CC9902,15,CC9902,463791,mucus,caper,"pgls(x_trait~y_trait, data=comp.data)",0.973642168,8.73E-05,-0.076829103,3.919029457,6.47633315588062 + 6.36193678928379 - 2.44193678928379,"lambda=1,delta=1,kappa=1",NA,87.73210931,88.73210931,model_d,model_d,no
perc_dis,mucus_D_0__Bacteria___D_1__Cyanobacteria___D_2__Oxyphotobacteria___D_3__Synechococcales___D_4__Cyanobiaceae___D_5__Synechococcus_CC9902,15,CC9902,463791,mucus,caper,"pgls(x_trait~y_trait, data=comp.data, lambda=ML,kappa=1,delta=1)",0.815193124,0.004357382,-0.076829103,3.905144053,5.43494762769789 + 3.9007544579982 - -0.0192455420018005,"lambda=ML,delta=1,kappa=1",1e-06 -/+ NA,90.47690341,91.47690341,model_d,model_d,no
perc_dis,mucus_D_0__Bacteria___D_1__Cyanobacteria___D_2__Oxyphotobacteria___D_3__Synechococcales___D_4__Cyanobiaceae___D_5__Synechococcus_CC9902,15,CC9902,463791,mucus,caper,"pgls(x_trait~y_trait, data=comp.data, lambda=1,kappa=1,delta=ML)",0.9453523,0.000375496,-0.076829103,3.917729962,6.4672087055166 + 4.27798460164619 - 0.357984601646195,"lambda=l,delta=ML,kappa=1",3 -/+ 0.482396125456476,85.52921528,86.52921528,model_d,model_d,yes
perc_dis,mucus_D_0__Bacteria___D_1__Cyanobacteria___D_2__Oxyphotobacteria___D_3__Synechococcales___D_4__Cyanobiaceae___D_5__Synechococcus_CC9902,15,CC9902,463791,mucus,caper,"pgls(x_trait~y_trait, data=comp.data, lambda=1,kappa=ML,delta=1)",0.974396738,8.23E-05,-0.076829103,0.000706801580897688 + 1.98160305674862 - -1.93839694325138,6.30255777259676 + 7.22881266673591 - 3.30881266673591,"lambda=1,delta=1,kappa=ML",1.44541472605295 -/+ 2.22731223167675,86.59495586,87.59495586,model_d,model_d,no
perc_dis,mucus_D_0__Bacteria___D_1__Proteobacteria___D_2__Alphaproteobacteria___D_3__Rhodospirillales___D_4__Terasakiellaceae___D_5__uncultured,8,uncultured,463791,mucus,caper,"pgls(x_trait~y_trait, data=comp.data)",0.678905795,0.025939587,-0.113211901,3.793230288,7.30522910053243 + 7.18314762609598 - 3.26314762609598,"lambda=1,delta=1,kappa=1",NA,61.42157753,63.42157753,model_l,model_l,no
perc_dis,mucus_D_0__Bacteria___D_1__Proteobacteria___D_2__Alphaproteobacteria___D_3__Rhodospirillales___D_4__Terasakiellaceae___D_5__uncultured,8,uncultured,463791,mucus,caper,"pgls(x_trait~y_trait, data=comp.data, lambda=ML,kappa=1,delta=1)",0.490707137,0.070238113,-0.113211901,3.624155402,7.16914446928371 + 3.9340714520027 - 0.0140714520027043,"lambda=ML,delta=1,kappa=1",1e-06 -/+ 0.885755801787841,57.16817451,59.16817451,model_l,model_l,yes
perc_dis,mucus_D_0__Bacteria___D_1__Proteobacteria___D_2__Alphaproteobacteria___D_3__Rhodospirillales___D_4__Terasakiellaceae___D_5__uncultured,8,uncultured,463791,mucus,caper,"pgls(x_trait~y_trait, data=comp.data, lambda=1,kappa=1,delta=ML)",0.665075418,0.028334953,-0.113211901,3.773301267,7.15067943856351 + 4.75705506760195 - 0.837055067601951,"lambda=l,delta=ML,kappa=1",3 -/+ 0.628040525235754,58.70696478,60.70696478,model_l,model_l,no
perc_dis,mucus_D_0__Bacteria___D_1__Proteobacteria___D_2__Alphaproteobacteria___D_3__Rhodospirillales___D_4__Terasakiellaceae___D_5__uncultured,8,uncultured,463791,mucus,caper,"pgls(x_trait~y_trait, data=comp.data, lambda=1,kappa=ML,delta=1)",0.74130503,0.016577068,-0.113211901,3.852545097,6.84034046141801 + 7.95554353538802 - 4.03554353538802,"lambda=1,delta=1,kappa=ML",1.79851511387139 -/+ NA,61.15869051,63.15869051,model_l,model_l,no
perc_dis,mucus_D_0__Bacteria___D_1__Proteobacteria___D_2__Alphaproteobacteria___D_3__Rickettsiales___D_4__Midichloriaceae___D_5__MD3_55,9,55,463791,mucus,caper,"pgls(x_trait~y_trait, data=comp.data)",0.485628543,0.062614773,-0.05455838,3.773833308,5.98179278928659 + 6.31546612086096 - 2.39546612086096,"lambda=1,delta=1,kappa=1",NA,59.9032598,61.61754551,model_d,model_d,no
perc_dis,mucus_D_0__Bacteria___D_1__Proteobacteria___D_2__Alphaproteobacteria___D_3__Rickettsiales___D_4__Midichloriaceae___D_5__MD3_55,9,55,463791,mucus,caper,"pgls(x_trait~y_trait, data=comp.data, lambda=ML,kappa=1,delta=1)",0.485628543,0.062614773,-0.05455838,3.773833308,5.98179278928659 + 6.31546612086096 - 2.39546612086096,"lambda=ML,delta=1,kappa=1",1 -/+ NA,59.9032598,61.61754551,model_d,model_d,no
perc_dis,mucus_D_0__Bacteria___D_1__Proteobacteria___D_2__Alphaproteobacteria___D_3__Rickettsiales___D_4__Midichloriaceae___D_5__MD3_55,9,55,463791,mucus,caper,"pgls(x_trait~y_trait, data=comp.data, lambda=1,kappa=1,delta=ML)",0.551619305,0.046046707,-0.05455838,3.80063755,6.01578614304769 + 4.52716585962272 - 0.607165859622718,"lambda=l,delta=ML,kappa=1",3 -/+ 0.309532552540979,58.39553541,60.10982113,model_d,model_d,yes
perc_dis,mucus_D_0__Bacteria___D_1__Proteobacteria___D_2__Alphaproteobacteria___D_3__Rickettsiales___D_4__Midichloriaceae___D_5__MD3_55,9,55,463791,mucus,caper,"pgls(x_trait~y_trait, data=comp.data, lambda=1,kappa=ML,delta=1)",0.233525125,0.171902013,-0.05455838,3.664270503,6.74468277279112 + 7.15009785826153 - 3.23009785826153,"lambda=1,delta=1,kappa=ML",1.54517074755596 -/+ 2.59724184890317,59.01627341,60.73055913,model_d,model_d,no
perc_dis,mucus_D_0__Bacteria___D_1__Proteobacteria___D_2__Alphaproteobacteria___D_3__Sphingomonadales___D_4__Sphingomonadaceae___D_5__Sphingobium,16,Sphingobium,463791,mucus,caper,"pgls(x_trait~y_trait, data=comp.data)",0.538119084,0.027665313,-0.041787164,0.0093118362375096 + 1.97475405521303 - -1.94524594478697,5.35045809035729 + 6.42026995375286 - 2.50026995375286,"lambda=1,delta=1,kappa=1",NA,91.66740888,92.5904858,model_k,model_k,no
perc_dis,mucus_D_0__Bacteria___D_1__Proteobacteria___D_2__Alphaproteobacteria___D_3__Sphingomonadales___D_4__Sphingomonadaceae___D_5__Sphingobium,16,Sphingobium,463791,mucus,caper,"pgls(x_trait~y_trait, data=comp.data, lambda=ML,kappa=1,delta=1)",0.538119084,0.027665313,-0.041787164,0.0093118362375096 + 1.97475405521303 - -1.94524594478697,5.35045809035729 + 6.42026995375286 - 2.50026995375286,"lambda=ML,delta=1,kappa=1",1 -/+ NA,91.66740888,92.5904858,model_k,model_k,no
perc_dis,mucus_D_0__Bacteria___D_1__Proteobacteria___D_2__Alphaproteobacteria___D_3__Sphingomonadales___D_4__Sphingomonadaceae___D_5__Sphingobium,16,Sphingobium,463791,mucus,caper,"pgls(x_trait~y_trait, data=comp.data, lambda=1,kappa=1,delta=ML)",0.616534216,0.018390511,-0.041787164,0.00816645554502274 + 1.97594564394496 - -1.94405435605504,5.43472714298569 + 4.67716268580387 - 0.757162685803871,"lambda=l,delta=ML,kappa=1",3 -/+ 0.394621470199124,89.79891223,90.72198915,model_k,model_k,no
perc_dis,mucus_D_0__Bacteria___D_1__Proteobacteria___D_2__Alphaproteobacteria___D_3__Sphingomonadales___D_4__Sphingomonadaceae___D_5__Sphingobium,16,Sphingobium,463791,mucus,caper,"pgls(x_trait~y_trait, data=comp.data, lambda=1,kappa=ML,delta=1)",0.304055801,0.075196254,-0.041787164,0.0116085889732089 + 1.97088033087202 - -1.94911966912798,4.87606449923316 + 7.35930481785019 - 3.43930481785019,"lambda=1,delta=1,kappa=ML",1.58733109433197 -/+ 2.33745375241481,89.57577982,90.49885675,model_k,model_k,yes
perc_dis,mucus_D_0__Bacteria___D_1__Proteobacteria___D_2__Gammaproteobacteria___D_3__Alteromonadales___D_4__Pseudoalteromonadaceae___D_5__Pseudoalteromonas,10,Pseudoalteromonas,463791,mucus,caper,"pgls(x_trait~y_trait, data=comp.data)",0.350328649,0.109500608,-0.001811815,3.916324097,5.07141565650937 + 6.130315195392 - 2.210315195392,"lambda=1,delta=1,kappa=1",NA,60.58264083,62.29692654,model_d,model_d,no
perc_dis,mucus_D_0__Bacteria___D_1__Proteobacteria___D_2__Gammaproteobacteria___D_3__Alteromonadales___D_4__Pseudoalteromonadaceae___D_5__Pseudoalteromonas,10,Pseudoalteromonas,463791,mucus,caper,"pgls(x_trait~y_trait, data=comp.data, lambda=ML,kappa=1,delta=1)",0.48604183,0.062500054,-0.001811815,3.912607168,4.83072047807885 + 3.53457757094194 - -0.385422429058061,"lambda=ML,delta=1,kappa=1",1e-06 -/+ NA,60.93346637,62.64775208,model_d,model_d,no
perc_dis,mucus_D_0__Bacteria___D_1__Proteobacteria___D_2__Gammaproteobacteria___D_3__Alteromonadales___D_4__Pseudoalteromonadaceae___D_5__Pseudoalteromonas,10,Pseudoalteromonas,463791,mucus,caper,"pgls(x_trait~y_trait, data=comp.data, lambda=1,kappa=1,delta=ML)",0.425452692,0.080999592,-0.001811815,3.916252009,5.22769114112873 + 4.22855903024375 - 0.308559030243753,"lambda=l,delta=ML,kappa=1",3 -/+ 0.368374774164205,58.81104808,60.52533379,model_d,model_d,yes
perc_dis,mucus_D_0__Bacteria___D_1__Proteobacteria___D_2__Gammaproteobacteria___D_3__Alteromonadales___D_4__Pseudoalteromonadaceae___D_5__Pseudoalteromonas,10,Pseudoalteromonas,463791,mucus,caper,"pgls(x_trait~y_trait, data=comp.data, lambda=1,kappa=ML,delta=1)",0.173225248,0.218414937,-0.001811815,3.916264686,5.14242827310814 + 6.66613394759826 - 2.74613394759826,"lambda=1,delta=1,kappa=ML",1.44504760901469 -/+ 2.34648391611013,59.88208005,61.59636577,model_d,model_d,no
perc_dis,mucus_D_0__Bacteria___D_1__Proteobacteria___D_2__Gammaproteobacteria___D_3__Betaproteobacteriales___D_4__Burkholderiaceae___D_5__Aquabacterium,16,Aquabacterium,463791,mucus,caper,"pgls(x_trait~y_trait, data=comp.data)",0.802546241,0.004617673,-0.066481064,0.00414268311215903 + 1.97625552682673 - -1.94374447317327,5.97290817273556 + 6.44610301736603 - 2.52610301736603,"lambda=1,delta=1,kappa=1",NA,92.04223829,92.96531521,model_d,model_d,no
perc_dis,mucus_D_0__Bacteria___D_1__Proteobacteria___D_2__Gammaproteobacteria___D_3__Betaproteobacteriales___D_4__Burkholderiaceae___D_5__Aquabacterium,16,Aquabacterium,463791,mucus,caper,"pgls(x_trait~y_trait, data=comp.data, lambda=ML,kappa=1,delta=1)",0.802546241,0.004617673,-0.066481064,0.00414268311215903 + 1.97625552682673 - -1.94374447317327,5.97290817273556 + 6.44610301736603 - 2.52610301736603,"lambda=ML,delta=1,kappa=1",1 -/+ NA,92.04223829,92.96531521,model_d,model_d,no
perc_dis,mucus_D_0__Bacteria___D_1__Proteobacteria___D_2__Gammaproteobacteria___D_3__Betaproteobacteriales___D_4__Burkholderiaceae___D_5__Aquabacterium,16,Aquabacterium,463791,mucus,caper,"pgls(x_trait~y_trait, data=comp.data, lambda=1,kappa=1,delta=ML)",0.92908107,0.000586181,-0.066481064,0.00161915050677492 + 1.97786817000762 - -1.94213182999238,6.16890413705006 + 4.67070864799466 - 0.750708647994658,"lambda=l,delta=ML,kappa=1",3 -/+ 0.414731086735828,90.08651809,91.00959501,model_d,model_d,yes
perc_dis,mucus_D_0__Bacteria___D_1__Proteobacteria___D_2__Gammaproteobacteria___D_3__Betaproteobacteriales___D_4__Burkholderiaceae___D_5__Aquabacterium,16,Aquabacterium,463791,mucus,caper,"pgls(x_trait~y_trait, data=comp.data, lambda=1,kappa=ML,delta=1)",0.394058916,0.052340776,-0.066481064,0.00958038419450026 + 1.97089494211743 - -1.94910505788257,5.21546744157282 + 7.45569527237613 - 3.53569527237613,"lambda=1,delta=1,kappa=ML",1.60849667732326 -/+ 2.38280040867917,90.00233233,90.92540925,model_d,model_d,no
perc_dis,mucus_D_0__Bacteria___D_1__Proteobacteria___D_2__Gammaproteobacteria___D_3__Oceanospirillales___D_4__Endozoicomonadaceae___D_5__Endozoicomonas,12,Endozoicomonas,463791,mucus,caper,"pgls(x_trait~y_trait, data=comp.data)",0.116484607,0.227958313,0.150754144,0.0198997733390705 + 1.97158085938984 - -1.94841914061016,4.95333163795733 + 6.14984479697722 - 2.22984479697722,"lambda=1,delta=1,kappa=1",NA,73.12155738,74.45489071,model_l,model_l,no
perc_dis,mucus_D_0__Bacteria___D_1__Proteobacteria___D_2__Gammaproteobacteria___D_3__Oceanospirillales___D_4__Endozoicomonadaceae___D_5__Endozoicomonas,12,Endozoicomonas,463791,mucus,caper,"pgls(x_trait~y_trait, data=comp.data, lambda=ML,kappa=1,delta=1)",0.023017704,0.41835318,0.150754144,0.0385050046275172 + 1.97435738418464 - -1.94564261581536,3.10830424877329 + 3.48106597049277 - -0.438934029507235,"lambda=ML,delta=1,kappa=1",0.0356420205788709 -/+ 0.804192373515188,67.59998046,68.93331379,model_l,model_l,yes
perc_dis,mucus_D_0__Bacteria___D_1__Proteobacteria___D_2__Gammaproteobacteria___D_3__Oceanospirillales___D_4__Endozoicomonadaceae___D_5__Endozoicomonas,12,Endozoicomonas,463791,mucus,caper,"pgls(x_trait~y_trait, data=comp.data, lambda=1,kappa=1,delta=ML)",0.08193581,0.27214836,0.150754144,0.0234571453013309 + 1.97213091973587 - -1.94786908026413,4.75062032990809 + 4.16604777275916 - 0.246047772759158,"lambda=l,delta=ML,kappa=1",3 -/+ 0.851510850377357,69.73102124,71.06435457,model_l,model_l,no
perc_dis,mucus_D_0__Bacteria___D_1__Proteobacteria___D_2__Gammaproteobacteria___D_3__Oceanospirillales___D_4__Endozoicomonadaceae___D_5__Endozoicomonas,12,Endozoicomonas,463791,mucus,caper,"pgls(x_trait~y_trait, data=comp.data, lambda=1,kappa=ML,delta=1)",0.143521753,0.201253323,0.150754144,0.0136591335934803 + 1.96860510461127 - -1.95139489538873,5.42334066213475 + 6.90569494569486 - 2.98569494569486,"lambda=1,delta=1,kappa=ML",1.57166186630049 -/+ NA,72.9009789,74.23431224,model_l,model_l,no
perc_dis,mucus_D_0__Bacteria___D_1__Proteobacteria___D_2__Gammaproteobacteria___D_3__Pseudomonadales___D_4__Moraxellaceae___D_5__Enhydrobacter,7,Enhydrobacter,463791,mucus,caper,"pgls(x_trait~y_trait, data=comp.data)",0.700367278,0.032173503,-0.161391796,3.829266345,9.35516193250627 + 5.81550962714347 - 1.89550962714347,"lambda=1,delta=1,kappa=1",NA,38.20249907,41.20249907,model_d,model_d,no
perc_dis,mucus_D_0__Bacteria___D_1__Proteobacteria___D_2__Gammaproteobacteria___D_3__Pseudomonadales___D_4__Moraxellaceae___D_5__Enhydrobacter,7,Enhydrobacter,463791,mucus,caper,"pgls(x_trait~y_trait, data=comp.data, lambda=ML,kappa=1,delta=1)",0.694860528,0.033408463,-0.161391796,3.827723623,9.3460697029314 + 5.76525526364644 - 1.84525526364644,"lambda=ML,delta=1,kappa=1",0.995890127043487 -/+ NA,38.1966815,41.1966815,model_d,model_d,no
perc_dis,mucus_D_0__Bacteria___D_1__Proteobacteria___D_2__Gammaproteobacteria___D_3__Pseudomonadales___D_4__Moraxellaceae___D_5__Enhydrobacter,7,Enhydrobacter,463791,mucus,caper,"pgls(x_trait~y_trait, data=comp.data, lambda=1,kappa=1,delta=ML)",0.719740983,0.028030377,-0.161391796,3.851063845,9.81616915042321 + 7.21098833523093 - 3.29098833523093,"lambda=l,delta=ML,kappa=1",0.364381246517195 -/+ 0.0177432553774965,37.38594269,40.38594269,model_d,model_d,yes
perc_dis,mucus_D_0__Bacteria___D_1__Proteobacteria___D_2__Gammaproteobacteria___D_3__Pseudomonadales___D_4__Moraxellaceae___D_5__Enhydrobacter,7,Enhydrobacter,463791,mucus,caper,"pgls(x_trait~y_trait, data=comp.data, lambda=1,kappa=ML,delta=1)",0.700078864,0.014835622,-0.161391796,3.809759308,14.867582027634 + 7.24813496880271 - 3.32813496880271,"lambda=1,delta=1,kappa=ML",1.05702864829134 -/+ 2.10712409730618,41.01724641,44.01724641,model_d,model_d,no
perc_dis,mucus_D_0__Bacteria___D_1__Proteobacteria___D_2__Gammaproteobacteria___D_3__Pseudomonadales___D_4__Pseudomonadaceae___D_5__Pseudomonas,16,Pseudomonas,463791,mucus,caper,"pgls(x_trait~y_trait, data=comp.data)",0.381522323,0.05510041,-0.012392418,0.00944020993362406 + 1.97044799726766 - -1.94955200273234,5.18700076196195 + 6.26233710457307 - 2.34233710457307,"lambda=1,delta=1,kappa=1",NA,91.2094664,92.13254332,model_k,model_k,no
perc_dis,mucus_D_0__Bacteria___D_1__Proteobacteria___D_2__Gammaproteobacteria___D_3__Pseudomonadales___D_4__Pseudomonadaceae___D_5__Pseudomonas,16,Pseudomonas,463791,mucus,caper,"pgls(x_trait~y_trait, data=comp.data, lambda=ML,kappa=1,delta=1)",0.381522323,0.05510041,-0.012392418,0.00944020993362406 + 1.97044799726766 - -1.94955200273234,5.18700076196195 + 6.26233710457307 - 2.34233710457307,"lambda=ML,delta=1,kappa=1",1 -/+ 0.699759900665336,91.2094664,92.13254332,model_k,model_k,no
perc_dis,mucus_D_0__Bacteria___D_1__Proteobacteria___D_2__Gammaproteobacteria___D_3__Pseudomonadales___D_4__Pseudomonadaceae___D_5__Pseudomonas,16,Pseudomonas,463791,mucus,caper,"pgls(x_trait~y_trait, data=comp.data, lambda=1,kappa=1,delta=ML)",0.46905173,0.038056089,-0.012392418,0.00859485892333864 + 1.97154881791378 - -1.94845118208622,5.25418511949885 + 4.47981426511846 - 0.559814265118459,"lambda=l,delta=ML,kappa=1",3 -/+ 0.362279982727455,89.47511358,90.3981905,model_k,model_k,no
perc_dis,mucus_D_0__Bacteria___D_1__Proteobacteria___D_2__Gammaproteobacteria___D_3__Pseudomonadales___D_4__Pseudomonadaceae___D_5__Pseudomonas,16,Pseudomonas,463791,mucus,caper,"pgls(x_trait~y_trait, data=comp.data, lambda=1,kappa=ML,delta=1)",0.160398823,0.135665182,-0.012392418,0.0100895581864731 + 1.96680636028346 - -1.95319363971654,4.83500279467901 + 7.38900384430312 - 3.46900384430312,"lambda=1,delta=1,kappa=ML",1.67705265512617 -/+ 2.46132559003422,88.68804334,89.61112026,model_k,model_k,yes
perc_dis,mucus_D_0__Bacteria___D_1__Proteobacteria___D_2__Gammaproteobacteria___D_3__Vibrionales___D_4__Vibrionaceae___D_5__Photobacterium,9,Photobacterium,463791,mucus,caper,"pgls(x_trait~y_trait, data=comp.data)",0.36727605,0.117143873,-0.008978431,3.882942204,5.39751706452018 + 6.13494728721505 - 2.21494728721505,"lambda=1,delta=1,kappa=1",NA,56.50446261,58.50446261,model_d,model_d,no
perc_dis,mucus_D_0__Bacteria___D_1__Proteobacteria___D_2__Gammaproteobacteria___D_3__Vibrionales___D_4__Vibrionaceae___D_5__Photobacterium,9,Photobacterium,463791,mucus,caper,"pgls(x_trait~y_trait, data=comp.data, lambda=ML,kappa=1,delta=1)",0.375538744,0.113403265,-0.008978431,3.835062182,5.71438714683145 + 3.72280588332002 - -0.197194116679976,"lambda=ML,delta=1,kappa=1",1e-06 -/+ NA,54.71132687,56.71132687,model_d,model_d,no
perc_dis,mucus_D_0__Bacteria___D_1__Proteobacteria___D_2__Gammaproteobacteria___D_3__Vibrionales___D_4__Vibrionaceae___D_5__Photobacterium,9,Photobacterium,463791,mucus,caper,"pgls(x_trait~y_trait, data=comp.data, lambda=1,kappa=1,delta=ML)",0.405459025,0.100658116,-0.008978431,3.879139482,5.55944955193795 + 4.27290138822083 - 0.352901388220826,"lambda=l,delta=ML,kappa=1",3 -/+ 0.420638386193084,54.5018752,56.5018752,model_d,model_d,yes
perc_dis,mucus_D_0__Bacteria___D_1__Proteobacteria___D_2__Gammaproteobacteria___D_3__Vibrionales___D_4__Vibrionaceae___D_5__Photobacterium,9,Photobacterium,463791,mucus,caper,"pgls(x_trait~y_trait, data=comp.data, lambda=1,kappa=ML,delta=1)",0.018398067,0.5717589,-0.008978431,3.885798953,5.58178811518284 + 7.17093445100652 - 3.25093445100652,"lambda=1,delta=1,kappa=ML",2.33064674638412 -/+ NA,54.6268167,56.6268167,model_d,model_d,no
perc_dis,mucus_D_0__Bacteria___D_1__Proteobacteria___D_2__Gammaproteobacteria___D_3__Vibrionales___D_4__Vibrionaceae___D_5__Vibrio,13,Vibrio,463791,mucus,caper,"pgls(x_trait~y_trait, data=comp.data)",0.567920309,0.0305491,-0.0575828,3.910968738,6.30156666382481 + 6.14270258337025 - 2.22270258337025,"lambda=1,delta=1,kappa=1",NA,76.75578783,77.95578783,model_k,model_k,no
perc_dis,mucus_D_0__Bacteria___D_1__Proteobacteria___D_2__Gammaproteobacteria___D_3__Vibrionales___D_4__Vibrionaceae___D_5__Vibrio,13,Vibrio,463791,mucus,caper,"pgls(x_trait~y_trait, data=comp.data, lambda=ML,kappa=1,delta=1)",0.651302704,0.019242535,-0.0575828,3.902013357,5.44889265094267 + 3.45700307088784 - -0.462996929112156,"lambda=ML,delta=1,kappa=1",1e-06 -/+ NA,78.39968121,79.59968121,model_k,model_k,no
perc_dis,mucus_D_0__Bacteria___D_1__Proteobacteria___D_2__Gammaproteobacteria___D_3__Vibrionales___D_4__Vibrionaceae___D_5__Vibrio,13,Vibrio,463791,mucus,caper,"pgls(x_trait~y_trait, data=comp.data, lambda=1,kappa=1,delta=ML)",0.625414931,0.022415439,-0.0575828,3.910959244,6.20537086642158 + 4.15390794432747 - 0.233907944327467,"lambda=l,delta=ML,kappa=1",3 -/+ 0.369792033811137,74.97220861,76.17220861,model_k,model_k,no
perc_dis,mucus_D_0__Bacteria___D_1__Proteobacteria___D_2__Gammaproteobacteria___D_3__Vibrionales___D_4__Vibrionaceae___D_5__Vibrio,13,Vibrio,463791,mucus,caper,"pgls(x_trait~y_trait, data=comp.data, lambda=1,kappa=ML,delta=1)",0.254647671,0.116075764,-0.0575828,3.909958129,5.98990421894214 + 7.34309788050297 - 3.42309788050297,"lambda=1,delta=1,kappa=ML",1.78519435358498 -/+ 2.65606536310422,74.29922578,75.49922578,model_k,model_k,yes
perc_dis,mucus_D_0__Bacteria___D_1__Tenericutes___D_2__Mollicutes___D_3__Entomoplasmatales___D_4__Spiroplasmataceae___D_5__Spiroplasma,5,Spiroplasma,463791,mucus,caper,"pgls(x_trait~y_trait, data=comp.data)",0.000706625,0.985991978,0.981322638,0.985313563745799 + 2.02780559707986 - -1.89219440292014,3.34097894302815 + 2.54556640553443 - -1.37443359446557,"lambda=1,delta=1,kappa=1",NA,13.46066871,19.46066871,model_l,model_l,no
perc_dis,mucus_D_0__Bacteria___D_1__Tenericutes___D_2__Mollicutes___D_3__Entomoplasmatales___D_4__Spiroplasmataceae___D_5__Spiroplasma,5,Spiroplasma,463791,mucus,caper,"pgls(x_trait~y_trait, data=comp.data, lambda=ML,kappa=1,delta=1)",0.000552004,0.988113204,0.981322638,0.997835638975469 + 2.02318695720902 - -1.89681304279098,3.33163958409609 + 2.36780152306731 - -1.55219847693269,"lambda=ML,delta=1,kappa=1",0.245115616683259 -/+ NA,12.56651224,18.56651224,model_l,model_l,yes
perc_dis,mucus_D_0__Bacteria___D_1__Tenericutes___D_2__Mollicutes___D_3__Entomoplasmatales___D_4__Spiroplasmataceae___D_5__Spiroplasma,5,Spiroplasma,463791,mucus,caper,"pgls(x_trait~y_trait, data=comp.data, lambda=1,kappa=1,delta=ML)",0.000620614,0.987150092,0.981322638,0.999933724822486 + 2.02586717059898 - -1.89413282940102,3.33556261996612 + 2.39002215591627 - -1.52997784408373,"lambda=l,delta=ML,kappa=1",3 -/+ 0.149843718095239,12.65424426,18.65424426,model_l,model_l,no
perc_dis,mucus_D_0__Bacteria___D_1__Tenericutes___D_2__Mollicutes___D_3__Entomoplasmatales___D_4__Spiroplasmataceae___D_5__Spiroplasma,5,Spiroplasma,463791,mucus,caper,"pgls(x_trait~y_trait, data=comp.data, lambda=1,kappa=ML,delta=1)",0.000504036,0.988810634,0.981322638,0.995059346204469 + 2.02111313150414 - -1.89888686849586,3.21556609856078 + 2.51410389845622 - -1.40589610154378,"lambda=1,delta=1,kappa=ML",1e-06 -/+ NA,13.02659182,19.02659182,model_l,model_l,no
perc_dis,all_D_0__Archaea___D_1__Thaumarchaeota___D_2__Nitrososphaeria___D_3__Nitrosopumilales___D_4__Nitrosopumilaceae___D_5__Candidatus_Nitrosopumilus,16,Nitrosopumilus,463791,all,caper,"pgls(x_trait~y_trait, data=comp.data)",0.026534249,0.305006693,0.255364314,3.770659629,8.26295605816986 + 6.65144290777593 - 2.73144290777593,"lambda=1,delta=1,kappa=1",NA,93.20584219,94.12891911,model_d,model_d,no
perc_dis,all_D_0__Archaea___D_1__Thaumarchaeota___D_2__Nitrososphaeria___D_3__Nitrosopumilales___D_4__Nitrosopumilaceae___D_5__Candidatus_Nitrosopumilus,16,Nitrosopumilus,463791,all,caper,"pgls(x_trait~y_trait, data=comp.data, lambda=ML,kappa=1,delta=1)",0.026534249,0.305006693,0.255364314,3.770659629,8.26295605816986 + 6.65144290777593 - 2.73144290777593,"lambda=ML,delta=1,kappa=1",1 -/+ NA,93.20584219,94.12891911,model_d,model_d,no
perc_dis,all_D_0__Archaea___D_1__Thaumarchaeota___D_2__Nitrososphaeria___D_3__Nitrosopumilales___D_4__Nitrosopumilaceae___D_5__Candidatus_Nitrosopumilus,16,Nitrosopumilus,463791,all,caper,"pgls(x_trait~y_trait, data=comp.data, lambda=1,kappa=1,delta=ML)",0.058984346,0.231821286,0.255364314,3.781556924,8.04842515256628 + 4.44031409568217 - 0.520314095682172,"lambda=l,delta=ML,kappa=1",3 -/+ 0.441710105512905,91.16870287,92.09177979,model_d,model_d,yes
perc_dis,all_D_0__Archaea___D_1__Thaumarchaeota___D_2__Nitrososphaeria___D_3__Nitrosopumilales___D_4__Nitrosopumilaceae___D_5__Candidatus_Nitrosopumilus,16,Nitrosopumilus,463791,all,caper,"pgls(x_trait~y_trait, data=comp.data, lambda=1,kappa=ML,delta=1)",0.003133621,0.475234799,0.255364314,3.750903415,8.37709074730409 + 7.36402324477421 - 3.44402324477421,"lambda=1,delta=1,kappa=ML",1.29898344193374 -/+ 2.00595016191029,92.51597374,93.43905067,model_d,model_d,no
perc_dis,all_D_0__Bacteria___D_1__Bacteroidetes___D_2__Bacteroidia___D_3__Bacteroidales___D_4__Rikenellaceae___D_5__Rikenellaceae_RC9_gut_group,3,group,463791,all,caper,"pgls(x_trait~y_trait, data=comp.data)",0.715441985,0.186837145,-0.62632571,-42.70175987,11.0985353893987 + 11.9725049721552 - 8.05250497215518,"lambda=1,delta=1,kappa=1",NA,23.41830434,Inf,model_l,NA,no
perc_dis,all_D_0__Bacteria___D_1__Bacteroidetes___D_2__Bacteroidia___D_3__Bacteroidales___D_4__Rikenellaceae___D_5__Rikenellaceae_RC9_gut_group,3,group,463791,all,caper,"pgls(x_trait~y_trait, data=comp.data, lambda=ML,kappa=1,delta=1)",0.633891995,0.295830316,-0.62632571,-42.44665459,11.0764249475622 + 8.61401891044564 - 4.69401891044564,"lambda=ML,delta=1,kappa=1",1e-06 -/+ NA,22.10468965,Inf,model_l,NA,yes
perc_dis,all_D_0__Bacteria___D_1__Bacteroidetes___D_2__Bacteroidia___D_3__Bacteroidales___D_4__Rikenellaceae___D_5__Rikenellaceae_RC9_gut_group,3,group,463791,all,caper,"pgls(x_trait~y_trait, data=comp.data, lambda=1,kappa=1,delta=ML)",0.645271433,0.279647607,-0.62632571,-42.47171019,11.0785965533288 + 9.01504404510483 - 5.09504404510483,"lambda=l,delta=ML,kappa=1",3 -/+ 0.211057189145081,22.28313185,Inf,model_l,NA,no
perc_dis,all_D_0__Bacteria___D_1__Bacteroidetes___D_2__Bacteroidia___D_3__Bacteroidales___D_4__Rikenellaceae___D_5__Rikenellaceae_RC9_gut_group,3,group,463791,all,caper,"pgls(x_trait~y_trait, data=comp.data, lambda=1,kappa=ML,delta=1)",0.702677478,0.202715269,-0.62632571,-42.64705212,11.1084888945351 + 13.4321371942941 - 9.51213719429407,"lambda=1,delta=1,kappa=ML",1e-06 -/+ NA,23.20326565,Inf,model_l,NA,no
perc_dis,all_D_0__Bacteria___D_1__Bacteroidetes___D_2__Chlorobia___D_3__Chlorobiales___D_4__Chlorobiaceae___D_5__Prosthecochloris,10,Prosthecochloris,463791,all,caper,"pgls(x_trait~y_trait, data=comp.data)",0.008694877,0.598039603,0.547794554,3.863177699,8.20778793356948 + 5.962978110982 - 2.042978110982,"lambda=1,delta=1,kappa=1",NA,54.37915051,56.09343623,model_d,model_d,no
perc_dis,all_D_0__Bacteria___D_1__Bacteroidetes___D_2__Chlorobia___D_3__Chlorobiales___D_4__Chlorobiaceae___D_5__Prosthecochloris,10,Prosthecochloris,463791,all,caper,"pgls(x_trait~y_trait, data=comp.data, lambda=ML,kappa=1,delta=1)",0.008694877,0.598039603,0.547794554,3.863177699,8.20778793356948 + 5.962978110982 - 2.042978110982,"lambda=ML,delta=1,kappa=1",1 -/+ 0.796388073516965,54.37915051,56.09343623,model_d,model_d,no
perc_dis,all_D_0__Bacteria___D_1__Bacteroidetes___D_2__Chlorobia___D_3__Chlorobiales___D_4__Chlorobiaceae___D_5__Prosthecochloris,10,Prosthecochloris,463791,all,caper,"pgls(x_trait~y_trait, data=comp.data, lambda=1,kappa=1,delta=ML)",0.010704577,0.577913405,0.547794554,3.863284232,8.25302464932571 + 5.53424738282638 - 1.61424738282638,"lambda=l,delta=ML,kappa=1",1.26795518989462 -/+ 0.0799736092388569,54.32307277,56.03735849,model_d,model_d,yes
perc_dis,all_D_0__Bacteria___D_1__Bacteroidetes___D_2__Chlorobia___D_3__Chlorobiales___D_4__Chlorobiaceae___D_5__Prosthecochloris,10,Prosthecochloris,463791,all,caper,"pgls(x_trait~y_trait, data=comp.data, lambda=1,kappa=ML,delta=1)",0.002889308,0.6907019,0.547794554,3.863124233,8.14509517926995 + 6.43105919657595 - 2.51105919657595,"lambda=1,delta=1,kappa=ML",1.19873671894977 -/+ 1.99785629330794,54.1036882,55.81797392,model_d,model_d,no
perc_dis,all_D_0__Bacteria___D_1__Cyanobacteria___D_2__Oxyphotobacteria___D_3__Synechococcales___D_4__Cyanobiaceae___D_5__Synechococcus_CC9902,16,CC9902,463791,all,caper,"pgls(x_trait~y_trait, data=comp.data)",0.080980049,0.201686997,0.14466464,0.150665460511858 + 2.04011195627756 - -1.87988804372244,4.88805311755439 + 6.96386860443914 - 3.04386860443914,"lambda=1,delta=1,kappa=1",NA,95.42341881,96.34649573,model_d,model_d,no
perc_dis,all_D_0__Bacteria___D_1__Cyanobacteria___D_2__Oxyphotobacteria___D_3__Synechococcales___D_4__Cyanobiaceae___D_5__Synechococcus_CC9902,16,CC9902,463791,all,caper,"pgls(x_trait~y_trait, data=comp.data, lambda=ML,kappa=1,delta=1)",0.235274147,0.098993326,0.14466464,0.116035719958309 + 2.05355968050153 - -1.86644031949847,5.15751976610937 + 6.60957325716908 - 2.68957325716908,"lambda=ML,delta=1,kappa=1",0.98325489726459 -/+ NA,95.1722651,96.09534202,model_d,model_d,no
perc_dis,all_D_0__Bacteria___D_1__Cyanobacteria___D_2__Oxyphotobacteria___D_3__Synechococcales___D_4__Cyanobiaceae___D_5__Synechococcus_CC9902,16,CC9902,463791,all,caper,"pgls(x_trait~y_trait, data=comp.data, lambda=1,kappa=1,delta=ML)",0.135589902,0.151927849,0.14466464,0.142456773879453 + 2.04995323644692 - -1.87004676355308,4.84927620382571 + 4.52063574524859 - 0.600635745248591,"lambda=l,delta=ML,kappa=1",3 -/+ 0.626552540410266,92.75179581,93.67487274,model_d,model_d,yes
perc_dis,all_D_0__Bacteria___D_1__Cyanobacteria___D_2__Oxyphotobacteria___D_3__Synechococcales___D_4__Cyanobiaceae___D_5__Synechococcus_CC9902,16,CC9902,463791,all,caper,"pgls(x_trait~y_trait, data=comp.data, lambda=1,kappa=ML,delta=1)",0.066857137,0.219968895,0.14466464,0.154439801762139 + 2.03772675592216 - -1.88227324407784,4.83166106583234 + 7.07308093706372 - 3.15308093706372,"lambda=1,delta=1,kappa=ML",1.03988649521306 -/+ 1.71875556236493,95.40970293,96.33277985,model_d,model_d,no
perc_dis,all_D_0__Bacteria___D_1__Proteobacteria___D_2__Alphaproteobacteria___D_3__Rhizobiales___D_4__Stappiaceae___D_5__Pseudovibrio,7,Pseudovibrio,463791,all,caper,"pgls(x_trait~y_trait, data=comp.data)",0.397097089,0.14630135,-0.02443838,3.669424832,7.4045591404965 + 7.24737406410927 - 3.32737406410927,"lambda=1,delta=1,kappa=1",NA,45.47743305,48.47743305,model_k,model_k,no
perc_dis,all_D_0__Bacteria___D_1__Proteobacteria___D_2__Alphaproteobacteria___D_3__Rhizobiales___D_4__Stappiaceae___D_5__Pseudovibrio,7,Pseudovibrio,463791,all,caper,"pgls(x_trait~y_trait, data=comp.data, lambda=ML,kappa=1,delta=1)",0.726328264,0.02669226,-0.02443838,0.0799148239111234 + 2.17581158787591 - -1.74418841212409,4.27089037974809 + 4.59102764211402 - 0.671027642114017,"lambda=ML,delta=1,kappa=1",1e-06 -/+ NA,46.49798883,49.49798883,model_k,model_k,no
perc_dis,all_D_0__Bacteria___D_1__Proteobacteria___D_2__Alphaproteobacteria___D_3__Rhizobiales___D_4__Stappiaceae___D_5__Pseudovibrio,7,Pseudovibrio,463791,all,caper,"pgls(x_trait~y_trait, data=comp.data, lambda=1,kappa=1,delta=ML)",0.738670703,0.024280001,-0.02443838,3.833148505,6.4994897177903 + 5.61688898198532 - 1.69688898198532,"lambda=l,delta=ML,kappa=1",3 -/+ 0.125016168737771,44.7624254,47.7624254,model_k,model_k,no
perc_dis,all_D_0__Bacteria___D_1__Proteobacteria___D_2__Alphaproteobacteria___D_3__Rhizobiales___D_4__Stappiaceae___D_5__Pseudovibrio,7,Pseudovibrio,463791,all,caper,"pgls(x_trait~y_trait, data=comp.data, lambda=1,kappa=ML,delta=1)",0.287765733,0.220467878,-0.02443838,3.562771393,9.56455204928684 + 8.70294134472636 - 4.78294134472636,"lambda=1,delta=1,kappa=ML",1.81777857773044 -/+ NA,44.62403588,47.62403588,model_k,model_k,yes
perc_dis,all_D_0__Bacteria___D_1__Proteobacteria___D_2__Alphaproteobacteria___D_3__Rhodobacterales___D_4__Rhodobacteraceae___D_5__Ruegeria,15,Ruegeria,463791,all,caper,"pgls(x_trait~y_trait, data=comp.data)",0.983756602,3.31E-05,-0.076887394,0.0057293273483587 + 2.23605116813377 - -1.68394883186623,6.23514453466139 + 8.04477559867139 - 4.12477559867139,"lambda=1,delta=1,kappa=1",NA,94.98209718,95.98209718,model_l,model_l,no
perc_dis,all_D_0__Bacteria___D_1__Proteobacteria___D_2__Alphaproteobacteria___D_3__Rhodobacterales___D_4__Rhodobacteraceae___D_5__Ruegeria,15,Ruegeria,463791,all,caper,"pgls(x_trait~y_trait, data=comp.data, lambda=ML,kappa=1,delta=1)",0.159806726,0.146044072,-0.076887394,0.292625104523649 + 2.15625271226256 - -1.76374728773744,3.25068303089158 + 3.58260857707204 - -0.337391422927956,"lambda=ML,delta=1,kappa=1",1e-06 -/+ 0.983812760954198,88.77341082,89.77341082,model_l,model_l,yes
perc_dis,all_D_0__Bacteria___D_1__Proteobacteria___D_2__Alphaproteobacteria___D_3__Rhodobacterales___D_4__Rhodobacteraceae___D_5__Ruegeria,15,Ruegeria,463791,all,caper,"pgls(x_trait~y_trait, data=comp.data, lambda=1,kappa=1,delta=ML)",0.730216366,0.009460136,-0.076887394,0.0919625603053322 + 2.22099168149619 - -1.69900831850381,5.52679232772076 + 5.27273448516029 - 1.35273448516029,"lambda=l,delta=ML,kappa=1",3 -/+ 1.02709849144108,91.05502402,92.05502402,model_l,model_l,no
perc_dis,all_D_0__Bacteria___D_1__Proteobacteria___D_2__Alphaproteobacteria___D_3__Rhodobacterales___D_4__Rhodobacteraceae___D_5__Ruegeria,15,Ruegeria,463791,all,caper,"pgls(x_trait~y_trait, data=comp.data, lambda=1,kappa=ML,delta=1)",0.452679441,0.044071397,-0.076887394,0.192805924091348 + 2.20904797781671 - -1.71095202218329,5.01723005529064 + 6.60848328280208 - 2.68848328280208,"lambda=1,delta=1,kappa=ML",0.569195602832619 -/+ 1.1721535437872,92.92853275,93.92853275,model_l,model_l,no
perc_dis,all_D_0__Archaea___D_1__Thaumarchaeota___D_2__Nitrososphaeria___D_3__Nitrosopumilales___D_4__Nitrosopumilaceae___D_5__Candidatus_Nitrosopumilus,16,Nitrosopumilus,463791,all,caper,"pgls(x_trait~y_trait, data=comp.data)",0.026534249,0.305006693,0.255364314,3.770659629,8.26295605816986 + 6.65144290777593 - 2.73144290777593,"lambda=1,delta=1,kappa=1",NA,93.20584219,94.12891911,model_d,model_d,no
perc_dis,all_D_0__Archaea___D_1__Thaumarchaeota___D_2__Nitrososphaeria___D_3__Nitrosopumilales___D_4__Nitrosopumilaceae___D_5__Candidatus_Nitrosopumilus,16,Nitrosopumilus,463791,all,caper,"pgls(x_trait~y_trait, data=comp.data, lambda=ML,kappa=1,delta=1)",0.026534249,0.305006693,0.255364314,3.770659629,8.26295605816986 + 6.65144290777593 - 2.73144290777593,"lambda=ML,delta=1,kappa=1",1 -/+ NA,93.20584219,94.12891911,model_d,model_d,no
perc_dis,all_D_0__Archaea___D_1__Thaumarchaeota___D_2__Nitrososphaeria___D_3__Nitrosopumilales___D_4__Nitrosopumilaceae___D_5__Candidatus_Nitrosopumilus,16,Nitrosopumilus,463791,all,caper,"pgls(x_trait~y_trait, data=comp.data, lambda=1,kappa=1,delta=ML)",0.058984346,0.231821286,0.255364314,3.781556924,8.04842515256628 + 4.44031409568217 - 0.520314095682172,"lambda=l,delta=ML,kappa=1",3 -/+ 0.441710105512905,91.16870287,92.09177979,model_d,model_d,yes
perc_dis,all_D_0__Archaea___D_1__Thaumarchaeota___D_2__Nitrososphaeria___D_3__Nitrosopumilales___D_4__Nitrosopumilaceae___D_5__Candidatus_Nitrosopumilus,16,Nitrosopumilus,463791,all,caper,"pgls(x_trait~y_trait, data=comp.data, lambda=1,kappa=ML,delta=1)",0.003133621,0.475234799,0.255364314,3.750903415,8.37709074730409 + 7.36402324477421 - 3.44402324477421,"lambda=1,delta=1,kappa=ML",1.29898344193374 -/+ 2.00595016191029,92.51597374,93.43905067,model_d,model_d,no
perc_dis,all_D_0__Bacteria___D_1__Bacteroidetes___D_2__Bacteroidia___D_3__Bacteroidales___D_4__Rikenellaceae___D_5__Rikenellaceae_RC9_gut_group,3,group,463791,all,caper,"pgls(x_trait~y_trait, data=comp.data)",0.715441985,0.186837145,-0.62632571,-42.70175987,11.0985353893987 + 11.9725049721552 - 8.05250497215518,"lambda=1,delta=1,kappa=1",NA,23.41830434,Inf,model_l,model_l,no
perc_dis,all_D_0__Bacteria___D_1__Bacteroidetes___D_2__Bacteroidia___D_3__Bacteroidales___D_4__Rikenellaceae___D_5__Rikenellaceae_RC9_gut_group,3,group,463791,all,caper,"pgls(x_trait~y_trait, data=comp.data, lambda=ML,kappa=1,delta=1)",0.633891995,0.295830316,-0.62632571,-42.44665459,11.0764249475622 + 8.61401891044564 - 4.69401891044564,"lambda=ML,delta=1,kappa=1",1e-06 -/+ NA,22.10468965,Inf,model_l,model_l,yes
perc_dis,all_D_0__Bacteria___D_1__Bacteroidetes___D_2__Bacteroidia___D_3__Bacteroidales___D_4__Rikenellaceae___D_5__Rikenellaceae_RC9_gut_group,3,group,463791,all,caper,"pgls(x_trait~y_trait, data=comp.data, lambda=1,kappa=1,delta=ML)",0.645271433,0.279647607,-0.62632571,-42.47171019,11.0785965533288 + 9.01504404510483 - 5.09504404510483,"lambda=l,delta=ML,kappa=1",3 -/+ 0.211057189145081,22.28313185,Inf,model_l,model_l,no
perc_dis,all_D_0__Bacteria___D_1__Bacteroidetes___D_2__Bacteroidia___D_3__Bacteroidales___D_4__Rikenellaceae___D_5__Rikenellaceae_RC9_gut_group,3,group,463791,all,caper,"pgls(x_trait~y_trait, data=comp.data, lambda=1,kappa=ML,delta=1)",0.702677478,0.202715269,-0.62632571,-42.64705212,11.1084888945351 + 13.4321371942941 - 9.51213719429407,"lambda=1,delta=1,kappa=ML",1e-06 -/+ NA,23.20326565,Inf,model_l,model_l,no
perc_dis,all_D_0__Bacteria___D_1__Bacteroidetes___D_2__Chlorobia___D_3__Chlorobiales___D_4__Chlorobiaceae___D_5__Prosthecochloris,10,Prosthecochloris,463791,all,caper,"pgls(x_trait~y_trait, data=comp.data)",0.008694877,0.598039603,0.547794554,3.863177699,8.20778793356948 + 5.962978110982 - 2.042978110982,"lambda=1,delta=1,kappa=1",NA,54.37915051,56.09343623,model_k,model_k,no
perc_dis,all_D_0__Bacteria___D_1__Bacteroidetes___D_2__Chlorobia___D_3__Chlorobiales___D_4__Chlorobiaceae___D_5__Prosthecochloris,10,Prosthecochloris,463791,all,caper,"pgls(x_trait~y_trait, data=comp.data, lambda=ML,kappa=1,delta=1)",0.008694877,0.598039603,0.547794554,3.863177699,8.20778793356948 + 5.962978110982 - 2.042978110982,"lambda=ML,delta=1,kappa=1",1 -/+ 0.796388073516965,54.37915051,56.09343623,model_k,model_k,no
perc_dis,all_D_0__Bacteria___D_1__Bacteroidetes___D_2__Chlorobia___D_3__Chlorobiales___D_4__Chlorobiaceae___D_5__Prosthecochloris,10,Prosthecochloris,463791,all,caper,"pgls(x_trait~y_trait, data=comp.data, lambda=1,kappa=1,delta=ML)",0.010704577,0.577913405,0.547794554,3.863284232,8.25302464932571 + 5.53424738282638 - 1.61424738282638,"lambda=l,delta=ML,kappa=1",1.26795518989462 -/+ 0.0799736092388569,54.32307277,56.03735849,model_k,model_k,no
perc_dis,all_D_0__Bacteria___D_1__Bacteroidetes___D_2__Chlorobia___D_3__Chlorobiales___D_4__Chlorobiaceae___D_5__Prosthecochloris,10,Prosthecochloris,463791,all,caper,"pgls(x_trait~y_trait, data=comp.data, lambda=1,kappa=ML,delta=1)",0.002889308,0.6907019,0.547794554,3.863124233,8.14509517926995 + 6.43105919657595 - 2.51105919657595,"lambda=1,delta=1,kappa=ML",1.19873671894977 -/+ 1.99785629330794,54.1036882,55.81797392,model_k,model_k,yes
perc_dis,all_D_0__Bacteria___D_1__Cyanobacteria___D_2__Oxyphotobacteria___D_3__Synechococcales___D_4__Cyanobiaceae___D_5__Synechococcus_CC9902,16,CC9902,463791,all,caper,"pgls(x_trait~y_trait, data=comp.data)",0.080980049,0.201686997,0.14466464,0.150665460511858 + 2.04011195627756 - -1.87988804372244,4.88805311755439 + 6.96386860443914 - 3.04386860443914,"lambda=1,delta=1,kappa=1",NA,95.42341881,96.34649573,model_d,model_d,no
perc_dis,all_D_0__Bacteria___D_1__Cyanobacteria___D_2__Oxyphotobacteria___D_3__Synechococcales___D_4__Cyanobiaceae___D_5__Synechococcus_CC9902,16,CC9902,463791,all,caper,"pgls(x_trait~y_trait, data=comp.data, lambda=ML,kappa=1,delta=1)",0.235274147,0.098993326,0.14466464,0.116035719958309 + 2.05355968050153 - -1.86644031949847,5.15751976610937 + 6.60957325716908 - 2.68957325716908,"lambda=ML,delta=1,kappa=1",0.98325489726459 -/+ NA,95.1722651,96.09534202,model_d,model_d,no
perc_dis,all_D_0__Bacteria___D_1__Cyanobacteria___D_2__Oxyphotobacteria___D_3__Synechococcales___D_4__Cyanobiaceae___D_5__Synechococcus_CC9902,16,CC9902,463791,all,caper,"pgls(x_trait~y_trait, data=comp.data, lambda=1,kappa=1,delta=ML)",0.135589902,0.151927849,0.14466464,0.142456773879453 + 2.04995323644692 - -1.87004676355308,4.84927620382571 + 4.52063574524859 - 0.600635745248591,"lambda=l,delta=ML,kappa=1",3 -/+ 0.626552540410266,92.75179581,93.67487274,model_d,model_d,yes
perc_dis,all_D_0__Bacteria___D_1__Cyanobacteria___D_2__Oxyphotobacteria___D_3__Synechococcales___D_4__Cyanobiaceae___D_5__Synechococcus_CC9902,16,CC9902,463791,all,caper,"pgls(x_trait~y_trait, data=comp.data, lambda=1,kappa=ML,delta=1)",0.066857137,0.219968895,0.14466464,0.154439801762139 + 2.03772675592216 - -1.88227324407784,4.83166106583234 + 7.07308093706372 - 3.15308093706372,"lambda=1,delta=1,kappa=ML",1.03988649521306 -/+ 1.71875556236493,95.40970293,96.33277985,model_d,model_d,no
perc_dis,all_D_0__Bacteria___D_1__Proteobacteria___D_2__Alphaproteobacteria___D_3__Rhizobiales___D_4__Stappiaceae___D_5__Pseudovibrio,7,Pseudovibrio,463791,all,caper,"pgls(x_trait~y_trait, data=comp.data)",0.397097089,0.14630135,-0.02443838,3.669424832,7.4045591404965 + 7.24737406410927 - 3.32737406410927,"lambda=1,delta=1,kappa=1",NA,45.47743305,48.47743305,model_k,model_k,no
perc_dis,all_D_0__Bacteria___D_1__Proteobacteria___D_2__Alphaproteobacteria___D_3__Rhizobiales___D_4__Stappiaceae___D_5__Pseudovibrio,7,Pseudovibrio,463791,all,caper,"pgls(x_trait~y_trait, data=comp.data, lambda=ML,kappa=1,delta=1)",0.726328264,0.02669226,-0.02443838,0.0799148239111234 + 2.17581158787591 - -1.74418841212409,4.27089037974809 + 4.59102764211402 - 0.671027642114017,"lambda=ML,delta=1,kappa=1",1e-06 -/+ NA,46.49798883,49.49798883,model_k,model_k,no
perc_dis,all_D_0__Bacteria___D_1__Proteobacteria___D_2__Alphaproteobacteria___D_3__Rhizobiales___D_4__Stappiaceae___D_5__Pseudovibrio,7,Pseudovibrio,463791,all,caper,"pgls(x_trait~y_trait, data=comp.data, lambda=1,kappa=1,delta=ML)",0.738670703,0.024280001,-0.02443838,3.833148505,6.4994897177903 + 5.61688898198532 - 1.69688898198532,"lambda=l,delta=ML,kappa=1",3 -/+ 0.125016168737771,44.7624254,47.7624254,model_k,model_k,no
perc_dis,all_D_0__Bacteria___D_1__Proteobacteria___D_2__Alphaproteobacteria___D_3__Rhizobiales___D_4__Stappiaceae___D_5__Pseudovibrio,7,Pseudovibrio,463791,all,caper,"pgls(x_trait~y_trait, data=comp.data, lambda=1,kappa=ML,delta=1)",0.287765733,0.220467878,-0.02443838,3.562771393,9.56455204928684 + 8.70294134472636 - 4.78294134472636,"lambda=1,delta=1,kappa=ML",1.81777857773044 -/+ NA,44.62403588,47.62403588,model_k,model_k,yes
perc_dis,all_D_0__Bacteria___D_1__Proteobacteria___D_2__Alphaproteobacteria___D_3__Rhodobacterales___D_4__Rhodobacteraceae___D_5__Ruegeria,15,Ruegeria,463791,all,caper,"pgls(x_trait~y_trait, data=comp.data)",0.983756602,3.31E-05,-0.076887394,0.0057293273483587 + 2.23605116813377 - -1.68394883186623,6.23514453466139 + 8.04477559867139 - 4.12477559867139,"lambda=1,delta=1,kappa=1",NA,94.98209718,95.98209718,model_l,model_l,no
perc_dis,all_D_0__Bacteria___D_1__Proteobacteria___D_2__Alphaproteobacteria___D_3__Rhodobacterales___D_4__Rhodobacteraceae___D_5__Ruegeria,15,Ruegeria,463791,all,caper,"pgls(x_trait~y_trait, data=comp.data, lambda=ML,kappa=1,delta=1)",0.159806726,0.146044072,-0.076887394,0.292625104523649 + 2.15625271226256 - -1.76374728773744,3.25068303089158 + 3.58260857707204 - -0.337391422927956,"lambda=ML,delta=1,kappa=1",1e-06 -/+ 0.983812760954198,88.77341082,89.77341082,model_l,model_l,yes
perc_dis,all_D_0__Bacteria___D_1__Proteobacteria___D_2__Alphaproteobacteria___D_3__Rhodobacterales___D_4__Rhodobacteraceae___D_5__Ruegeria,15,Ruegeria,463791,all,caper,"pgls(x_trait~y_trait, data=comp.data, lambda=1,kappa=1,delta=ML)",0.730216366,0.009460136,-0.076887394,0.0919625603053322 + 2.22099168149619 - -1.69900831850381,5.52679232772076 + 5.27273448516029 - 1.35273448516029,"lambda=l,delta=ML,kappa=1",3 -/+ 1.02709849144108,91.05502402,92.05502402,model_l,model_l,no
perc_dis,all_D_0__Bacteria___D_1__Proteobacteria___D_2__Alphaproteobacteria___D_3__Rhodobacterales___D_4__Rhodobacteraceae___D_5__Ruegeria,15,Ruegeria,463791,all,caper,"pgls(x_trait~y_trait, data=comp.data, lambda=1,kappa=ML,delta=1)",0.452679441,0.044071397,-0.076887394,0.192805924091348 + 2.20904797781671 - -1.71095202218329,5.01723005529064 + 6.60848328280208 - 2.68848328280208,"lambda=1,delta=1,kappa=ML",0.569195602832619 -/+ 1.1721535437872,92.92853275,93.92853275,model_l,model_l,no
