Huang_Roy_tree_name	n_samples_tissue	faith_pd_tissue	observed_features_tissue	gini_index_tissue	dominance_tissue	simpson_e_tissue	most_abundant_domain_tissue	most_abundant_phylum_tissue	most_abundant_class_tissue	most_abundant_order_tissue	most_abundant_family_tissue	most_abundant_genus_tissue
AGA_Pachyseris	8	42.60395160900678	91.125	0.9430550259965338	0.09294275	0.1943621299974903	D_0__Bacteria	D_0__Bacteria;D_1__Proteobacteria	D_0__Bacteria;D_1__Proteobacteria;D_2__Gammaproteobacteria	D_0__Bacteria;D_1__Proteobacteria;D_2__Gammaproteobacteria;D_3__Betaproteobacteriales	D_0__Bacteria;D_1__Proteobacteria;D_2__Gammaproteobacteria;D_3__Betaproteobacteriales;D_4__Burkholderiaceae	D_0__Bacteria;D_1__Proteobacteria;D_2__Gammaproteobacteria;D_3__Betaproteobacteriales;D_4__Burkholderiaceae;D_5__Aquabacterium
MUS_Lobophyllia_hemprichii	6	77.6826115893039	198.16666666666666	0.920104029990628	0.10399533333333334	0.10938184231764912	D_0__Bacteria	D_0__Bacteria;D_1__Proteobacteria	D_0__Bacteria;D_1__Proteobacteria;D_2__Gammaproteobacteria	D_0__Bacteria;D_1__Proteobacteria;D_2__Gammaproteobacteria;D_3__Betaproteobacteriales	D_0__Bacteria;D_1__Proteobacteria;D_2__Alphaproteobacteria;D_3__Sphingomonadales;D_4__Sphingomonadaceae	D_0__Bacteria;D_1__Proteobacteria;D_2__Gammaproteobacteria;__;__;__
ACR_Acropora	5	24.839887060304353	44.2	0.9194564102564102	0.14161360000000003	0.1909157669285266	D_0__Bacteria	D_0__Bacteria;D_1__Proteobacteria	D_0__Bacteria;D_1__Proteobacteria;D_2__Gammaproteobacteria	D_0__Bacteria;D_1__Proteobacteria;D_2__Gammaproteobacteria;D_3__Betaproteobacteriales	D_0__Bacteria;D_1__Proteobacteria;D_2__Gammaproteobacteria;D_3__Betaproteobacteriales;D_4__Burkholderiaceae	D_0__Bacteria;D_1__Proteobacteria;D_2__Gammaproteobacteria;D_3__Oceanospirillales;D_4__Endozoicomonadaceae;D_5__Endozoicomonas
EUP_Plerogyra	1	60.863538275348084	115.0	0.6808000000000001	0.09708	0.0895720248651941	D_0__Bacteria	D_0__Bacteria;D_1__Proteobacteria	D_0__Bacteria;D_1__Proteobacteria;D_2__Gammaproteobacteria	D_0__Bacteria;D_1__Proteobacteria;D_2__Gammaproteobacteria;D_3__Enterobacteriales	D_0__Bacteria;D_1__Proteobacteria;D_2__Gammaproteobacteria;D_3__Enterobacteriales;D_4__Enterobacteriaceae	D_0__Bacteria;D_1__Proteobacteria;D_2__Gammaproteobacteria;D_3__Enterobacteriales;D_4__Enterobacteriaceae;D_5__Pantoea
ACR_Montipora	1	14.34627834229398	27.0	0.6874074074074075	0.159484	0.23223042460081916	D_0__Bacteria	D_0__Bacteria;D_1__Proteobacteria	D_0__Bacteria;D_1__Proteobacteria;D_2__Gammaproteobacteria	D_0__Bacteria;D_1__Proteobacteria;D_2__Alphaproteobacteria;D_3__Sphingomonadales	D_0__Bacteria;D_1__Proteobacteria;D_2__Alphaproteobacteria;D_3__Sphingomonadales;D_4__Sphingomonadaceae	D_0__Bacteria;D_1__Proteobacteria;D_2__Gammaproteobacteria;D_3__Pseudomonadales;D_4__Pseudomonadaceae;D_5__Pseudomonas
FUN_Lithophyllon_repanda	1											
ACR_Montipora_hispida	1											
OCU_Galaxea_astreata	6	115.27921901620117	310.1666666666667	0.9123191533086725	0.15769599999999998	0.10219741197694811	D_0__Bacteria	D_0__Bacteria;D_1__Proteobacteria	D_0__Bacteria;D_1__Proteobacteria;D_2__Alphaproteobacteria	D_0__Bacteria;D_1__Proteobacteria;D_2__Alphaproteobacteria;__	D_0__Bacteria;D_1__Proteobacteria;D_2__Alphaproteobacteria;__;__	D_0__Bacteria;D_1__Proteobacteria;D_2__Alphaproteobacteria;__;__;__
FAV_Montastraea_annularis	5	37.74243050031178	71.8	0.9193375494071147	0.08769360000000001	0.1815212417821132	D_0__Bacteria	D_0__Bacteria;D_1__Proteobacteria	D_0__Bacteria;D_1__Proteobacteria;D_2__Gammaproteobacteria	D_0__Bacteria;D_1__Proteobacteria;D_2__Gammaproteobacteria;D_3__Betaproteobacteriales	D_0__Bacteria;D_1__Proteobacteria;D_2__Gammaproteobacteria;D_3__Betaproteobacteriales;D_4__Burkholderiaceae	D_0__Bacteria;D_1__Proteobacteria;D_2__Gammaproteobacteria;D_3__Pseudomonadales;D_4__Pseudomonadaceae;D_5__Pseudomonas
FAV_Cyphastrea_serailia	1	20.87457453434537	23.0	0.8755652173913043	0.8279520000000001	0.05251302112871907	D_0__Bacteria	D_0__Bacteria;D_1__Proteobacteria	D_0__Bacteria;D_1__Proteobacteria;D_2__Gammaproteobacteria	D_0__Bacteria;D_1__Proteobacteria;D_2__Gammaproteobacteria;D_3__Oceanospirillales	D_0__Bacteria;D_1__Proteobacteria;D_2__Gammaproteobacteria;D_3__Oceanospirillales;D_4__Endozoicomonadaceae	D_0__Bacteria;D_1__Proteobacteria;D_2__Gammaproteobacteria;D_3__Oceanospirillales;D_4__Endozoicomonadaceae;D_5__Endozoicomonas
FUN_Podabacia_sinai	2	79.65891995311547	156.5	0.8390419580419581	0.20410199999999992	0.08796819677300695	D_0__Bacteria	D_0__Bacteria;D_1__Proteobacteria	D_0__Bacteria;D_1__Proteobacteria;D_2__Gammaproteobacteria	D_0__Bacteria;D_1__Proteobacteria;D_2__Gammaproteobacteria;__	D_0__Bacteria;D_1__Proteobacteria;D_2__Gammaproteobacteria;__;__	D_0__Bacteria;D_1__Proteobacteria;D_2__Gammaproteobacteria;__;__;__
AST_Stephanocoenia_intersepta	5	68.88231498847091	138.2	0.9385668341708543	0.4568416	0.025420970750625625	D_0__Bacteria	D_0__Bacteria;D_1__Proteobacteria	D_0__Bacteria;D_1__Proteobacteria;D_2__Alphaproteobacteria	D_0__Bacteria;D_1__Proteobacteria;D_2__Alphaproteobacteria;D_3__Rickettsiales	D_0__Bacteria;D_1__Proteobacteria;D_2__Alphaproteobacteria;D_3__Rickettsiales;D_4__Midichloriaceae	D_0__Bacteria;D_1__Proteobacteria;D_2__Alphaproteobacteria;D_3__Rickettsiales;D_4__Midichloriaceae;D_5__MD3-55
AGA_Pavona	9	91.22720193996722	237.0	0.9419118371580448	0.06644066666666665	0.16283750837394584	D_0__Bacteria	D_0__Bacteria;D_1__Proteobacteria	D_0__Bacteria;D_1__Proteobacteria;D_2__Alphaproteobacteria	D_0__Bacteria;D_1__Proteobacteria;D_2__Gammaproteobacteria;D_3__Pseudomonadales	D_0__Bacteria;D_1__Proteobacteria;D_2__Gammaproteobacteria;D_3__Pseudomonadales;D_4__Pseudomonadaceae	D_0__Bacteria;D_1__Proteobacteria;D_2__Gammaproteobacteria;D_3__Pseudomonadales;D_4__Pseudomonadaceae;D_5__Pseudomonas
AGA_Pavona_clavus	3	72.14539486899821	164.33333333333334	0.8789008202833707	0.048789333333333344	0.15927795376911089	D_0__Bacteria	D_0__Bacteria;D_1__Proteobacteria	D_0__Bacteria;D_1__Proteobacteria;D_2__Alphaproteobacteria	D_0__Bacteria;D_1__Proteobacteria;D_2__Alphaproteobacteria;D_3__Rhizobiales	D_0__Bacteria;D_1__Proteobacteria;D_2__Alphaproteobacteria;D_3__Sphingomonadales;D_4__Sphingomonadaceae	D_0__Bacteria;D_1__Proteobacteria;D_2__Alphaproteobacteria;D_3__Rhizobiales;D_4__Beijerinckiaceae;D_5__Methylobacterium
DEN	1	91.755523582226	213.0	0.6387699530516431	0.030956	0.1516615738710161	D_0__Bacteria	D_0__Bacteria;D_1__Proteobacteria	D_0__Bacteria;D_1__Proteobacteria;D_2__Alphaproteobacteria	D_0__Bacteria;D_1__Proteobacteria;D_2__Alphaproteobacteria;D_3__Rhodobacterales	D_0__Bacteria;D_1__Proteobacteria;D_2__Alphaproteobacteria;D_3__Rhodobacterales;D_4__Rhodobacteraceae	D_0__Archaea;D_1__Thaumarchaeota;D_2__Nitrososphaeria;D_3__Nitrosopumilales;D_4__Nitrosopumilaceae;D_5__Candidatus Nitrosopumilus
POR_Porites_cylindrica	3	34.48485892070719	59.333333333333336	0.9482580645161289	0.5985466666666667	0.0343297317554629	D_0__Bacteria	D_0__Bacteria;D_1__Proteobacteria	D_0__Bacteria;D_1__Proteobacteria;D_2__Gammaproteobacteria	D_0__Bacteria;D_1__Proteobacteria;D_2__Gammaproteobacteria;D_3__Oceanospirillales	D_0__Bacteria;D_1__Proteobacteria;D_2__Gammaproteobacteria;D_3__Oceanospirillales;D_4__Endozoicomonadaceae	D_0__Bacteria;D_1__Proteobacteria;D_2__Gammaproteobacteria;D_3__Oceanospirillales;D_4__Endozoicomonadaceae;D_5__Endozoicomonas
POR_Porites_panamensis	4	128.82001538868823	336.5	0.8867846410684475	0.0682255	0.04924181661324209	D_0__Bacteria	D_0__Bacteria;D_1__Proteobacteria	D_0__Bacteria;D_1__Proteobacteria;D_2__Gammaproteobacteria	D_0__Bacteria;D_1__Proteobacteria;D_2__Gammaproteobacteria;D_3__Oceanospirillales	D_0__Bacteria;D_1__Proteobacteria;D_2__Gammaproteobacteria;D_3__Oceanospirillales;D_4__Halomonadaceae	D_0__Bacteria;D_1__Proteobacteria;D_2__Gammaproteobacteria;D_3__Oceanospirillales;D_4__Halomonadaceae;D_5__Candidatus Portiera
POC_Pocillopora	5	20.55909684336758	37.2	0.9013981981981981	0.19442719999999997	0.20626815712593177	D_0__Bacteria	D_0__Bacteria;D_1__Proteobacteria	D_0__Bacteria;D_1__Proteobacteria;D_2__Gammaproteobacteria	D_0__Bacteria;D_1__Proteobacteria;D_2__Gammaproteobacteria;D_3__Betaproteobacteriales	D_0__Bacteria;D_1__Proteobacteria;D_2__Gammaproteobacteria;D_3__Betaproteobacteriales;D_4__Burkholderiaceae	D_0__Bacteria;D_1__Proteobacteria;D_2__Gammaproteobacteria;D_3__Vibrionales;D_4__Vibrionaceae;D_5__Photobacterium
MUS_Symphyllia	2	138.76714276857683	353.0	0.7665228276877761	0.03998199999999999	0.08522498547059335	D_0__Bacteria	D_0__Bacteria;D_1__Proteobacteria	D_0__Bacteria;D_1__Proteobacteria;D_2__Alphaproteobacteria	D_0__Bacteria;D_1__Proteobacteria;D_2__Alphaproteobacteria;D_3__Rhizobiales	D_0__Bacteria;D_1__Proteobacteria;D_2__Gammaproteobacteria;D_3__Betaproteobacteriales;__	D_0__Bacteria;D_1__Proteobacteria;D_2__Gammaproteobacteria;D_3__Betaproteobacteriales;__;__
FAV_Leptoria_phrygia	2	77.51842601063444	183.5	0.7831457142857143	0.030083000000000002	0.2102772878025308	D_0__Bacteria	D_0__Bacteria;D_1__Proteobacteria	D_0__Bacteria;D_1__Proteobacteria;D_2__Alphaproteobacteria	D_0__Bacteria;D_1__Proteobacteria;D_2__Gammaproteobacteria;D_3__Betaproteobacteriales	D_0__Bacteria;D_1__Proteobacteria;D_2__Gammaproteobacteria;D_3__Betaproteobacteriales;D_4__Burkholderiaceae	D_0__Bacteria;D_1__Proteobacteria;D_2__Gammaproteobacteria;D_3__Betaproteobacteriales;D_4__Burkholderiaceae;D_5__Aquabacterium
ACR_Acropora_cytherea	4	15.362937521836011	26.25	0.8921760563380281	0.266394	0.21733259601868593	D_0__Bacteria	D_0__Bacteria;D_1__Proteobacteria	D_0__Bacteria;D_1__Proteobacteria;D_2__Gammaproteobacteria	D_0__Bacteria;D_1__Proteobacteria;D_2__Gammaproteobacteria;D_3__Pseudomonadales	D_0__Bacteria;D_1__Proteobacteria;D_2__Gammaproteobacteria;D_3__Pseudomonadales;D_4__Pseudomonadaceae	D_0__Bacteria;D_1__Proteobacteria;D_2__Gammaproteobacteria;D_3__Pseudomonadales;D_4__Pseudomonadaceae;D_5__Pseudomonas
FAV_Favia_pallida	3	37.68876977468319	71.0	0.9113784722222222	0.3029813333333333	0.07530988038717756	D_0__Bacteria	D_0__Bacteria;D_1__Proteobacteria	D_0__Bacteria;D_1__Proteobacteria;D_2__Alphaproteobacteria	D_0__Bacteria;D_1__Proteobacteria;D_2__Alphaproteobacteria;D_3__Rhodospirillales	D_0__Bacteria;D_1__Proteobacteria;D_2__Alphaproteobacteria;D_3__Rhodospirillales;D_4__Terasakiellaceae	D_0__Bacteria;D_1__Proteobacteria;D_2__Alphaproteobacteria;D_3__Rhodospirillales;D_4__Terasakiellaceae;D_5__uncultured
EUP_Physogyra_lichtensteini	5	27.112138142848504	53.4	0.9305786802030458	0.1307136	0.17437898054803153	D_0__Bacteria	D_0__Bacteria;D_1__Proteobacteria	D_0__Bacteria;D_1__Proteobacteria;D_2__Gammaproteobacteria	D_0__Bacteria;D_1__Proteobacteria;D_2__Alphaproteobacteria;D_3__Sphingomonadales	D_0__Bacteria;D_1__Proteobacteria;D_2__Alphaproteobacteria;D_3__Sphingomonadales;D_4__Sphingomonadaceae	D_0__Bacteria;D_1__Proteobacteria;D_2__Alphaproteobacteria;D_3__Sphingomonadales;D_4__Sphingomonadaceae;D_5__Sphingobium
DEN_Turbinaria	13	83.77412641073501	214.92307692307693	0.9590751827358162	0.18691861538461543	0.27645616226602865	D_0__Bacteria	D_0__Bacteria;D_1__Proteobacteria	D_0__Bacteria;D_1__Proteobacteria;D_2__Alphaproteobacteria	D_0__Bacteria;D_1__Proteobacteria;D_2__Alphaproteobacteria;D_3__Rhizobiales	D_0__Bacteria;D_1__Proteobacteria;D_2__Alphaproteobacteria;D_3__Rhizobiales;D_4__Stappiaceae	D_0__Bacteria;D_1__Proteobacteria;D_2__Alphaproteobacteria;D_3__Rhizobiales;D_4__Stappiaceae;__
POC_Pocillopora_damicornis	14	43.37711920115241	85.35714285714286	0.9744503174603174	0.25873957142857146	0.13362046752392193	D_0__Bacteria	D_0__Bacteria;D_1__Proteobacteria	D_0__Bacteria;D_1__Proteobacteria;D_2__Gammaproteobacteria	D_0__Bacteria;D_1__Proteobacteria;D_2__Gammaproteobacteria;D_3__Oceanospirillales	D_0__Bacteria;D_1__Proteobacteria;D_2__Gammaproteobacteria;D_3__Oceanospirillales;D_4__Endozoicomonadaceae	D_0__Bacteria;D_1__Proteobacteria;D_2__Gammaproteobacteria;D_3__Oceanospirillales;D_4__Endozoicomonadaceae;D_5__Endozoicomonas
FUN_Danafungia_scruposa	1	45.33143653124117	87.0	0.7077931034482758	0.06923400000000003	0.16602034944627228	D_0__Bacteria	D_0__Bacteria;D_1__Proteobacteria	D_0__Bacteria;D_1__Proteobacteria;D_2__Gammaproteobacteria	D_0__Bacteria;D_1__Proteobacteria;D_2__Gammaproteobacteria;D_3__Betaproteobacteriales	D_0__Bacteria;D_1__Proteobacteria;D_2__Alphaproteobacteria;D_3__Sphingomonadales;D_4__Sphingomonadaceae	D_0__Bacteria;D_1__Proteobacteria;D_2__Alphaproteobacteria;D_3__Sphingomonadales;D_4__Sphingomonadaceae;D_5__Sphingobium
AGA_Gardineroseris_planulata	4	97.50997515534691	272.0	0.8577515690376569	0.02367550000000001	0.26280958757607165	D_0__Bacteria	D_0__Bacteria;D_1__Proteobacteria	D_0__Bacteria;D_1__Proteobacteria;D_2__Alphaproteobacteria	D_0__Bacteria;D_1__Proteobacteria;D_2__Alphaproteobacteria;D_3__Rhizobiales	D_0__Bacteria;D_1__Proteobacteria;D_2__Alphaproteobacteria;D_3__Rhodobacterales;D_4__Rhodobacteraceae	D_0__Bacteria;D_1__Proteobacteria;D_2__Alphaproteobacteria;D_3__Rhizobiales;D_4__Beijerinckiaceae;D_5__Methylobacterium
FUN_Herpolitha_limax	4											
MUS_Acanthastrea_hillae	2	16.43157564197597	28.5	0.8193260869565218	0.156314	0.23700688212633075	D_0__Bacteria	D_0__Bacteria;D_1__Proteobacteria	D_0__Bacteria;D_1__Proteobacteria;D_2__Alphaproteobacteria	D_0__Bacteria;D_1__Proteobacteria;D_2__Alphaproteobacteria;D_3__Sphingomonadales	D_0__Bacteria;D_1__Proteobacteria;D_2__Alphaproteobacteria;D_3__Sphingomonadales;D_4__Sphingomonadaceae	D_0__Bacteria;D_1__Proteobacteria;D_2__Alphaproteobacteria;D_3__Sphingomonadales;D_4__Sphingomonadaceae;D_5__Sphingobium
FAV_Platygyra_daedalea	2	50.297744259384906	80.0	0.8373517241379311	0.09032500000000002	0.14150671102482276	D_0__Bacteria	D_0__Bacteria;D_1__Proteobacteria	D_0__Bacteria;D_1__Proteobacteria;D_2__Gammaproteobacteria	D_0__Bacteria;D_1__Proteobacteria;D_2__Gammaproteobacteria;D_3__Oceanospirillales	D_0__Bacteria;D_1__Proteobacteria;D_2__Gammaproteobacteria;D_3__Oceanospirillales;D_4__Endozoicomonadaceae	D_0__Bacteria;D_1__Proteobacteria;D_2__Gammaproteobacteria;D_3__Oceanospirillales;D_4__Endozoicomonadaceae;D_5__Endozoicomonas
SID_Pseudosiderastrea_tayami	2	116.28450842002104	339.0	0.7504066265060241	0.011725999999999999	0.2657660133785362	D_0__Bacteria	D_0__Bacteria;D_1__Proteobacteria	D_0__Bacteria;D_1__Proteobacteria;D_2__Alphaproteobacteria	D_0__Bacteria;D_1__Planctomycetes;D_2__Planctomycetacia;D_3__Pirellulales	D_0__Bacteria;D_1__Planctomycetes;D_2__Planctomycetacia;D_3__Pirellulales;D_4__Pirellulaceae	D_0__Bacteria;D_1__Proteobacteria;D_2__Alphaproteobacteria;D_3__Rhodobacterales;D_4__Rhodobacteraceae;D_5__Ruegeria
PEC_Oxypora	2											
MUS_Acanthastrea_echinata	6	66.77689286623554	156.0	0.9193265132139813	0.06314166666666667	0.18476421113078131	D_0__Bacteria	D_0__Bacteria;D_1__Proteobacteria	D_0__Bacteria;D_1__Proteobacteria;D_2__Alphaproteobacteria	D_0__Bacteria;D_1__Proteobacteria;D_2__Alphaproteobacteria;D_3__Sphingomonadales	D_0__Bacteria;D_1__Proteobacteria;D_2__Alphaproteobacteria;D_3__Sphingomonadales;D_4__Sphingomonadaceae	D_0__Bacteria;D_1__Proteobacteria;D_2__Gammaproteobacteria;D_3__Pseudomonadales;D_4__Pseudomonadaceae;D_5__Pseudomonas
FAV_Goniastrea_edwardsi	2	145.60309580960288	401.5	0.7289906914893618	0.022618	0.20525224696465522	D_0__Bacteria	D_0__Bacteria;D_1__Proteobacteria	D_0__Bacteria;D_1__Proteobacteria;D_2__Alphaproteobacteria	D_0__Bacteria;D_1__Proteobacteria;D_2__Alphaproteobacteria;D_3__Rhodobacterales	D_0__Bacteria;D_1__Proteobacteria;D_2__Alphaproteobacteria;D_3__Rhodobacterales;D_4__Rhodobacteraceae	D_0__Bacteria;D_1__Proteobacteria;D_2__Alphaproteobacteria;D_3__Rhodobacterales;D_4__Rhodobacteraceae;__
DEN_Dendrophyllia	2	84.66340753739082	205.0	0.7954155844155844	0.041550000000000004	0.11785120420243954	D_0__Bacteria	D_0__Bacteria;D_1__Proteobacteria	D_0__Bacteria;D_1__Proteobacteria;D_2__Alphaproteobacteria	D_0__Bacteria;D_1__Proteobacteria;D_2__Alphaproteobacteria;D_3__Rhodobacterales	D_0__Bacteria;D_1__Proteobacteria;D_2__Alphaproteobacteria;D_3__Rhodobacterales;D_4__Rhodobacteraceae	D_0__Bacteria;D_1__Proteobacteria;D_2__Alphaproteobacteria;D_3__Rhodobacterales;D_4__Rhodobacteraceae;__
POR_Alveopora	3	101.38757934322233	251.33333333333334	0.8659623188405797	0.1586733333333333	0.046353517456536784	D_0__Bacteria	D_0__Bacteria;D_1__Proteobacteria	D_0__Bacteria;D_1__Proteobacteria;D_2__Gammaproteobacteria	D_0__Bacteria;D_1__Proteobacteria;D_2__Gammaproteobacteria;D_3__Oceanospirillales	D_0__Bacteria;D_1__Proteobacteria;D_2__Gammaproteobacteria;D_3__Oceanospirillales;D_4__Endozoicomonadaceae	D_0__Bacteria;D_1__Proteobacteria;D_2__Gammaproteobacteria;D_3__Oceanospirillales;D_4__Endozoicomonadaceae;D_5__Endozoicomonas
AGA_Pavona_frondifera	1	142.6857537344535	422.0	0.4763838862559241	0.009146	0.2590934010983487	D_0__Bacteria	D_0__Bacteria;D_1__Proteobacteria	D_0__Bacteria;D_1__Proteobacteria;D_2__Alphaproteobacteria	D_0__Bacteria;D_1__Proteobacteria;D_2__Alphaproteobacteria;D_3__Rhodobacterales	D_0__Bacteria;D_1__Proteobacteria;D_2__Alphaproteobacteria;D_3__Rhodobacterales;D_4__Rhodobacteraceae	D_0__Bacteria;D_1__Proteobacteria;D_2__Alphaproteobacteria;D_3__Rhodobacterales;D_4__Rhodobacteraceae;__
POC_Pocillopora_verrucosa	4	40.80788854161287	84.5	0.8964109589041096	0.18557750000000003	0.18307789641626454	D_0__Bacteria	D_0__Bacteria;D_1__Proteobacteria	D_0__Bacteria;D_1__Proteobacteria;D_2__Alphaproteobacteria	D_0__Bacteria;D_1__Proteobacteria;D_2__Alphaproteobacteria;D_3__Rhizobiales	D_0__Bacteria;D_1__Proteobacteria;D_2__Alphaproteobacteria;D_3__Rhizobiales;D_4__Rhizobiaceae	D_0__Bacteria;D_1__Proteobacteria;D_2__Alphaproteobacteria;D_3__Rhizobiales;D_4__Rhizobiaceae;__
PEC_Mycedium_elephantotus	1	15.960627204226649	38.0	0.6512105263157896	0.10005	0.26302638154606905	D_0__Bacteria	D_0__Bacteria;D_1__Proteobacteria	D_0__Bacteria;D_1__Proteobacteria;D_2__Gammaproteobacteria	D_0__Bacteria;D_1__Proteobacteria;D_2__Gammaproteobacteria;D_3__Betaproteobacteriales	D_0__Bacteria;D_1__Proteobacteria;D_2__Alphaproteobacteria;D_3__Sphingomonadales;D_4__Sphingomonadaceae	D_0__Bacteria;D_1__Actinobacteria;D_2__Actinobacteria;D_3__Corynebacteriales;D_4__Corynebacteriaceae;D_5__Corynebacterium 1
FAV_Caulastraea_furcata	1	105.8676607797712	305.0	0.6592459016393443	0.09917999999999999	0.033057960522183544	D_0__Bacteria	D_0__Bacteria;D_1__Proteobacteria	D_0__Bacteria;D_1__Proteobacteria;D_2__Alphaproteobacteria	D_0__Bacteria;D_1__Proteobacteria;D_2__Alphaproteobacteria;D_3__Rhodospirillales	D_0__Bacteria;D_1__Proteobacteria;D_2__Alphaproteobacteria;D_3__Rhodospirillales;D_4__Terasakiellaceae	D_0__Bacteria;D_1__Proteobacteria;D_2__Alphaproteobacteria;D_3__Rhodospirillales;D_4__Terasakiellaceae;D_5__uncultured
FUN_Ctenactis_echinata	1	37.5533336176072	63.0	0.7294920634920635	0.16548800000000002	0.09591641613298772	D_0__Bacteria	D_0__Bacteria;D_1__Bacteroidetes	D_0__Bacteria;D_1__Bacteroidetes;D_2__Bacteroidia	D_0__Bacteria;D_1__Bacteroidetes;D_2__Bacteroidia;D_3__Bacteroidales	D_0__Bacteria;D_1__Bacteroidetes;D_2__Bacteroidia;D_3__Bacteroidales;D_4__Rikenellaceae	D_0__Bacteria;D_1__Bacteroidetes;D_2__Bacteroidia;D_3__Bacteroidales;D_4__Rikenellaceae;D_5__Rikenellaceae RC9 gut group
POC_Stylophora	7	27.908667551904415	48.714285714285715	0.9476910911966263	0.5381231428571428	0.1045289562853148	D_0__Bacteria	D_0__Bacteria;D_1__Proteobacteria	D_0__Bacteria;D_1__Proteobacteria;D_2__Gammaproteobacteria	D_0__Bacteria;D_1__Proteobacteria;D_2__Gammaproteobacteria;D_3__Oceanospirillales	D_0__Bacteria;D_1__Proteobacteria;D_2__Gammaproteobacteria;D_3__Oceanospirillales;D_4__Endozoicomonadaceae	D_0__Bacteria;D_1__Proteobacteria;D_2__Gammaproteobacteria;D_3__Oceanospirillales;D_4__Endozoicomonadaceae;D_5__Endozoicomonas
MUS_Lobophyllia	8	58.14834294158152	128.0	0.959171875	0.23799475000000003	0.07913780446130009	D_0__Bacteria	D_0__Bacteria;D_1__Proteobacteria	D_0__Bacteria;D_1__Proteobacteria;D_2__Gammaproteobacteria	D_0__Bacteria;D_1__Proteobacteria;D_2__Gammaproteobacteria;D_3__Oceanospirillales	D_0__Bacteria;D_1__Proteobacteria;D_2__Gammaproteobacteria;D_3__Oceanospirillales;D_4__Endozoicomonadaceae	D_0__Bacteria;D_1__Proteobacteria;D_2__Gammaproteobacteria;D_3__Oceanospirillales;D_4__Endozoicomonadaceae;D_5__Endozoicomonas
ACR_Montipora_aequituberculata	4	62.93809841335538	136.25	0.9040107526881721	0.21888149999999998	0.10647128230830726	D_0__Bacteria	D_0__Bacteria;D_1__Proteobacteria	D_0__Bacteria;D_1__Proteobacteria;D_2__Gammaproteobacteria	D_0__Bacteria;D_1__Proteobacteria;D_2__Gammaproteobacteria;__	D_0__Bacteria;D_1__Proteobacteria;D_2__Gammaproteobacteria;__;__	D_0__Bacteria;D_1__Proteobacteria;D_2__Gammaproteobacteria;__;__;__
FAV_Cyphastrea	1	174.18104295298508	501.0	0.42215568862275454	0.00672	0.2970249976238	D_0__Bacteria	D_0__Bacteria;D_1__Proteobacteria	D_0__Bacteria;D_1__Proteobacteria;D_2__Alphaproteobacteria	D_0__Bacteria;D_1__Planctomycetes;D_2__Planctomycetacia;D_3__Pirellulales	D_0__Bacteria;D_1__Planctomycetes;D_2__Planctomycetacia;D_3__Pirellulales;D_4__Pirellulaceae	D_0__Bacteria;D_1__Proteobacteria;D_2__Deltaproteobacteria;D_3__Desulfobacterales;D_4__Desulfobulbaceae;D_5__uncultured
ACR_Acropora_humilis	1	69.78759693380836	205.0	0.5693560975609755	0.016319999999999998	0.29890004782400764	D_0__Bacteria	D_0__Bacteria;D_1__Proteobacteria	D_0__Bacteria;D_1__Proteobacteria;D_2__Gammaproteobacteria	D_0__Bacteria;D_1__Proteobacteria;D_2__Alphaproteobacteria;D_3__Sphingomonadales	D_0__Bacteria;D_1__Proteobacteria;D_2__Alphaproteobacteria;D_3__Sphingomonadales;D_4__Sphingomonadaceae	D_0__Bacteria;D_1__Proteobacteria;D_2__Alphaproteobacteria;D_3__Sphingomonadales;D_4__Sphingomonadaceae;D_5__Sphingobium
FAV_Platygyra_sinensis	3	31.936053434147155	56.333333333333336	0.9373725490196079	0.446912	0.04333506089586303	D_0__Bacteria	D_0__Bacteria;D_1__Proteobacteria	D_0__Bacteria;D_1__Proteobacteria;D_2__Gammaproteobacteria	D_0__Bacteria;D_1__Proteobacteria;D_2__Alphaproteobacteria;D_3__Rhizobiales	D_0__Bacteria;D_1__Proteobacteria;D_2__Alphaproteobacteria;D_3__Rhizobiales;D_4__Rhizobiaceae	D_0__Bacteria;D_1__Proteobacteria;D_2__Alphaproteobacteria;D_3__Rhizobiales;D_4__Rhizobiaceae;__
FAV_Leptastrea_transversa	1	107.65078750500437	306.0	0.5204771241830066	0.012216	0.2675158690413515	D_0__Bacteria	D_0__Archaea;D_1__Thaumarchaeota	D_0__Archaea;D_1__Thaumarchaeota;D_2__Nitrososphaeria	D_0__Archaea;D_1__Thaumarchaeota;D_2__Nitrososphaeria;D_3__Nitrosopumilales	D_0__Archaea;D_1__Thaumarchaeota;D_2__Nitrososphaeria;D_3__Nitrosopumilales;D_4__Nitrosopumilaceae	D_0__Archaea;D_1__Thaumarchaeota;D_2__Nitrososphaeria;D_3__Nitrosopumilales;D_4__Nitrosopumilaceae;D_5__uncultured archaeon
FAV_Montastraea_curta	3	20.359936080646502	28.0	0.9242323232323232	0.4063386666666667	0.12037140940661145	D_0__Bacteria	D_0__Bacteria;D_1__Proteobacteria	D_0__Bacteria;D_1__Proteobacteria;D_2__Alphaproteobacteria	D_0__Bacteria;D_1__Proteobacteria;D_2__Alphaproteobacteria;D_3__Rhodospirillales	D_0__Bacteria;D_1__Proteobacteria;D_2__Alphaproteobacteria;D_3__Rhodospirillales;D_4__Terasakiellaceae	D_0__Bacteria;D_1__Proteobacteria;D_2__Alphaproteobacteria;D_3__Rhodospirillales;D_4__Terasakiellaceae;D_5__uncultured
MER_Hydnophora_microconos	3	65.35697902955995	136.66666666666666	0.9096135770234987	0.21332133333333334	0.056311138631952536	D_0__Bacteria	D_0__Bacteria;D_1__Proteobacteria	D_0__Bacteria;D_1__Proteobacteria;D_2__Gammaproteobacteria	D_0__Bacteria;D_1__Proteobacteria;D_2__Alphaproteobacteria;D_3__Rhodospirillales	D_0__Bacteria;D_1__Proteobacteria;D_2__Alphaproteobacteria;D_3__Rhodospirillales;D_4__Terasakiellaceae	D_0__Bacteria;D_1__Proteobacteria;D_2__Alphaproteobacteria;D_3__Rhodospirillales;D_4__Terasakiellaceae;D_5__uncultured
POR_Porites_lichen	3											
MER_Hydnophora_exesa	4	16.675278033868544	21.0	0.941768656716418	0.51574	0.11437235259085016	D_0__Bacteria	D_0__Bacteria;D_1__Proteobacteria	D_0__Bacteria;D_1__Proteobacteria;D_2__Gammaproteobacteria	D_0__Bacteria;D_1__Proteobacteria;D_2__Gammaproteobacteria;D_3__Oceanospirillales	D_0__Bacteria;D_1__Proteobacteria;D_2__Gammaproteobacteria;D_3__Oceanospirillales;D_4__Endozoicomonadaceae	D_0__Bacteria;D_1__Proteobacteria;D_2__Gammaproteobacteria;D_3__Oceanospirillales;D_4__Endozoicomonadaceae;D_5__Endozoicomonas
PEC_Pectinia_lactuca	4											
SID_Psammocora_contigua	4											
SID_Psammocora_digitata	1	10.57871132758935	16.0	0.859875	0.968274	0.06454784492819181	D_0__Bacteria	D_0__Bacteria;D_1__Proteobacteria	D_0__Bacteria;D_1__Proteobacteria;D_2__Gammaproteobacteria	D_0__Bacteria;D_1__Proteobacteria;D_2__Gammaproteobacteria;D_3__Oceanospirillales	D_0__Bacteria;D_1__Proteobacteria;D_2__Gammaproteobacteria;D_3__Oceanospirillales;D_4__Endozoicomonadaceae	D_0__Bacteria;D_1__Proteobacteria;D_2__Gammaproteobacteria;D_3__Oceanospirillales;D_4__Endozoicomonadaceae;D_5__Endozoicomonas
FAV_Montastraea_faveolata	3	59.08293525941775	131.33333333333334	0.8699158974358975	0.055657333333333336	0.16554830845858456	D_0__Bacteria	D_0__Bacteria;D_1__Proteobacteria	D_0__Bacteria;D_1__Proteobacteria;D_2__Gammaproteobacteria	D_0__Bacteria;D_1__Firmicutes;D_2__Clostridia;D_3__Clostridiales	D_0__Archaea;D_1__Nanoarchaeaeota;D_2__Woesearchaeia;__;__	D_0__Archaea;D_1__Nanoarchaeaeota;D_2__Woesearchaeia;__;__;__
AGA_Pavona_varians	11	116.59556083120764	323.3636363636364	0.9471642931573463	0.04044163636363637	0.13419671809617853	D_0__Bacteria	D_0__Bacteria;D_1__Proteobacteria	D_0__Bacteria;D_1__Proteobacteria;D_2__Gammaproteobacteria	D_0__Bacteria;D_1__Cyanobacteria;D_2__Oxyphotobacteria;D_3__Nostocales	D_0__Bacteria;D_1__Proteobacteria;D_2__Gammaproteobacteria;__;__	D_0__Bacteria;D_1__Proteobacteria;D_2__Gammaproteobacteria;__;__;__
FAV_Echinopora_mammiformis	4	43.529704328122264	87.75	0.9075470383275261	0.0814165	0.1853166863398772	D_0__Bacteria	D_0__Bacteria;D_1__Proteobacteria	D_0__Bacteria;D_1__Proteobacteria;D_2__Gammaproteobacteria	D_0__Bacteria;D_1__Proteobacteria;D_2__Gammaproteobacteria;D_3__Pseudomonadales	D_0__Bacteria;D_1__Proteobacteria;D_2__Alphaproteobacteria;D_3__Sphingomonadales;D_4__Sphingomonadaceae	D_0__Bacteria;D_1__Proteobacteria;D_2__Gammaproteobacteria;D_3__Pseudomonadales;D_4__Pseudomonadaceae;D_5__Pseudomonas
FAV_Scolymia	4	108.27688182800944	274.75	0.8804563253012049	0.0626955	0.10521908933432694	D_0__Bacteria	D_0__Bacteria;D_1__Proteobacteria	D_0__Bacteria;D_1__Proteobacteria;D_2__Gammaproteobacteria	D_0__Bacteria;__;__;__	D_0__Bacteria;__;__;__;__	D_0__Bacteria;__;__;__;__;__
FUN	11	68.40750293947573	149.72727272727272	0.9657424019279689	0.28582945454545455	0.15019700691685178	D_0__Bacteria	D_0__Bacteria;D_1__Proteobacteria	D_0__Bacteria;D_1__Proteobacteria;D_2__Gammaproteobacteria	D_0__Bacteria;D_1__Proteobacteria;D_2__Gammaproteobacteria;__	D_0__Bacteria;D_1__Proteobacteria;D_2__Gammaproteobacteria;__;__	D_0__Bacteria;D_1__Proteobacteria;D_2__Gammaproteobacteria;__;__;__
FAV_Goniastrea_favulus	3	116.07476074733434	300.0	0.8356834532374101	0.03448466666666667	0.15090186862958935	D_0__Bacteria	D_0__Bacteria;D_1__Proteobacteria	D_0__Bacteria;D_1__Proteobacteria;D_2__Gammaproteobacteria	D_0__Bacteria;D_1__Bacteroidetes;D_2__Bacteroidia;D_3__Cytophagales	D_0__Bacteria;D_1__Bacteroidetes;D_2__Bacteroidia;__;__	D_0__Bacteria;D_1__Bacteroidetes;D_2__Bacteroidia;__;__;__
OCU_Galaxea_fascicularis	8	102.61096557053239	264.75	0.9407027209051724	0.09130800000000001	0.12316378410473688	D_0__Bacteria	D_0__Bacteria;D_1__Proteobacteria	D_0__Bacteria;D_1__Proteobacteria;D_2__Gammaproteobacteria	D_0__Bacteria;D_1__Actinobacteria;D_2__Actinobacteria;D_3__Micrococcales	D_0__Bacteria;D_1__Actinobacteria;D_2__Actinobacteria;D_3__Micrococcales;D_4__Microbacteriaceae	D_0__Bacteria;D_1__Actinobacteria;D_2__Actinobacteria;D_3__Micrococcales;D_4__Microbacteriaceae;D_5__Microbacterium
FAV_Diploria_labyrinthiformis	3	119.01231237544312	315.6666666666667	0.8128443927046954	0.022187333333333333	0.23035353968088843	D_0__Bacteria	D_0__Bacteria;D_1__Proteobacteria	D_0__Bacteria;D_1__Proteobacteria;D_2__Gammaproteobacteria	D_0__Archaea;D_1__Thaumarchaeota;D_2__Nitrososphaeria;D_3__Nitrosopumilales	D_0__Archaea;D_1__Thaumarchaeota;D_2__Nitrososphaeria;D_3__Nitrosopumilales;D_4__Nitrosopumilaceae	D_0__Bacteria;D_1__Chloroflexi;D_2__Dehalococcoidia;D_3__SAR202 clade;__;__
PEC_Echinophyllia_orpheensis	1	67.79065854225031	131.0	0.8207633587786259	0.23177399999999998	0.03293547933012134	D_0__Bacteria	D_0__Bacteria;D_1__Proteobacteria	D_0__Bacteria;D_1__Proteobacteria;D_2__Alphaproteobacteria	D_0__Bacteria;D_1__Proteobacteria;D_2__Alphaproteobacteria;D_3__Rhizobiales	D_0__Bacteria;D_1__Proteobacteria;D_2__Alphaproteobacteria;D_3__Rhizobiales;D_4__Rhizobiaceae	D_0__Bacteria;D_1__Proteobacteria;D_2__Alphaproteobacteria;D_3__Rhizobiales;D_4__Rhizobiaceae;D_5__Allorhizobium-Neorhizobium-Pararhizobium-Rhizobium
FAV_Cyphastrea_micropthalma	1	20.09510122624189	35.0	0.9058857142857144	0.908292	0.031456215150445645	D_0__Bacteria	D_0__Bacteria;D_1__Proteobacteria	D_0__Bacteria;D_1__Proteobacteria;D_2__Gammaproteobacteria	D_0__Bacteria;D_1__Proteobacteria;D_2__Gammaproteobacteria;D_3__Oceanospirillales	D_0__Bacteria;D_1__Proteobacteria;D_2__Gammaproteobacteria;D_3__Oceanospirillales;D_4__Endozoicomonadaceae	D_0__Bacteria;D_1__Proteobacteria;D_2__Gammaproteobacteria;D_3__Oceanospirillales;D_4__Endozoicomonadaceae;D_5__Endozoicomonas
FAV_Favites_abdita	4	47.985780216346726	115.75	0.8959954545454545	0.5679099999999999	0.06695898166591965	D_0__Bacteria	D_0__Bacteria;D_1__Proteobacteria	D_0__Bacteria;D_1__Proteobacteria;D_2__Alphaproteobacteria	D_0__Bacteria;D_1__Proteobacteria;D_2__Alphaproteobacteria;D_3__Rhodospirillales	D_0__Bacteria;D_1__Proteobacteria;D_2__Alphaproteobacteria;D_3__Rhodospirillales;D_4__Terasakiellaceae	D_0__Bacteria;D_1__Proteobacteria;D_2__Alphaproteobacteria;D_3__Rhodospirillales;D_4__Terasakiellaceae;D_5__uncultured
FAV_Echinopora_lamellosa	4	59.0628420093744	126.0	0.915037037037037	0.175203	0.11962470817013424	D_0__Bacteria	D_0__Bacteria;D_1__Proteobacteria	D_0__Bacteria;D_1__Proteobacteria;D_2__Alphaproteobacteria	D_0__Bacteria;D_1__Chlamydiae;D_2__Chlamydiae;D_3__Chlamydiales	D_0__Bacteria;D_1__Chlamydiae;D_2__Chlamydiae;D_3__Chlamydiales;D_4__Simkaniaceae	D_0__Bacteria;D_1__Chlamydiae;D_2__Chlamydiae;D_3__Chlamydiales;D_4__Simkaniaceae;D_5__uncultured
ACR_Isopora_palifera	3	71.82786521921356	160.66666666666666	0.8864787472035793	0.10425733333333333	0.1314985633805709	D_0__Bacteria	D_0__Bacteria;D_1__Proteobacteria	D_0__Bacteria;D_1__Proteobacteria;D_2__Gammaproteobacteria	D_0__Bacteria;D_1__Cyanobacteria;D_2__Oxyphotobacteria;D_3__Nostocales	D_0__Bacteria;D_1__Proteobacteria;D_2__Gammaproteobacteria;D_3__Betaproteobacteriales;D_4__Burkholderiaceae	D_0__Bacteria;D_1__Proteobacteria;D_2__Gammaproteobacteria;D_3__Betaproteobacteriales;D_4__Burkholderiaceae;D_5__Aquabacterium
POR_Goniopora	3	23.744827544644167	44.0	0.8264691358024692	0.11209999999999999	0.3219311612160622	D_0__Bacteria	D_0__Bacteria;D_1__Proteobacteria	D_0__Bacteria;D_1__Proteobacteria;D_2__Gammaproteobacteria	D_0__Bacteria;D_1__Proteobacteria;D_2__Gammaproteobacteria;D_3__Betaproteobacteriales	D_0__Bacteria;D_1__Proteobacteria;D_2__Gammaproteobacteria;D_3__Pseudomonadales;D_4__Pseudomonadaceae	D_0__Bacteria;D_1__Proteobacteria;D_2__Gammaproteobacteria;D_3__Pseudomonadales;D_4__Pseudomonadaceae;D_5__Pseudomonas
FAV	4	48.94538083658373	112.5	0.9042590799031478	0.08493200000000001	0.19810006674007405	D_0__Bacteria	D_0__Bacteria;D_1__Proteobacteria	D_0__Bacteria;D_1__Proteobacteria;D_2__Alphaproteobacteria	D_0__Bacteria;D_1__Proteobacteria;D_2__Alphaproteobacteria;D_3__Rhizobiales	D_0__Bacteria;D_1__Proteobacteria;D_2__Alphaproteobacteria;D_3__Rhizobiales;D_4__Beijerinckiaceae	D_0__Bacteria;D_1__Proteobacteria;D_2__Alphaproteobacteria;D_3__Rhizobiales;D_4__Beijerinckiaceae;D_5__Methylobacterium
ACR_Acropora_hyacinthus	12	22.16073081842401	45.583333333333336	0.9585539070227499	0.1408625	0.22748078149822537	D_0__Bacteria	D_0__Bacteria;D_1__Proteobacteria	D_0__Bacteria;D_1__Proteobacteria;D_2__Gammaproteobacteria	D_0__Bacteria;D_1__Proteobacteria;D_2__Alphaproteobacteria;D_3__Sphingomonadales	D_0__Bacteria;D_1__Proteobacteria;D_2__Alphaproteobacteria;D_3__Sphingomonadales;D_4__Sphingomonadaceae	D_0__Bacteria;D_1__Proteobacteria;D_2__Alphaproteobacteria;D_3__Sphingomonadales;D_4__Sphingomonadaceae;D_5__Sphingobium
DEN_Tubastraea	7	104.14983832420732	264.0	0.9298426447502078	0.16784200000000002	0.10507791416447976	D_0__Bacteria	D_0__Bacteria;D_1__Proteobacteria	D_0__Bacteria;D_1__Proteobacteria;D_2__Alphaproteobacteria	D_0__Bacteria;D_1__Proteobacteria;D_2__Alphaproteobacteria;__	D_0__Bacteria;D_1__Proteobacteria;D_2__Alphaproteobacteria;__;__	D_0__Bacteria;D_1__Proteobacteria;D_2__Alphaproteobacteria;__;__;__
POC_Seriatopora_hystrix	4	32.710235701533804	48.25	0.9274542253521127	0.17576850000000002	0.1275754874132547	D_0__Bacteria	D_0__Bacteria;D_1__Proteobacteria	D_0__Bacteria;D_1__Proteobacteria;D_2__Gammaproteobacteria	Unassigned;__;__;__	Unassigned;__;__;__;__	Unassigned;__;__;__;__;__
FAV_Favites	2	93.95094891566248	268.5	0.7396344696969697	0.3502440000000001	0.04805505883114638	D_0__Bacteria	D_0__Bacteria;D_1__Proteobacteria	D_0__Bacteria;D_1__Proteobacteria;D_2__Alphaproteobacteria	D_0__Bacteria;D_1__Proteobacteria;D_2__Alphaproteobacteria;D_3__Rhodospirillales	D_0__Bacteria;D_1__Proteobacteria;D_2__Alphaproteobacteria;D_3__Rhodospirillales;D_4__Terasakiellaceae	D_0__Bacteria;D_1__Proteobacteria;D_2__Alphaproteobacteria;D_3__Rhodospirillales;D_4__Terasakiellaceae;D_5__uncultured
PEC_Echinophyllia_aspera	4	64.51064708274738	143.5	0.9236071428571428	0.16876750000000004	0.07495394556666043	D_0__Bacteria	D_0__Bacteria;D_1__Proteobacteria	D_0__Bacteria;D_1__Proteobacteria;D_2__Alphaproteobacteria	D_0__Bacteria;D_1__Proteobacteria;D_2__Alphaproteobacteria;D_3__Rhizobiales	D_0__Bacteria;D_1__Proteobacteria;D_2__Alphaproteobacteria;D_3__Rhizobiales;__	D_0__Bacteria;D_1__Proteobacteria;D_2__Alphaproteobacteria;D_3__Rhizobiales;__;__
MER_Merulina_ampliata	2	43.76682288587457	80.0	0.8706013986013986	0.142443	0.1182474373899417	D_0__Bacteria	D_0__Bacteria;D_1__Proteobacteria	D_0__Bacteria;D_1__Proteobacteria;D_2__Alphaproteobacteria	D_0__Bacteria;D_1__Bacteroidetes;D_2__Bacteroidia;D_3__Flavobacteriales	D_0__Bacteria;D_1__Bacteroidetes;D_2__Bacteroidia;D_3__Flavobacteriales;D_4__Flavobacteriaceae	D_0__Bacteria;D_1__Bacteroidetes;D_2__Bacteroidia;D_3__Flavobacteriales;D_4__Flavobacteriaceae;D_5__Maritimimonas
FAV_Goniastrea	2	115.26038735529733	334.0	0.742394366197183	0.025391000000000004	0.13793797150045667	D_0__Bacteria	D_0__Bacteria;D_1__Proteobacteria	D_0__Bacteria;D_1__Proteobacteria;D_2__Alphaproteobacteria	D_0__Bacteria;D_1__Cyanobacteria;D_2__Oxyphotobacteria;D_3__Nostocales	D_0__Bacteria;D_1__Planctomycetes;D_2__Planctomycetacia;D_3__Pirellulales;D_4__Pirellulaceae	D_0__Bacteria;D_1__Cyanobacteria;D_2__Oxyphotobacteria;D_3__Nostocales;D_4__Nostocaceae;D_5__Rivularia PCC-7116
FAV_Diploastrea_heliopora	25	106.76181854743857	274.08	0.9732111139347733	0.039924	0.19939793765552327	D_0__Bacteria	D_0__Bacteria;D_1__Proteobacteria	D_0__Bacteria;D_1__Proteobacteria;D_2__Alphaproteobacteria	D_0__Bacteria;D_1__Bacteroidetes;D_2__Bacteroidia;D_3__Cytophagales	D_0__Bacteria;D_1__Proteobacteria;D_2__Alphaproteobacteria;D_3__Rhodobacterales;D_4__Rhodobacteraceae	D_0__Bacteria;D_1__Proteobacteria;D_2__Alphaproteobacteria;D_3__Rhizobiales;__;__
MUS_Symphyllia_radians	1	77.26219119550439	172.0	0.6867906976744186	0.059807999999999986	0.09721029775903046	D_0__Bacteria	D_0__Bacteria;D_1__Proteobacteria	D_0__Bacteria;D_1__Proteobacteria;D_2__Gammaproteobacteria	D_0__Bacteria;D_1__Proteobacteria;D_2__Gammaproteobacteria;D_3__Betaproteobacteriales	D_0__Bacteria;D_1__Proteobacteria;D_2__Gammaproteobacteria;D_3__Betaproteobacteriales;__	D_0__Bacteria;D_1__Proteobacteria;D_2__Gammaproteobacteria;D_3__Betaproteobacteriales;__;__
SID_Siderastrea_siderea	3	142.2931896874086	402.3333333333333	0.8111814345991561	0.024884000000000003	0.20139036121271617	D_0__Bacteria	D_0__Bacteria;D_1__Proteobacteria	D_0__Bacteria;D_1__Proteobacteria;D_2__Gammaproteobacteria	D_0__Bacteria;D_1__Bacteroidetes;D_2__Bacteroidia;D_3__Bacteroidales	D_0__Bacteria;D_1__Bacteroidetes;D_2__Bacteroidia;D_3__Bacteroidales;D_4__Bacteroidetes vadinHA17	D_0__Bacteria;D_1__Bacteroidetes;D_2__Bacteroidia;D_3__Bacteroidales;D_4__Bacteroidetes vadinHA17;D_5__uncultured bacterium
POR_Porites_lobata	14	69.83132559920286	162.42857142857142	0.9680734450131846	0.2793324285714286	0.1041296220993566	D_0__Bacteria	D_0__Bacteria;D_1__Proteobacteria	D_0__Bacteria;D_1__Proteobacteria;D_2__Gammaproteobacteria	D_0__Bacteria;D_1__Proteobacteria;D_2__Gammaproteobacteria;D_3__Oceanospirillales	D_0__Bacteria;D_1__Proteobacteria;D_2__Gammaproteobacteria;D_3__Oceanospirillales;D_4__Endozoicomonadaceae	D_0__Bacteria;D_1__Proteobacteria;D_2__Gammaproteobacteria;D_3__Oceanospirillales;D_4__Endozoicomonadaceae;D_5__Endozoicomonas
FAV_Echinopora_horrida	1	49.68219415582159	102.0	0.7117450980392157	0.08090199999999999	0.12118268483631373	D_0__Bacteria	D_0__Bacteria;D_1__Proteobacteria	D_0__Bacteria;D_1__Proteobacteria;D_2__Gammaproteobacteria	D_0__Bacteria;D_1__Proteobacteria;D_2__Gammaproteobacteria;D_3__Oceanospirillales	D_0__Bacteria;D_1__Proteobacteria;D_2__Gammaproteobacteria;D_3__Oceanospirillales;D_4__Endozoicomonadaceae	D_0__Bacteria;D_1__Proteobacteria;D_2__Gammaproteobacteria;D_3__Oceanospirillales;D_4__Endozoicomonadaceae;D_5__Endozoicomonas
POR_Porites	5	35.18419636614625	82.6	0.9241836734693877	0.47293799999999997	0.2024439852962395	D_0__Bacteria	D_0__Bacteria;D_1__Proteobacteria	D_0__Bacteria;D_1__Proteobacteria;D_2__Gammaproteobacteria	D_0__Bacteria;D_1__Proteobacteria;D_2__Gammaproteobacteria;D_3__Oceanospirillales	D_0__Bacteria;D_1__Proteobacteria;D_2__Gammaproteobacteria;D_3__Oceanospirillales;D_4__Endozoicomonadaceae	D_0__Bacteria;D_1__Proteobacteria;D_2__Gammaproteobacteria;D_3__Oceanospirillales;D_4__Endozoicomonadaceae;D_5__Endozoicomonas
SID_Psammocora	3	122.99144741440686	341.3333333333333	0.8149825327510917	0.20700200000000002	0.10555691491645953	D_0__Bacteria	D_0__Bacteria;D_1__Proteobacteria	D_0__Bacteria;D_1__Firmicutes;D_2__Clostridia	D_0__Bacteria;D_1__Firmicutes;D_2__Clostridia;D_3__Clostridiales	D_0__Bacteria;D_1__Firmicutes;D_2__Clostridia;D_3__Clostridiales;D_4__Clostridiaceae 1	D_0__Bacteria;D_1__Firmicutes;D_2__Clostridia;D_3__Clostridiales;D_4__Clostridiaceae 1;__
FAV_Montastraea_cavernosa	4	24.251571401869143	49.75	0.8978540145985402	0.1152485	0.19228851460847118	D_0__Bacteria	D_0__Bacteria;D_1__Proteobacteria	D_0__Bacteria;D_1__Proteobacteria;D_2__Alphaproteobacteria	D_0__Bacteria;D_1__Proteobacteria;D_2__Gammaproteobacteria;D_3__Pseudomonadales	D_0__Bacteria;D_1__Proteobacteria;D_2__Alphaproteobacteria;D_3__Sphingomonadales;D_4__Sphingomonadaceae	D_0__Bacteria;D_1__Proteobacteria;D_2__Gammaproteobacteria;D_3__Pseudomonadales;D_4__Pseudomonadaceae;D_5__Pseudomonas
