host_genus	Unnamed: 0	sum_total	sum_dis	sum_healthy	sum_bbd	sum_wd	sum_seb	percent_healthy	percent_diseased	percent_black_band_disease	percent_white_disease	percent_skeletal_eroding_band	n_samples_tissue	faith_pd_tissue	observed_features_tissue	gini_index_tissue	dominance_tissue	simpson_e_tissue	most_abundant_domain_tissue	most_abundant_phylum_tissue	most_abundant_class_tissue	most_abundant_order_tissue	most_abundant_family_tissue	most_abundant_genus_tissue	n_samples_skeleton	faith_pd_skeleton	observed_features_skeleton	gini_index_skeleton	dominance_skeleton	simpson_e_skeleton	most_abundant_domain_skeleton	most_abundant_phylum_skeleton	most_abundant_class_skeleton	most_abundant_order_skeleton	most_abundant_family_skeleton	most_abundant_genus_skeleton	n_samples_mucus	faith_pd_mucus	observed_features_mucus	gini_index_mucus	dominance_mucus	simpson_e_mucus	most_abundant_domain_mucus	most_abundant_phylum_mucus	most_abundant_class_mucus	most_abundant_order_mucus	most_abundant_family_mucus	most_abundant_genus_mucus	n_samples_all	faith_pd_all	observed_features_all	gini_index_all	dominance_all	simpson_e_all	most_abundant_domain_all	most_abundant_phylum_all	most_abundant_class_all	most_abundant_order_all	most_abundant_family_all	most_abundant_genus_all
Acanthastrea	1.0	109.0	0.0	99.0	0.0	0.0	0.0	90.8256880733945	0.0	0.0	0.0	0.0																																																
Acropora	2.0	31786.0	1158.0	27465.0	179.0	171.0	422.0	86.40596489020321	3.6431133203297104	0.563141005474108	0.5379726923802929	1.32762851569874	18	22.089649033789783	47.111111111111114	0.9702493325118096	0.1626661111111111	0.23955761000988884	D_0__Bacteria	D_0__Bacteria;D_1__Proteobacteria	D_0__Bacteria;D_1__Proteobacteria;D_2__Gammaproteobacteria	D_0__Bacteria;D_1__Proteobacteria;D_2__Alphaproteobacteria;D_3__Sphingomonadales	D_0__Bacteria;D_1__Proteobacteria;D_2__Alphaproteobacteria;D_3__Sphingomonadales;D_4__Sphingomonadaceae	D_0__Bacteria;D_1__Proteobacteria;D_2__Gammaproteobacteria;D_3__Pseudomonadales;D_4__Pseudomonadaceae;D_5__Pseudomonas	14	19.49287790091109	43.42857142857143	0.9600320855614972	0.1631697142857143	0.2138967909654085	D_0__Bacteria	D_0__Bacteria;D_1__Proteobacteria	D_0__Bacteria;D_1__Proteobacteria;D_2__Gammaproteobacteria	D_0__Bacteria;D_1__Proteobacteria;D_2__Gammaproteobacteria;D_3__Betaproteobacteriales	D_0__Bacteria;D_1__Proteobacteria;D_2__Alphaproteobacteria;D_3__Sphingomonadales;D_4__Sphingomonadaceae	D_0__Bacteria;D_1__Proteobacteria;D_2__Gammaproteobacteria;D_3__Pseudomonadales;D_4__Pseudomonadaceae;D_5__Pseudomonas	20	23.867036931660245	50.15	0.9636131578947367	0.1097564	0.21280347306603625	D_0__Bacteria	D_0__Bacteria;D_1__Proteobacteria	D_0__Bacteria;D_1__Proteobacteria;D_2__Gammaproteobacteria	D_0__Bacteria;D_1__Proteobacteria;D_2__Gammaproteobacteria;D_3__Betaproteobacteriales	D_0__Bacteria;D_1__Proteobacteria;D_2__Alphaproteobacteria;D_3__Sphingomonadales;D_4__Sphingomonadaceae	D_0__Bacteria;D_1__Proteobacteria;D_2__Gammaproteobacteria;D_3__Pseudomonadales;D_4__Pseudomonadaceae;D_5__Pseudomonas	52	22.074129074118773	47.28846153846154	0.9860974520528974	0.1424518076923077	0.2223588752887393	D_0__Bacteria	D_0__Bacteria;D_1__Proteobacteria	D_0__Bacteria;D_1__Proteobacteria;D_2__Gammaproteobacteria	D_0__Bacteria;D_1__Proteobacteria;D_2__Gammaproteobacteria;D_3__Betaproteobacteriales	D_0__Bacteria;D_1__Proteobacteria;D_2__Alphaproteobacteria;D_3__Sphingomonadales;D_4__Sphingomonadaceae	D_0__Bacteria;D_1__Proteobacteria;D_2__Gammaproteobacteria;D_3__Pseudomonadales;D_4__Pseudomonadaceae;D_5__Pseudomonas
Agaricia	3.0	9345.0	65.0	9280.0	0.0	4.0	0.0	99.30444087747459	0.695559122525415	0.0	0.0428036383092563	0.0																																																
Alveopora	4.0	267.0	2.0	262.0	0.0	1.0	1.0	98.12734082396999	0.749063670411985	0.0	0.374531835205993	0.374531835205993	3	98.92810501284693	241.0	0.8616220871327253	0.17106933333333332	0.043264657913735155	D_0__Bacteria	D_0__Bacteria;D_1__Proteobacteria	D_0__Bacteria;D_1__Proteobacteria;D_2__Gammaproteobacteria	D_0__Bacteria;D_1__Proteobacteria;D_2__Gammaproteobacteria;D_3__Oceanospirillales	D_0__Bacteria;D_1__Proteobacteria;D_2__Gammaproteobacteria;D_3__Oceanospirillales;D_4__Endozoicomonadaceae	D_0__Bacteria;D_1__Proteobacteria;D_2__Gammaproteobacteria;D_3__Oceanospirillales;D_4__Endozoicomonadaceae;D_5__Endozoicomonas	2	71.96094387165394	155.5	0.8413356401384082	0.05264599999999999	0.1374306805252117	D_0__Bacteria	D_0__Bacteria;D_1__Proteobacteria	D_0__Bacteria;D_1__Proteobacteria;D_2__Alphaproteobacteria	D_0__Bacteria;D_1__Planctomycetes;D_2__Planctomycetacia;D_3__Pirellulales	D_0__Bacteria;D_1__Planctomycetes;D_2__Planctomycetacia;D_3__Pirellulales;D_4__Pirellulaceae	Unassigned;__;__;__;__;__	2	9.567684611751817	21.5	0.7516666666666667	0.17228500000000002	0.2796822918553087	D_0__Bacteria	D_0__Bacteria;D_1__Proteobacteria	D_0__Bacteria;D_1__Proteobacteria;D_2__Alphaproteobacteria	D_0__Bacteria;D_1__Proteobacteria;D_2__Alphaproteobacteria;D_3__Sphingomonadales	D_0__Bacteria;D_1__Proteobacteria;D_2__Alphaproteobacteria;D_3__Sphingomonadales;D_4__Sphingomonadaceae	D_0__Bacteria;D_1__Proteobacteria;D_2__Alphaproteobacteria;D_3__Sphingomonadales;D_4__Sphingomonadaceae;D_5__Sphingobium	7	65.69165314362175	153.85714285714286	0.9384894719792679	0.13758142857142858	0.13771713121460663	D_0__Bacteria	D_0__Bacteria;D_1__Proteobacteria	D_0__Bacteria;D_1__Proteobacteria;D_2__Gammaproteobacteria	D_0__Bacteria;D_1__Proteobacteria;D_2__Gammaproteobacteria;D_3__Oceanospirillales	D_0__Bacteria;D_1__Proteobacteria;D_2__Gammaproteobacteria;D_3__Oceanospirillales;D_4__Endozoicomonadaceae	D_0__Bacteria;D_1__Proteobacteria;D_2__Gammaproteobacteria;D_3__Oceanospirillales;D_4__Endozoicomonadaceae;D_5__Endozoicomonas
Anacropora	5.0	20.0	0.0	14.0	0.0	0.0	0.0	70.0	0.0	0.0	0.0	0.0																																																
Astrea													3	19.77749376412632	29.0	0.9274666666666667	0.4198059999999999	0.12763925698635728	D_0__Bacteria	D_0__Bacteria;D_1__Proteobacteria	D_0__Bacteria;D_1__Proteobacteria;D_2__Alphaproteobacteria	D_0__Bacteria;D_1__Proteobacteria;D_2__Alphaproteobacteria;D_3__Rhodospirillales	D_0__Bacteria;D_1__Proteobacteria;D_2__Alphaproteobacteria;D_3__Rhodospirillales;D_4__Terasakiellaceae	D_0__Bacteria;D_1__Proteobacteria;D_2__Alphaproteobacteria;D_3__Rhodospirillales;D_4__Terasakiellaceae;D_5__uncultured	2	43.97507371908018	99.5	0.8293756345177665	0.29907900000000004	0.08880702947138	D_0__Bacteria	Unassigned;__	Unassigned;__;__	Unassigned;__;__;__	Unassigned;__;__;__;__	Unassigned;__;__;__;__;__	2	14.308823775223175	30.0	0.8151086956521739	0.16894199999999998	0.20008747627452206	D_0__Bacteria	D_0__Bacteria;D_1__Proteobacteria	D_0__Bacteria;D_1__Proteobacteria;D_2__Gammaproteobacteria	D_0__Bacteria;D_1__Proteobacteria;D_2__Gammaproteobacteria;D_3__Betaproteobacteriales	D_0__Bacteria;D_1__Proteobacteria;D_2__Gammaproteobacteria;D_3__Betaproteobacteriales;D_4__Burkholderiaceae	D_0__Bacteria;D_1__Proteobacteria;D_2__Gammaproteobacteria;D_3__Betaproteobacteriales;D_4__Burkholderiaceae;D_5__Aquabacterium	7	25.128610897283664	49.42857142857143	0.9501413533834587	0.3136371428571429	0.13724382606441085	D_0__Bacteria	D_0__Bacteria;D_1__Proteobacteria	D_0__Bacteria;D_1__Proteobacteria;D_2__Alphaproteobacteria	D_0__Bacteria;D_1__Proteobacteria;D_2__Alphaproteobacteria;D_3__Rhodospirillales	D_0__Bacteria;D_1__Proteobacteria;D_2__Alphaproteobacteria;D_3__Rhodospirillales;D_4__Terasakiellaceae	D_0__Bacteria;D_1__Proteobacteria;D_2__Alphaproteobacteria;D_3__Rhodospirillales;D_4__Terasakiellaceae;D_5__uncultured
Astreopora	6.0	595.0	1.0	478.0	0.0	0.0	1.0	80.3361344537815	0.16806722689075596	0.0	0.0	0.16806722689075596																																																
Australogyra	7.0	2.0	0.0	2.0	0.0	0.0	0.0	100.0	0.0	0.0	0.0	0.0																																																
Barabattoia	8.0	8.0	0.0	8.0	0.0	0.0	0.0	100.0	0.0	0.0	0.0	0.0																																																
Blastomussa	9.0	1.0	0.0	1.0	0.0	0.0	0.0	100.0	0.0	0.0	0.0	0.0																																																
Cataphyllia	10.0	13.0	0.0	13.0	0.0	0.0	0.0	100.0	0.0	0.0	0.0	0.0																																																
Caulastrea	11.0	159.0	3.0	145.0	0.0	1.0	2.0	91.19496855345909	1.88679245283019	0.0	0.628930817610063	1.25786163522013	7												10												8												25											
Cirrhipathes	12.0	2.0	0.0	2.0	0.0	0.0	0.0	100.0	0.0	0.0	0.0	0.0																																																
Cladacora	13.0	23.0	0.0	23.0	0.0	0.0	0.0	100.0	0.0	0.0	0.0	0.0																																																
Coeloseris	14.0	97.0	1.0	90.0	1.0	0.0	0.0	92.7835051546392	1.03092783505155	1.03092783505155	0.0	0.0																																																
Colpophyllia	15.0	2383.0	44.0	2339.0	9.0	3.0	0.0	98.1535879143936	1.8464120856063797	0.377675199328577	0.125891733109526	0.0																																																
Coscinaraea	16.0	6.0	0.0	6.0	0.0	0.0	0.0	100.0	0.0	0.0	0.0	0.0																																																
Coscinaria	17.0	102.0	0.0	99.0	0.0	0.0	0.0	97.0588235294118	0.0	0.0	0.0	0.0																																																
Ctenactis	18.0	64.0	0.0	61.0	0.0	0.0	0.0	95.3125	0.0	0.0	0.0	0.0																																																
Cycloseris	19.0	238.0	5.0	233.0	0.0	0.0	0.0	97.8991596638655	2.10084033613445	0.0	0.0	0.0																																																
Cynaria	20.0	0.0	0.0	0.0	0.0	0.0	0.0																																																					
Cyphastrea	21.0	2539.0	550.0	1940.0	1.0	7.0	2.0	76.4080346593147	21.6620716817645	0.0393855848759354	0.27569909413154803	0.0787711697518708	2	23.004514789888635	28.0	0.9423333333333334	0.8701490000000001	0.0418514458024553	D_0__Bacteria	D_0__Bacteria;D_1__Proteobacteria	D_0__Bacteria;D_1__Proteobacteria;D_2__Gammaproteobacteria	D_0__Bacteria;D_1__Proteobacteria;D_2__Gammaproteobacteria;D_3__Oceanospirillales	D_0__Bacteria;D_1__Proteobacteria;D_2__Gammaproteobacteria;D_3__Oceanospirillales;D_4__Endozoicomonadaceae	D_0__Bacteria;D_1__Proteobacteria;D_2__Gammaproteobacteria;D_3__Oceanospirillales;D_4__Endozoicomonadaceae;D_5__Endozoicomonas	4	54.05483189225006	108.25	0.9249158163265306	0.17656700000000003	0.09086646423406163	D_0__Bacteria	D_0__Bacteria;D_1__Proteobacteria	D_0__Bacteria;D_1__Firmicutes;D_2__Clostridia	D_0__Bacteria;D_1__Firmicutes;D_2__Clostridia;D_3__Clostridiales	Unassigned;__;__;__;__	Unassigned;__;__;__;__;__	2	17.759406236875257	31.0	0.8372641509433962	0.26287	0.22518470446230426	D_0__Bacteria	D_0__Bacteria;D_1__Proteobacteria	D_0__Bacteria;D_1__Proteobacteria;D_2__Gammaproteobacteria	D_0__Bacteria;D_1__Proteobacteria;D_2__Gammaproteobacteria;D_3__Oceanospirillales	D_0__Bacteria;D_1__Proteobacteria;D_2__Gammaproteobacteria;D_3__Oceanospirillales;D_4__Endozoicomonadaceae	D_0__Bacteria;D_1__Proteobacteria;D_2__Gammaproteobacteria;D_3__Oceanospirillales;D_4__Endozoicomonadaceae;D_5__Endozoicomonas	8	37.218396202816	68.875	0.9616383442265797	0.37153825	0.1121922696832207	D_0__Bacteria	D_0__Bacteria;D_1__Proteobacteria	D_0__Bacteria;D_1__Proteobacteria;D_2__Gammaproteobacteria	D_0__Bacteria;D_1__Proteobacteria;D_2__Gammaproteobacteria;D_3__Oceanospirillales	D_0__Bacteria;D_1__Proteobacteria;D_2__Gammaproteobacteria;D_3__Oceanospirillales;D_4__Endozoicomonadaceae	D_0__Bacteria;D_1__Proteobacteria;D_2__Gammaproteobacteria;D_3__Oceanospirillales;D_4__Endozoicomonadaceae;D_5__Endozoicomonas
Dendrogyra	22.0	9.0	0.0	9.0	0.0	0.0	0.0	100.0	0.0	0.0	0.0	0.0																																																
Dichocoenia	23.0	4559.0	58.0	4501.0	6.0	17.0	0.0	98.7277911822768	1.2722088177231798	0.131607808729985	0.37288879140162295	0.0																																																
Diploastrea	24.0	284.0	2.0	275.0	0.0	2.0	0.0	96.83098591549299	0.7042253521126759	0.0	0.7042253521126759	0.0	23	109.57878821105355	284.3478260869565	0.9703499098021434	0.029092086956521743	0.21799412003890684	D_0__Bacteria	D_0__Bacteria;D_1__Proteobacteria	D_0__Bacteria;D_1__Proteobacteria;D_2__Alphaproteobacteria	D_0__Bacteria;D_1__Bacteroidetes;D_2__Bacteroidia;D_3__Cytophagales	D_0__Bacteria;D_1__Proteobacteria;D_2__Alphaproteobacteria;D_3__Rhodobacterales;D_4__Rhodobacteraceae	D_0__Bacteria;D_1__Proteobacteria;D_2__Alphaproteobacteria;D_3__SAR11 clade;D_4__Clade I;D_5__Clade Ia	23	118.41254124338228	322.0	0.9663791427229029	0.04861834782608695	0.18819872024787648	D_0__Bacteria	D_0__Bacteria;D_1__Proteobacteria	D_0__Bacteria;D_1__Proteobacteria;D_2__Alphaproteobacteria	D_0__Bacteria;D_1__Proteobacteria;D_2__Alphaproteobacteria;D_3__Rhizobiales	D_0__Bacteria;D_1__Bacteroidetes;D_2__Chlorobia;D_3__Chlorobiales;D_4__Chlorobiaceae	D_0__Bacteria;D_1__Chloroflexi;D_2__Chloroflexia;D_3__Chloroflexales;D_4__Chloroflexaceae;D_5__Candidatus Chlorothrix	16	41.141287822745554	90.8125	0.9696280327004221	0.10923575	0.1774185521253774	D_0__Bacteria	D_0__Bacteria;D_1__Proteobacteria	D_0__Bacteria;D_1__Proteobacteria;D_2__Gammaproteobacteria	D_0__Bacteria;D_1__Proteobacteria;D_2__Alphaproteobacteria;D_3__Sphingomonadales	D_0__Bacteria;D_1__Proteobacteria;D_2__Alphaproteobacteria;D_3__Sphingomonadales;D_4__Sphingomonadaceae	D_0__Bacteria;D_1__Proteobacteria;D_2__Alphaproteobacteria;D_3__Sphingomonadales;D_4__Sphingomonadaceae;D_5__Sphingobium	62	95.1945352034831	248.3709677419355	0.9867233543409679	0.05701793548387098	0.19646987355809767	D_0__Bacteria	D_0__Bacteria;D_1__Proteobacteria	D_0__Bacteria;D_1__Proteobacteria;D_2__Alphaproteobacteria	D_0__Bacteria;D_1__Proteobacteria;D_2__Alphaproteobacteria;D_3__Sphingomonadales	D_0__Bacteria;D_1__Proteobacteria;D_2__Alphaproteobacteria;D_3__Sphingomonadales;D_4__Sphingomonadaceae	D_0__Bacteria;D_1__Proteobacteria;D_2__Alphaproteobacteria;D_3__Sphingomonadales;D_4__Sphingomonadaceae;D_5__Sphingobium
Diploria	25.0	828.0	16.0	812.0	1.0	1.0	0.0	98.06763285024158	1.93236714975845	0.12077294685990302	0.12077294685990302	0.0																																																
Dipsastraea													4	58.37776248560754	130.0	0.9141242236024845	0.24254000000000003	0.07732859455363564	D_0__Bacteria	D_0__Bacteria;D_1__Proteobacteria	D_0__Bacteria;D_1__Proteobacteria;D_2__Alphaproteobacteria	D_0__Bacteria;D_1__Proteobacteria;D_2__Alphaproteobacteria;D_3__Rhodospirillales	D_0__Bacteria;D_1__Proteobacteria;D_2__Alphaproteobacteria;D_3__Rhodospirillales;D_4__Terasakiellaceae	D_0__Bacteria;D_1__Proteobacteria;D_2__Alphaproteobacteria;D_3__Rhodospirillales;D_4__Terasakiellaceae;D_5__uncultured	2	110.8307469099456	283.5	0.8033401486988847	0.045934	0.09860312013701644	D_0__Bacteria	D_0__Bacteria;D_1__Proteobacteria	D_0__Bacteria;D_1__Proteobacteria;D_2__Alphaproteobacteria	D_0__Bacteria;D_1__Proteobacteria;D_2__Alphaproteobacteria;D_3__Rhizobiales	D_0__Bacteria;D_1__Proteobacteria;D_2__Alphaproteobacteria;D_3__Rhizobiales;D_4__Beijerinckiaceae	D_0__Bacteria;D_1__Proteobacteria;D_2__Alphaproteobacteria;D_3__Rhizobiales;D_4__Beijerinckiaceae;__	1	41.7272001716669	115.0	0.6648000000000001	0.036788000000000015	0.2363719738478048	D_0__Bacteria	D_0__Bacteria;D_1__Proteobacteria	D_0__Bacteria;D_1__Proteobacteria;D_2__Alphaproteobacteria	D_0__Bacteria;D_1__Bacteroidetes;D_2__Bacteroidia;D_3__Flavobacteriales	D_0__Bacteria;D_1__Proteobacteria;D_2__Alphaproteobacteria;D_3__Puniceispirillales;D_4__SAR116 clade	D_0__Bacteria;D_1__Proteobacteria;D_2__Alphaproteobacteria;D_3__Puniceispirillales;D_4__SAR116 clade;__	7	70.98567770485546	171.71428571428572	0.9410921704658077	0.1569737142857143	0.10612751319091147	D_0__Bacteria	D_0__Bacteria;D_1__Proteobacteria	D_0__Bacteria;D_1__Proteobacteria;D_2__Alphaproteobacteria	D_0__Bacteria;D_1__Proteobacteria;D_2__Alphaproteobacteria;D_3__Rhodospirillales	D_0__Bacteria;D_1__Proteobacteria;D_2__Alphaproteobacteria;D_3__Rhodospirillales;D_4__Terasakiellaceae	D_0__Bacteria;D_1__Proteobacteria;D_2__Alphaproteobacteria;D_3__Rhodospirillales;D_4__Terasakiellaceae;D_5__uncultured
Echinophyllia	26.0	542.0	3.0	492.0	0.0	3.0	0.0	90.77490774907749	0.5535055350553499	0.0	0.5535055350553499	0.0	2	70.40903523071249	169.5	0.8640582822085889	0.14886200000000002	0.056082657142291326	D_0__Bacteria	D_0__Bacteria;D_1__Proteobacteria	D_0__Bacteria;D_1__Proteobacteria;D_2__Alphaproteobacteria	D_0__Bacteria;D_1__Proteobacteria;D_2__Alphaproteobacteria;D_3__Rhizobiales	D_0__Bacteria;D_1__Proteobacteria;D_2__Alphaproteobacteria;D_3__Rhizobiales;D_4__Rhizobiaceae	D_0__Bacteria;D_1__Proteobacteria;D_2__Alphaproteobacteria;D_3__Rhizobiales;D_4__Rhizobiaceae;D_5__Allorhizobium-Neorhizobium-Pararhizobium-Rhizobium	1	123.958557999044	363.0	0.5494214876033058	0.01847	0.14915110647748342	D_0__Bacteria	D_0__Bacteria;D_1__Proteobacteria	D_0__Bacteria;D_1__Proteobacteria;D_2__Alphaproteobacteria	D_0__Bacteria;D_1__Proteobacteria;D_2__Alphaproteobacteria;D_3__Rhizobiales	D_0__Bacteria;D_1__Proteobacteria;D_2__Alphaproteobacteria;D_3__Rhizobiales;D_4__Rhizobiaceae	D_0__Bacteria;D_1__Proteobacteria;D_2__Alphaproteobacteria;D_3__Rhizobiales;D_4__Rhizobiaceae;D_5__Allorhizobium-Neorhizobium-Pararhizobium-Rhizobium	2	97.92422198007557	244.5	0.8206422413793104	0.094245	0.107489414012995	D_0__Bacteria	D_0__Bacteria;D_1__Proteobacteria	D_0__Bacteria;D_1__Proteobacteria;D_2__Gammaproteobacteria	D_0__Bacteria;D_1__Proteobacteria;D_2__Gammaproteobacteria;D_3__Betaproteobacteriales	D_0__Bacteria;D_1__Proteobacteria;D_2__Gammaproteobacteria;D_3__Betaproteobacteriales;__	D_0__Bacteria;D_1__Proteobacteria;D_2__Gammaproteobacteria;D_3__Betaproteobacteriales;__;__	5	92.12501448412402	238.2	0.9212346190028221	0.10093680000000001	0.09525904975761121	D_0__Bacteria	D_0__Bacteria;D_1__Proteobacteria	D_0__Bacteria;D_1__Proteobacteria;D_2__Gammaproteobacteria	D_0__Bacteria;D_1__Proteobacteria;D_2__Alphaproteobacteria;D_3__Rhizobiales	D_0__Bacteria;D_1__Proteobacteria;D_2__Gammaproteobacteria;D_3__Betaproteobacteriales;__	D_0__Bacteria;D_1__Proteobacteria;D_2__Gammaproteobacteria;D_3__Betaproteobacteriales;__;__
Echinopora	27.0	2078.0	39.0	1910.0	7.0	10.0	21.0	91.9153031761309	1.87680461982676	0.33686236766121297	0.48123195380173206	1.01058710298364	7	47.81542452312541	98.28571428571429	0.9493260073260074	0.1443437142857143	0.1365074492796629	D_0__Bacteria	D_0__Bacteria;D_1__Proteobacteria	D_0__Bacteria;D_1__Proteobacteria;D_2__Gammaproteobacteria	D_0__Bacteria;D_1__Proteobacteria;D_2__Alphaproteobacteria;D_3__Rhizobiales	D_0__Bacteria;D_1__Chlamydiae;D_2__Chlamydiae;D_3__Chlamydiales;D_4__Simkaniaceae	D_0__Bacteria;D_1__Chlamydiae;D_2__Chlamydiae;D_3__Chlamydiales;D_4__Simkaniaceae;D_5__uncultured	10	50.06949153414426	116.4	0.9595156216790649	0.1766186	0.14200349923849598	D_0__Bacteria	D_0__Bacteria;D_1__Proteobacteria	D_0__Bacteria;D_1__Bacteroidetes;D_2__Bacteroidia	D_0__Bacteria;D_1__Bacteroidetes;D_2__Bacteroidia;D_3__Cytophagales	D_0__Bacteria;D_1__Bacteroidetes;D_2__Bacteroidia;D_3__Cytophagales;D_4__Amoebophilaceae	D_0__Bacteria;D_1__Bacteroidetes;D_2__Bacteroidia;D_3__Cytophagales;D_4__Amoebophilaceae;D_5__Candidatus Amoebophilus	8	35.86400358525966	74.0	0.9440554216867469	0.13498274999999998	0.16969282009373976	D_0__Bacteria	D_0__Bacteria;D_1__Proteobacteria	D_0__Bacteria;D_1__Proteobacteria;D_2__Gammaproteobacteria	D_0__Bacteria;D_1__Proteobacteria;D_2__Gammaproteobacteria;D_3__Betaproteobacteriales	D_0__Bacteria;D_1__Proteobacteria;D_2__Alphaproteobacteria;D_3__Sphingomonadales;D_4__Sphingomonadaceae	D_0__Bacteria;D_1__Proteobacteria;D_2__Alphaproteobacteria;D_3__Sphingomonadales;D_4__Sphingomonadaceae;D_5__Sphingobium	25	44.89259662741591	97.76	0.9812716748768473	0.15425816	0.14932518792370073	D_0__Bacteria	D_0__Bacteria;D_1__Proteobacteria	D_0__Bacteria;D_1__Proteobacteria;D_2__Gammaproteobacteria	D_0__Bacteria;D_1__Bacteroidetes;D_2__Bacteroidia;D_3__Cytophagales	D_0__Bacteria;D_1__Proteobacteria;D_2__Alphaproteobacteria;D_3__Sphingomonadales;D_4__Sphingomonadaceae	D_0__Bacteria;D_1__Proteobacteria;D_2__Alphaproteobacteria;D_3__Sphingomonadales;D_4__Sphingomonadaceae;D_5__Sphingobium
Euphyllia	28.0	91.0	0.0	91.0	0.0	0.0	0.0	100.0	0.0	0.0	0.0	0.0																																																
Eusmilia	29.0	931.0	17.0	914.0	0.0	1.0	0.0	98.17400644468309	1.82599355531686	0.0	0.10741138560687401	0.0																																																
Favia	30.0	2825.0	16.0	2645.0	1.0	7.0	0.0	93.6283185840708	0.566371681415929	0.0353982300884956	0.247787610619469	0.0																																																
Favites	31.0	2391.0	14.0	2230.0	1.0	9.0	1.0	93.2664157256378	0.585529067335843	0.0418235048097031	0.376411543287327	0.0418235048097031	9	48.155562071052195	122.66666666666667	0.9440053296257676	0.36144688888888893	0.12601635958107096	D_0__Bacteria	D_0__Bacteria;D_1__Proteobacteria	D_0__Bacteria;D_1__Proteobacteria;D_2__Alphaproteobacteria	D_0__Bacteria;D_1__Proteobacteria;D_2__Alphaproteobacteria;D_3__Rhodospirillales	D_0__Bacteria;D_1__Proteobacteria;D_2__Alphaproteobacteria;D_3__Rhodospirillales;D_4__Terasakiellaceae	D_0__Bacteria;D_1__Proteobacteria;D_2__Alphaproteobacteria;D_3__Rhodospirillales;D_4__Terasakiellaceae;D_5__uncultured	8	69.86238229819399	169.875	0.9382717391304347	0.124395	0.17266712015929417	D_0__Bacteria	D_0__Bacteria;D_1__Proteobacteria	D_0__Bacteria;D_1__Bacteroidetes;D_2__Bacteroidia	D_0__Bacteria;D_1__Bacteroidetes;D_2__Bacteroidia;D_3__Cytophagales	D_0__Bacteria;D_1__Bacteroidetes;D_2__Bacteroidia;D_3__Cytophagales;D_4__Amoebophilaceae	D_0__Bacteria;D_1__Bacteroidetes;D_2__Bacteroidia;D_3__Cytophagales;D_4__Amoebophilaceae;D_5__Candidatus Amoebophilus	4	66.26249087341512	148.5	0.9137204198473283	0.278893	0.08344600605493908	D_0__Bacteria	D_0__Bacteria;D_1__Proteobacteria	D_0__Bacteria;D_1__Proteobacteria;D_2__Alphaproteobacteria	D_0__Bacteria;D_1__Proteobacteria;D_2__Alphaproteobacteria;D_3__Rhodospirillales	D_0__Bacteria;D_1__Proteobacteria;D_2__Alphaproteobacteria;D_3__Rhodospirillales;D_4__Terasakiellaceae	D_0__Bacteria;D_1__Proteobacteria;D_2__Alphaproteobacteria;D_3__Rhodospirillales;D_4__Terasakiellaceae;D_5__uncultured	21	59.87376573898487	145.57142857142858	0.9747939346023637	0.2554168571428571	0.13567943912970232	D_0__Bacteria	D_0__Bacteria;D_1__Proteobacteria	D_0__Bacteria;D_1__Proteobacteria;D_2__Alphaproteobacteria	D_0__Bacteria;D_1__Proteobacteria;D_2__Alphaproteobacteria;D_3__Rhodospirillales	D_0__Bacteria;D_1__Proteobacteria;D_2__Alphaproteobacteria;D_3__Rhodospirillales;D_4__Terasakiellaceae	D_0__Bacteria;D_1__Proteobacteria;D_2__Alphaproteobacteria;D_3__Rhodospirillales;D_4__Terasakiellaceae;D_5__uncultured
Fungia	32.0	2417.0	76.0	2165.0	0.0	7.0	1.0	89.57385188249901	3.1443938767066606	0.0	0.28961522548614005	0.0413736036408771																																																
Fungid													5	67.51965480549617	146.2	0.9167395638629283	0.2821492	0.07896042136425803	D_0__Bacteria	D_0__Bacteria;D_1__Proteobacteria	D_0__Bacteria;D_1__Proteobacteria;D_2__Gammaproteobacteria	D_0__Bacteria;D_1__Firmicutes;D_2__Clostridia;D_3__Clostridiales	D_0__Bacteria;D_1__Firmicutes;D_2__Clostridia;D_3__Clostridiales;D_4__Family XI	D_0__Bacteria;D_1__Firmicutes;D_2__Clostridia;D_3__Clostridiales;D_4__Family XI;D_5__Gallicola	5	55.21297571879084	103.6	0.9411131221719456	0.21076160000000002	0.07290398244552924	D_0__Bacteria	D_0__Bacteria;D_1__Proteobacteria	D_0__Bacteria;D_1__Proteobacteria;D_2__Gammaproteobacteria	D_0__Bacteria;D_1__Spirochaetes;D_2__Spirochaetia;D_3__Spirochaetales	D_0__Bacteria;D_1__Spirochaetes;D_2__Spirochaetia;D_3__Spirochaetales;D_4__Spirochaetaceae	D_0__Bacteria;D_1__Spirochaetes;D_2__Spirochaetia;D_3__Spirochaetales;D_4__Spirochaetaceae;D_5__Spirochaeta 2	3	86.2606973709838	230.0	0.8054890219560878	0.14377199999999998	0.1491853002483232	D_0__Bacteria	D_0__Bacteria;D_1__Proteobacteria	D_0__Bacteria;D_1__Bacteroidetes;D_2__Bacteroidia	D_0__Bacteria;D_1__Bacteroidetes;D_2__Bacteroidia;D_3__Flavobacteriales	D_0__Bacteria;D_1__Bacteroidetes;D_2__Bacteroidia;D_3__Flavobacteriales;__	D_0__Bacteria;D_1__Bacteroidetes;D_2__Bacteroidia;D_3__Flavobacteriales;__;__	13	67.11117267187589	149.15384615384616	0.9577724493080141	0.22275923076923076	0.09283676306106967	D_0__Bacteria	D_0__Bacteria;D_1__Proteobacteria	D_0__Bacteria;D_1__Proteobacteria;D_2__Gammaproteobacteria	D_0__Bacteria;D_1__Bacteroidetes;D_2__Bacteroidia;D_3__Flavobacteriales	D_0__Bacteria;D_1__Spirochaetes;D_2__Spirochaetia;D_3__Spirochaetales;D_4__Spirochaetaceae	D_0__Bacteria;D_1__Spirochaetes;D_2__Spirochaetia;D_3__Spirochaetales;D_4__Spirochaetaceae;D_5__Spirochaeta 2
Galaxea	33.0	3014.0	110.0	2582.0	1.0	61.0	48.0	85.66688785666891	3.6496350364963503	0.033178500331785	2.0238885202388897	1.5925680159256799	8	107.93338213109696	281.625	0.9364814473684211	0.13999675	0.0997666426916869	D_0__Bacteria	D_0__Bacteria;D_1__Proteobacteria	D_0__Bacteria;D_1__Proteobacteria;D_2__Alphaproteobacteria	D_0__Bacteria;D_1__Proteobacteria;D_2__Alphaproteobacteria;__	D_0__Bacteria;D_1__Proteobacteria;D_2__Alphaproteobacteria;__;__	D_0__Bacteria;D_1__Proteobacteria;D_2__Alphaproteobacteria;__;__;__	9	82.20546979425468	206.22222222222223	0.9389998508575689	0.1447168888888889	0.19474582195668025	D_0__Bacteria	D_0__Bacteria;D_1__Proteobacteria	D_0__Bacteria;D_1__Proteobacteria;D_2__Alphaproteobacteria	D_0__Bacteria;D_1__Bacteroidetes;D_2__Bacteroidia;D_3__Cytophagales	D_0__Bacteria;D_1__Bacteroidetes;D_2__Bacteroidia;D_3__Cytophagales;D_4__Amoebophilaceae	D_0__Bacteria;D_1__Bacteroidetes;D_2__Bacteroidia;D_3__Cytophagales;D_4__Amoebophilaceae;D_5__Candidatus Amoebophilus	9	55.37288846821307	129.77777777777777	0.9485830008463305	0.1380408888888889	0.18364658279820092	D_0__Bacteria	D_0__Bacteria;D_1__Proteobacteria	D_0__Bacteria;D_1__Proteobacteria;D_2__Alphaproteobacteria	D_0__Bacteria;D_1__Proteobacteria;D_2__Gammaproteobacteria;D_3__Betaproteobacteriales	D_0__Bacteria;D_1__Proteobacteria;D_2__Alphaproteobacteria;D_3__Sphingomonadales;D_4__Sphingomonadaceae	D_0__Bacteria;D_1__Proteobacteria;D_2__Gammaproteobacteria;D_3__Pseudomonadales;D_4__Pseudomonadaceae;D_5__Pseudomonas	26	80.83354928503789	202.96153846153845	0.9764870020651919	0.1409536153846154	0.16167941478182407	D_0__Bacteria	D_0__Bacteria;D_1__Proteobacteria	D_0__Bacteria;D_1__Proteobacteria;D_2__Alphaproteobacteria	D_0__Bacteria;D_1__Proteobacteria;D_2__Alphaproteobacteria;__	D_0__Bacteria;D_1__Proteobacteria;D_2__Alphaproteobacteria;__;__	D_0__Bacteria;D_1__Proteobacteria;D_2__Alphaproteobacteria;__;__;__
Gardineroseris	34.0	10.0	0.0	10.0	0.0	0.0	0.0	100.0	0.0	0.0	0.0	0.0																																																
Goniastrea	35.0	1736.0	5.0	1639.0	0.0	2.0	1.0	94.4124423963134	0.288018433179724	0.0	0.11520737327188901	0.0576036866359447	5	126.11948906385005	333.8	0.8911463215258856	0.0295572	0.18302190548008196	D_0__Bacteria	D_0__Bacteria;D_1__Proteobacteria	D_0__Bacteria;D_1__Proteobacteria;D_2__Alphaproteobacteria	D_0__Bacteria;D_1__Bacteroidetes;D_2__Bacteroidia;D_3__Cytophagales	D_0__Bacteria;D_1__Proteobacteria;D_2__Alphaproteobacteria;D_3__Rhodobacterales;D_4__Rhodobacteraceae	D_0__Bacteria;D_1__Proteobacteria;D_2__Gammaproteobacteria;__;__;__	3	102.94730435560746	281.3333333333333	0.8616975308641974	0.10536533333333332	0.052318958076085574	D_0__Bacteria	D_0__Bacteria;D_1__Proteobacteria	D_0__Bacteria;D_1__Proteobacteria;D_2__Alphaproteobacteria	D_0__Bacteria;D_1__Proteobacteria;D_2__Alphaproteobacteria;D_3__Rhodobacterales	D_0__Bacteria;D_1__Proteobacteria;D_2__Alphaproteobacteria;D_3__Rhodobacterales;D_4__Rhodobacteraceae	D_0__Bacteria;D_1__Proteobacteria;D_2__Alphaproteobacteria;D_3__Rhodobacterales;D_4__Rhodobacteraceae;__	1	51.46780514722408	98.0	0.7826122448979592	0.14157800000000004	0.07207392132007133	D_0__Bacteria	D_0__Bacteria;D_1__Bacteroidetes	D_0__Bacteria;D_1__Bacteroidetes;D_2__Bacteroidia	D_0__Bacteria;D_1__Bacteroidetes;D_2__Bacteroidia;D_3__Cytophagales	D_0__Bacteria;D_1__Bacteroidetes;D_2__Bacteroidia;D_3__Cytophagales;D_4__Amoebophilaceae	D_0__Bacteria;D_1__Bacteroidetes;D_2__Bacteroidia;D_3__Cytophagales;D_4__Amoebophilaceae;D_5__Candidatus Amoebophilus	9	110.10079594814407	290.1111111111111	0.9382374727668845	0.06727333333333332	0.1271267025498598	D_0__Bacteria	D_0__Bacteria;D_1__Proteobacteria	D_0__Bacteria;D_1__Proteobacteria;D_2__Alphaproteobacteria	D_0__Bacteria;D_1__Bacteroidetes;D_2__Bacteroidia;D_3__Cytophagales	D_0__Bacteria;D_1__Bacteroidetes;D_2__Bacteroidia;D_3__Cytophagales;D_4__Amoebophilaceae	D_0__Bacteria;D_1__Bacteroidetes;D_2__Bacteroidia;D_3__Cytophagales;D_4__Amoebophilaceae;D_5__Candidatus Amoebophilus
Goniopora	36.0	37383.0	55.0	35577.0	1.0	34.0	20.0	95.1689270524035	0.14712569884707	0.00267501270631035	0.0909504320145521	0.0535002541262071																																																
Halomitra	37.0	37.0	0.0	37.0	0.0	0.0	0.0	100.0	0.0	0.0	0.0	0.0																																																
Heliofungia	38.0	42.0	0.0	42.0	0.0	0.0	0.0	100.0	0.0	0.0	0.0	0.0																																																
Heliopora													1	147.81099071971227	433.0	0.4733625866050808	0.008801999999999999	0.2623800070632697	D_0__Bacteria	D_0__Bacteria;D_1__Proteobacteria	D_0__Bacteria;D_1__Proteobacteria;D_2__Gammaproteobacteria	D_0__Bacteria;D_1__Proteobacteria;D_2__Gammaproteobacteria;__	D_0__Bacteria;D_1__Proteobacteria;D_2__Gammaproteobacteria;__;__	D_0__Bacteria;D_1__Proteobacteria;D_2__Gammaproteobacteria;__;__;__	1	133.13330170005892	405.0	0.4745185185185186	0.007276	0.33935346378080483	D_0__Bacteria	D_0__Bacteria;D_1__Proteobacteria	D_0__Bacteria;D_1__Proteobacteria;D_2__Alphaproteobacteria	D_0__Bacteria;D_1__Planctomycetes;D_2__Planctomycetacia;D_3__Pirellulales	D_0__Bacteria;D_1__Planctomycetes;D_2__Planctomycetacia;D_3__Pirellulales;D_4__Pirellulaceae	D_0__Bacteria;D_1__Proteobacteria;D_2__Gammaproteobacteria;__;__;__	1	70.29035803676608	174.0	0.7054252873563218	0.046316	0.12408512040723745	D_0__Bacteria	D_0__Bacteria;D_1__Proteobacteria	D_0__Bacteria;D_1__Proteobacteria;D_2__Gammaproteobacteria	D_0__Bacteria;D_1__Proteobacteria;D_2__Gammaproteobacteria;__	D_0__Bacteria;D_1__Proteobacteria;D_2__Gammaproteobacteria;__;__	D_0__Bacteria;D_1__Proteobacteria;D_2__Gammaproteobacteria;__;__;__	3	117.07821681884575	337.3333333333333	0.8047182539682539	0.020798	0.24193953041710403	D_0__Bacteria	D_0__Bacteria;D_1__Proteobacteria	D_0__Bacteria;D_1__Proteobacteria;D_2__Gammaproteobacteria	D_0__Bacteria;D_1__Proteobacteria;D_2__Gammaproteobacteria;__	D_0__Bacteria;D_1__Proteobacteria;D_2__Gammaproteobacteria;__;__	D_0__Bacteria;D_1__Proteobacteria;D_2__Gammaproteobacteria;__;__;__
Helioseris	39.0	129.0	2.0	127.0	0.0	0.0	0.0	98.4496124031008	1.55038759689922	0.0	0.0	0.0																																																
Herpolitha	40.0	93.0	0.0	87.0	0.0	0.0	0.0	93.54838709677419	0.0	0.0	0.0	0.0																																																
Homophyllia													2	16.098161658166816	28.0	0.8197555555555556	0.159784	0.2393951951599419	D_0__Bacteria	D_0__Bacteria;D_1__Proteobacteria	D_0__Bacteria;D_1__Proteobacteria;D_2__Alphaproteobacteria	D_0__Bacteria;D_1__Proteobacteria;D_2__Alphaproteobacteria;D_3__Sphingomonadales	D_0__Bacteria;D_1__Proteobacteria;D_2__Alphaproteobacteria;D_3__Sphingomonadales;D_4__Sphingomonadaceae	D_0__Bacteria;D_1__Proteobacteria;D_2__Alphaproteobacteria;D_3__Sphingomonadales;D_4__Sphingomonadaceae;D_5__Sphingobium	3	61.710518520112096	146.0	0.8617090909090909	0.04540533333333333	0.1805054834263741	D_0__Bacteria	D_0__Bacteria;D_1__Proteobacteria	D_0__Bacteria;D_1__Proteobacteria;D_2__Alphaproteobacteria	D_0__Bacteria;D_1__Proteobacteria;D_2__Alphaproteobacteria;D_3__Rhizobiales	D_0__Bacteria;D_1__Bacteroidetes;D_2__Bacteroidia;D_3__Cytophagales;D_4__Amoebophilaceae	D_0__Bacteria;D_1__Bacteroidetes;D_2__Bacteroidia;D_3__Cytophagales;D_4__Amoebophilaceae;D_5__Candidatus Amoebophilus	1	73.39124160745656	187.0	0.5509732620320855	0.021849999999999998	0.24474112507495205	D_0__Bacteria	D_0__Bacteria;D_1__Proteobacteria	D_0__Bacteria;D_1__Proteobacteria;D_2__Gammaproteobacteria	D_0__Bacteria;D_1__Proteobacteria;D_2__Gammaproteobacteria;D_3__Pseudomonadales	D_0__Bacteria;D_1__Proteobacteria;D_2__Gammaproteobacteria;D_3__Pseudomonadales;D_4__Pseudomonadaceae	D_0__Bacteria;D_1__Proteobacteria;D_2__Gammaproteobacteria;D_3__Pseudomonadales;D_4__Pseudomonadaceae;D_5__Pseudomonas	6	48.453186747354415	113.5	0.924134267367192	0.07960566666666667	0.21084132761232635	D_0__Bacteria	D_0__Bacteria;D_1__Proteobacteria	D_0__Bacteria;D_1__Proteobacteria;D_2__Alphaproteobacteria	D_0__Bacteria;D_1__Proteobacteria;D_2__Alphaproteobacteria;D_3__Sphingomonadales	D_0__Bacteria;D_1__Proteobacteria;D_2__Alphaproteobacteria;D_3__Sphingomonadales;D_4__Sphingomonadaceae	D_0__Bacteria;D_1__Proteobacteria;D_2__Alphaproteobacteria;D_3__Sphingomonadales;D_4__Sphingomonadaceae;D_5__Sphingobium
Hydnophora	41.0	611.0	19.0	549.0	0.0	3.0	16.0	89.8527004909984	3.10965630114566	0.0	0.490998363338789	2.61865793780687	4	15.597300585090606	21.0	0.9417388059701493	0.520241	0.11335507208226861	D_0__Bacteria	D_0__Bacteria;D_1__Proteobacteria	D_0__Bacteria;D_1__Proteobacteria;D_2__Gammaproteobacteria	D_0__Bacteria;D_1__Proteobacteria;D_2__Gammaproteobacteria;D_3__Oceanospirillales	D_0__Bacteria;D_1__Proteobacteria;D_2__Gammaproteobacteria;D_3__Oceanospirillales;D_4__Endozoicomonadaceae	D_0__Bacteria;D_1__Proteobacteria;D_2__Gammaproteobacteria;D_3__Oceanospirillales;D_4__Endozoicomonadaceae;D_5__Endozoicomonas	4	41.143899910974454	87.0	0.9241558641975309	0.39240200000000003	0.10107619741008918	D_0__Bacteria	D_0__Bacteria;D_1__Proteobacteria	D_0__Bacteria;D_1__Proteobacteria;D_2__Alphaproteobacteria	D_0__Bacteria;D_1__Proteobacteria;D_2__Alphaproteobacteria;D_3__Rhodospirillales	D_0__Bacteria;D_1__Proteobacteria;D_2__Alphaproteobacteria;D_3__Rhodospirillales;D_4__Terasakiellaceae	D_0__Bacteria;D_1__Proteobacteria;D_2__Alphaproteobacteria;D_3__Rhodospirillales;D_4__Terasakiellaceae;D_5__uncultured	3	30.002682943170782	63.333333333333336	0.8905570175438596	0.12599533333333335	0.15972384407833484	D_0__Bacteria	D_0__Bacteria;D_1__Proteobacteria	D_0__Bacteria;D_1__Proteobacteria;D_2__Gammaproteobacteria	D_0__Bacteria;D_1__Proteobacteria;D_2__Gammaproteobacteria;D_3__Oceanospirillales	D_0__Bacteria;D_1__Proteobacteria;D_2__Gammaproteobacteria;D_3__Oceanospirillales;D_4__Endozoicomonadaceae	D_0__Bacteria;D_1__Proteobacteria;D_2__Gammaproteobacteria;D_3__Oceanospirillales;D_4__Endozoicomonadaceae;D_5__Endozoicomonas	11	28.81571371034296	56.54545454545455	0.9701559482601567	0.3662325454545455	0.12153605547313052	D_0__Bacteria	D_0__Bacteria;D_1__Proteobacteria	D_0__Bacteria;D_1__Proteobacteria;D_2__Gammaproteobacteria	D_0__Bacteria;D_1__Proteobacteria;D_2__Gammaproteobacteria;D_3__Oceanospirillales	D_0__Bacteria;D_1__Proteobacteria;D_2__Gammaproteobacteria;D_3__Oceanospirillales;D_4__Endozoicomonadaceae	D_0__Bacteria;D_1__Proteobacteria;D_2__Gammaproteobacteria;D_3__Oceanospirillales;D_4__Endozoicomonadaceae;D_5__Endozoicomonas
Isophyllia	42.0	72.0	0.0	72.0	0.0	0.0	0.0	100.0	0.0	0.0	0.0	0.0																																																
Isopora													3	70.45909783451104	161.0	0.8806382660687593	0.10402133333333334	0.12965079870442314	D_0__Bacteria	D_0__Bacteria;D_1__Proteobacteria	D_0__Bacteria;D_1__Proteobacteria;D_2__Gammaproteobacteria	D_0__Bacteria;D_1__Cyanobacteria;D_2__Oxyphotobacteria;D_3__Nostocales	D_0__Bacteria;D_1__Proteobacteria;D_2__Gammaproteobacteria;D_3__Betaproteobacteriales;D_4__Burkholderiaceae	D_0__Bacteria;D_1__Proteobacteria;D_2__Gammaproteobacteria;D_3__Betaproteobacteriales;D_4__Burkholderiaceae;D_5__Aquabacterium	4	64.45701720197431	142.75	0.9193813084112149	0.08651750000000001	0.1212948668008943	D_0__Bacteria	D_0__Bacteria;D_1__Proteobacteria	D_0__Bacteria;D_1__Proteobacteria;D_2__Alphaproteobacteria	D_0__Bacteria;D_1__Proteobacteria;D_2__Alphaproteobacteria;D_3__Rhodobacterales	D_0__Bacteria;D_1__Proteobacteria;D_2__Alphaproteobacteria;D_3__Rhodobacterales;D_4__Rhodobacteraceae	D_0__Bacteria;D_1__Proteobacteria;D_2__Alphaproteobacteria;D_3__Rhodobacterales;D_4__Rhodobacteraceae;__	3	45.040632701823284	104.33333333333333	0.8951326164874551	0.12079066666666667	0.12707219643683906	D_0__Bacteria	D_0__Bacteria;D_1__Proteobacteria	D_0__Bacteria;D_1__Proteobacteria;D_2__Alphaproteobacteria	D_0__Bacteria;D_1__Proteobacteria;D_2__Alphaproteobacteria;D_3__Sphingomonadales	D_0__Bacteria;D_1__Proteobacteria;D_2__Alphaproteobacteria;D_3__Sphingomonadales;D_4__Sphingomonadaceae	D_0__Bacteria;D_1__Proteobacteria;D_2__Alphaproteobacteria;__;__;__	10	60.432726041690024	136.7	0.9625330954504907	0.10205060000000002	0.1255348452627364	D_0__Bacteria	D_0__Bacteria;D_1__Proteobacteria	D_0__Bacteria;D_1__Proteobacteria;D_2__Alphaproteobacteria	D_0__Bacteria;D_1__Proteobacteria;D_2__Gammaproteobacteria;D_3__Betaproteobacteriales	D_0__Bacteria;D_1__Proteobacteria;D_2__Gammaproteobacteria;D_3__Betaproteobacteriales;D_4__Burkholderiaceae	D_0__Bacteria;D_1__Proteobacteria;D_2__Gammaproteobacteria;D_3__Betaproteobacteriales;D_4__Burkholderiaceae;D_5__Aquabacterium
Leptastrea	43.0	1924.0	109.0	1783.0	1.0	0.0	3.0	92.67151767151769	5.66528066528067	0.051975051975052006	0.0	0.15592515592515602	1	103.30149976397308	285.0	0.5199649122807016	0.012518000000000001	0.2802981250858413	D_0__Bacteria	D_0__Archaea;D_1__Thaumarchaeota	D_0__Archaea;D_1__Thaumarchaeota;D_2__Nitrososphaeria	D_0__Archaea;D_1__Thaumarchaeota;D_2__Nitrososphaeria;D_3__Nitrosopumilales	D_0__Archaea;D_1__Thaumarchaeota;D_2__Nitrososphaeria;D_3__Nitrosopumilales;D_4__Nitrosopumilaceae	D_0__Archaea;D_1__Thaumarchaeota;D_2__Nitrososphaeria;D_3__Nitrosopumilales;D_4__Nitrosopumilaceae;D_5__uncultured archaeon	1	123.94528300495408	369.0	0.5786395663956639	0.050002000000000005	0.05419837407045723	D_0__Bacteria	D_0__Bacteria;D_1__Proteobacteria	D_0__Bacteria;D_1__Proteobacteria;D_2__Deltaproteobacteria	D_0__Bacteria;D_1__Proteobacteria;D_2__Deltaproteobacteria;D_3__Desulfobacterales	D_0__Bacteria;D_1__Proteobacteria;D_2__Deltaproteobacteria;D_3__Desulfobacterales;D_4__Desulfobacteraceae	D_0__Bacteria;D_1__Proteobacteria;D_2__Deltaproteobacteria;D_3__Desulfobacterales;D_4__Desulfobacteraceae;D_5__Desulfobacter	10												2	113.62339138446359	327.0	0.7588349834983499	0.03126000000000001	0.16724824957814924	D_0__Bacteria	D_0__Bacteria;D_1__Proteobacteria	D_0__Bacteria;D_1__Proteobacteria;D_2__Deltaproteobacteria	D_0__Archaea;D_1__Thaumarchaeota;D_2__Nitrososphaeria;D_3__Nitrosopumilales	D_0__Archaea;D_1__Thaumarchaeota;D_2__Nitrososphaeria;D_3__Nitrosopumilales;D_4__Nitrosopumilaceae	D_0__Bacteria;D_1__Proteobacteria;D_2__Deltaproteobacteria;D_3__Desulfobacterales;D_4__Desulfobacteraceae;D_5__Desulfobacter
Leptoria	44.0	188.0	7.0	169.0	0.0	2.0	3.0	89.89361702127658	3.72340425531915	0.0	1.06382978723404	1.5957446808510602																																																
Leptoseris	45.0	286.0	0.0	268.0	0.0	0.0	0.0	93.70629370629369	0.0	0.0	0.0	0.0																																																
Lithophyllon	46.0	12.0	0.0	12.0	0.0	0.0	0.0	100.0	0.0	0.0	0.0	0.0																																																
Lobophyllia	47.0	2346.0	74.0	2141.0	1.0	63.0	9.0	91.26172208013641	3.1543052003410095	0.0426257459505541	2.68542199488491	0.3836317135549871	11	72.81173425074289	176.36363636363637	0.9610267379679146	0.1921429090909091	0.08094045970480043	D_0__Bacteria	D_0__Bacteria;D_1__Proteobacteria	D_0__Bacteria;D_1__Proteobacteria;D_2__Gammaproteobacteria	D_0__Bacteria;D_1__Proteobacteria;D_2__Gammaproteobacteria;D_3__Oceanospirillales	D_0__Bacteria;D_1__Proteobacteria;D_2__Gammaproteobacteria;D_3__Oceanospirillales;D_4__Endozoicomonadaceae	D_0__Bacteria;D_1__Proteobacteria;D_2__Gammaproteobacteria;D_3__Oceanospirillales;D_4__Endozoicomonadaceae;D_5__Endozoicomonas	12	56.94700952176269	144.0	0.9603873403019744	0.15285783333333333	0.1574096987540278	D_0__Bacteria	D_0__Bacteria;D_1__Bacteroidetes	D_0__Bacteria;D_1__Bacteroidetes;D_2__Bacteroidia	D_0__Bacteria;D_1__Bacteroidetes;D_2__Bacteroidia;D_3__Cytophagales	D_0__Bacteria;D_1__Bacteroidetes;D_2__Bacteroidia;D_3__Cytophagales;D_4__Amoebophilaceae	D_0__Bacteria;D_1__Bacteroidetes;D_2__Bacteroidia;D_3__Cytophagales;D_4__Amoebophilaceae;D_5__Candidatus Amoebophilus	10	42.09295777390569	86.1	0.9552521739130435	0.1667492	0.16484559947741062	D_0__Bacteria	D_0__Bacteria;D_1__Proteobacteria	D_0__Bacteria;D_1__Proteobacteria;D_2__Gammaproteobacteria	D_0__Bacteria;D_1__Proteobacteria;D_2__Gammaproteobacteria;D_3__Betaproteobacteriales	D_0__Bacteria;D_1__Proteobacteria;D_2__Gammaproteobacteria;D_3__Oceanospirillales;D_4__Endozoicomonadaceae	D_0__Bacteria;D_1__Proteobacteria;D_2__Gammaproteobacteria;D_3__Oceanospirillales;D_4__Endozoicomonadaceae;D_5__Endozoicomonas	33	57.734023295708504	137.24242424242425	0.9842913223140495	0.1701623636363636	0.13417325565379531	D_0__Bacteria	D_0__Bacteria;D_1__Proteobacteria	D_0__Bacteria;D_1__Proteobacteria;D_2__Gammaproteobacteria	D_0__Bacteria;D_1__Bacteroidetes;D_2__Bacteroidia;D_3__Cytophagales	D_0__Bacteria;D_1__Proteobacteria;D_2__Gammaproteobacteria;D_3__Oceanospirillales;D_4__Endozoicomonadaceae	D_0__Bacteria;D_1__Proteobacteria;D_2__Gammaproteobacteria;D_3__Oceanospirillales;D_4__Endozoicomonadaceae;D_5__Endozoicomonas
Lobophytum	48.0	1.0	0.0	1.0	0.0	0.0	0.0	100.0	0.0	0.0	0.0	0.0	1												1												1	67.26024703421564	142.0	0.8054647887323944	0.17014000000000004	0.041390934060930765	D_0__Bacteria	D_0__Bacteria;D_1__Proteobacteria	D_0__Bacteria;D_1__Proteobacteria;D_2__Gammaproteobacteria	D_0__Bacteria;D_1__Proteobacteria;D_2__Gammaproteobacteria;D_3__Oceanospirillales	D_0__Bacteria;D_1__Proteobacteria;D_2__Gammaproteobacteria;D_3__Oceanospirillales;D_4__Endozoicomonadaceae	D_0__Bacteria;D_1__Proteobacteria;D_2__Gammaproteobacteria;D_3__Oceanospirillales;D_4__Endozoicomonadaceae;D_5__Endozoicomonas	1	67.26024703421564	142.0	0.8054647887323944	0.17014000000000004	0.041390934060930765	D_0__Bacteria	D_0__Bacteria;D_1__Proteobacteria	D_0__Bacteria;D_1__Proteobacteria;D_2__Gammaproteobacteria	D_0__Bacteria;D_1__Proteobacteria;D_2__Gammaproteobacteria;D_3__Oceanospirillales	D_0__Bacteria;D_1__Proteobacteria;D_2__Gammaproteobacteria;D_3__Oceanospirillales;D_4__Endozoicomonadaceae	D_0__Bacteria;D_1__Proteobacteria;D_2__Gammaproteobacteria;D_3__Oceanospirillales;D_4__Endozoicomonadaceae;D_5__Endozoicomonas
Madracis	49.0	1384.0	7.0	1377.0	1.0	1.0	0.0	99.4942196531792	0.505780346820809	0.0722543352601156	0.0722543352601156	0.0																																																
Manicina	50.0	181.0	2.0	179.0	0.0	0.0	0.0	98.8950276243094	1.10497237569061	0.0	0.0	0.0																																																
Meandrina	51.0	1497.0	23.0	1474.0	0.0	2.0	0.0	98.4635938543754	1.53640614562458	0.0	0.13360053440213798	0.0																																																
Merulina	52.0	915.0	12.0	781.0	0.0	3.0	9.0	85.3551912568306	1.3114754098360701	0.0	0.327868852459016	0.983606557377049	2	45.78131257324391	80.0	0.8716643356643357	0.134794	0.11130001018574293	D_0__Bacteria	D_0__Bacteria;D_1__Proteobacteria	D_0__Bacteria;D_1__Proteobacteria;D_2__Alphaproteobacteria	D_0__Bacteria;D_1__Bacteroidetes;D_2__Bacteroidia;D_3__Flavobacteriales	D_0__Bacteria;D_1__Bacteroidetes;D_2__Bacteroidia;D_3__Flavobacteriales;D_4__Flavobacteriaceae	D_0__Bacteria;D_1__Bacteroidetes;D_2__Bacteroidia;D_3__Flavobacteriales;D_4__Flavobacteriaceae;D_5__Maritimimonas	1	32.640987144004384	47.0	0.7705106382978724	0.13817800000000002	0.15397961864175808	D_0__Bacteria	D_0__Bacteria;D_1__Proteobacteria	D_0__Bacteria;D_1__Proteobacteria;D_2__Alphaproteobacteria	D_0__Bacteria;D_1__Bacteroidetes;D_2__Bacteroidia;D_3__Flavobacteriales	D_0__Bacteria;D_1__Bacteroidetes;D_2__Bacteroidia;D_3__Flavobacteriales;D_4__Flavobacteriaceae	D_0__Bacteria;D_1__Bacteroidetes;D_2__Bacteroidia;D_3__Flavobacteriales;D_4__Flavobacteriaceae;__	2	26.498415873496022	51.0	0.8197380952380953	0.140604	0.20148187318866356	D_0__Bacteria	D_0__Bacteria;D_1__Proteobacteria	D_0__Bacteria;D_1__Proteobacteria;D_2__Gammaproteobacteria	D_0__Bacteria;D_1__Proteobacteria;D_2__Gammaproteobacteria;D_3__Pseudomonadales	D_0__Bacteria;D_1__Proteobacteria;D_2__Gammaproteobacteria;D_3__Pseudomonadales;D_4__Pseudomonadaceae	D_0__Bacteria;D_1__Proteobacteria;D_2__Gammaproteobacteria;D_3__Pseudomonadales;D_4__Pseudomonadaceae;D_5__Pseudomonas	5	35.44008880749685	61.8	0.9269727699530517	0.1377948	0.1559086770781142	D_0__Bacteria	D_0__Bacteria;D_1__Proteobacteria	D_0__Bacteria;D_1__Proteobacteria;D_2__Alphaproteobacteria	D_0__Bacteria;D_1__Bacteroidetes;D_2__Bacteroidia;D_3__Flavobacteriales	D_0__Bacteria;D_1__Bacteroidetes;D_2__Bacteroidia;D_3__Flavobacteriales;D_4__Flavobacteriaceae	D_0__Bacteria;D_1__Proteobacteria;D_2__Gammaproteobacteria;D_3__Pseudomonadales;D_4__Pseudomonadaceae;D_5__Pseudomonas
Micromussa	53.0	0.0	0.0	0.0	0.0	0.0	0.0																																																					
Millepora													4	24.329816582480866	40.25	0.9374021739130435	0.4155005	0.11346359705199648	D_0__Bacteria	D_0__Bacteria;D_1__Proteobacteria	D_0__Bacteria;D_1__Proteobacteria;D_2__Alphaproteobacteria	D_0__Bacteria;D_1__Proteobacteria;D_2__Gammaproteobacteria;__	D_0__Bacteria;D_1__Proteobacteria;D_2__Gammaproteobacteria;__;__	D_0__Bacteria;D_1__Proteobacteria;D_2__Gammaproteobacteria;__;__;__	3	30.89136192073512	63.666666666666664	0.8860462427745665	0.20713666666666666	0.16505196806592162	D_0__Bacteria	D_0__Bacteria;D_1__Proteobacteria	D_0__Bacteria;D_1__Proteobacteria;D_2__Alphaproteobacteria	D_0__Bacteria;D_1__Bacteroidetes;D_2__Bacteroidia;D_3__Cytophagales	D_0__Bacteria;D_1__Proteobacteria;D_2__Gammaproteobacteria;__;__	D_0__Bacteria;D_1__Proteobacteria;D_2__Gammaproteobacteria;__;__;__	3	30.034471647692403	65.33333333333333	0.8993255360623782	0.13894066666666668	0.21844355866988993	D_0__Bacteria	D_0__Bacteria;D_1__Proteobacteria	D_0__Bacteria;D_1__Proteobacteria;D_2__Gammaproteobacteria	D_0__Bacteria;D_1__Proteobacteria;D_2__Gammaproteobacteria;D_3__Betaproteobacteriales	D_0__Bacteria;D_1__Proteobacteria;D_2__Alphaproteobacteria;D_3__Sphingomonadales;D_4__Sphingomonadaceae	D_0__Bacteria;D_1__Proteobacteria;D_2__Alphaproteobacteria;D_3__Sphingomonadales;D_4__Sphingomonadaceae;D_5__Sphingobium	10	28.009676703520604	54.8	0.9631111675126902	0.2700234	0.16043409684154208	D_0__Bacteria	D_0__Bacteria;D_1__Proteobacteria	D_0__Bacteria;D_1__Proteobacteria;D_2__Alphaproteobacteria	D_0__Bacteria;D_1__Proteobacteria;D_2__Gammaproteobacteria;__	D_0__Bacteria;D_1__Proteobacteria;D_2__Gammaproteobacteria;__;__	D_0__Bacteria;D_1__Proteobacteria;D_2__Gammaproteobacteria;__;__;__
Montastraea	54.0	11339.0	233.0	11106.0	18.0	19.0	0.0	97.9451450745216	2.05485492547844	0.15874415733309802	0.167563277184937	0.0																																																
Montipora	55.0	96439.0	9324.0	85831.0	277.0	554.0	54.0	89.0003007082197	9.66828772592001	0.287228196061759	0.5744563921235191	0.0559939443586101	4	59.63681273844311	122.5	0.9058708133971293	0.23429999999999998	0.10334307831996868	D_0__Bacteria	D_0__Bacteria;D_1__Proteobacteria	D_0__Bacteria;D_1__Proteobacteria;D_2__Gammaproteobacteria	D_0__Bacteria;D_1__Proteobacteria;D_2__Gammaproteobacteria;__	D_0__Bacteria;D_1__Proteobacteria;D_2__Gammaproteobacteria;__;__	D_0__Bacteria;D_1__Proteobacteria;D_2__Gammaproteobacteria;__;__;__	4	19.596247613766685	42.0	0.9127017543859648	0.27058750000000004	0.15573761579928	D_0__Bacteria	D_0__Bacteria;D_1__Proteobacteria	D_0__Bacteria;D_1__Proteobacteria;D_2__Gammaproteobacteria	D_0__Bacteria;D_1__Proteobacteria;D_2__Deltaproteobacteria;D_3__Myxococcales	D_0__Bacteria;D_1__Proteobacteria;D_2__Deltaproteobacteria;D_3__Myxococcales;D_4__P3OB-42	D_0__Bacteria;D_1__Proteobacteria;D_2__Deltaproteobacteria;D_3__Myxococcales;D_4__P3OB-42;D_5__uncultured bacterium	1	21.700293955778204	36.0	0.7521111111111112	0.15121800000000002	0.18369359320833356	D_0__Bacteria	D_0__Bacteria;D_1__Proteobacteria	D_0__Bacteria;D_1__Proteobacteria;D_2__Alphaproteobacteria	D_0__Bacteria;D_1__Proteobacteria;D_2__Alphaproteobacteria;D_3__Sphingomonadales	D_0__Bacteria;D_1__Proteobacteria;D_2__Alphaproteobacteria;D_3__Sphingomonadales;D_4__Sphingomonadaceae	D_0__Bacteria;D_1__Proteobacteria;D_2__Alphaproteobacteria;D_3__Sphingomonadales;D_4__Sphingomonadaceae;D_5__Sphingobium	9	37.62583726273527	77.11111111111111	0.9556167097329887	0.24119644444444446	0.1355573744094809	D_0__Bacteria	D_0__Bacteria;D_1__Proteobacteria	D_0__Bacteria;D_1__Proteobacteria;D_2__Gammaproteobacteria	D_0__Bacteria;D_1__Proteobacteria;D_2__Gammaproteobacteria;D_3__Betaproteobacteriales	D_0__Bacteria;D_1__Proteobacteria;D_2__Deltaproteobacteria;D_3__Myxococcales;D_4__P3OB-42	D_0__Bacteria;D_1__Proteobacteria;D_2__Deltaproteobacteria;D_3__Myxococcales;D_4__P3OB-42;D_5__uncultured bacterium
Moseleya	56.0	49.0	0.0	48.0	0.0	0.0	0.0	97.95918367346941	0.0	0.0	0.0	0.0																																																
Mussa	57.0	159.0	3.0	156.0	0.0	1.0	0.0	98.1132075471698	1.88679245283019	0.0	0.628930817610063	0.0																																																
Mycedium	58.0	498.0	6.0	472.0	0.0	3.0	1.0	94.7791164658635	1.20481927710843	0.0	0.602409638554217	0.200803212851406																																																
Mycetophyllia	59.0	653.0	5.0	648.0	0.0	0.0	0.0	99.23430321592649	0.765696784073507	0.0	0.0	0.0																																																
Oculina	60.0	733.0	3.0	730.0	0.0	1.0	0.0	99.5907230559345	0.40927694406548404	0.0	0.13642564802182802	0.0																																																
Orbicella	61.0	5158.0	171.0	4987.0	5.0	47.0	0.0	96.6847615354789	3.31523846452113	0.0969367972082202	0.91120589375727	0.0																																																
Oulophyllia	62.0	117.0	0.0	115.0	0.0	0.0	0.0	98.2905982905983	0.0	0.0	0.0	0.0																																																
Oxypora	63.0	713.0	8.0	676.0	1.0	4.0	1.0	94.8106591865358	1.1220196353436203	0.140252454417952	0.561009817671809	0.140252454417952																																																
Pachyseris	64.0	1423.0	42.0	1227.0	17.0	8.0	16.0	86.2262825017569	2.95151089248067	1.19465917076599	0.5621925509486999	1.1243851018973998	6	48.33787548909515	103.0	0.9264907773386034	0.09075233333333334	0.18645372889779357	D_0__Bacteria	D_0__Bacteria;D_1__Proteobacteria	D_0__Bacteria;D_1__Proteobacteria;D_2__Alphaproteobacteria	D_0__Bacteria;D_1__Proteobacteria;D_2__Gammaproteobacteria;D_3__Betaproteobacteriales	D_0__Bacteria;D_1__Proteobacteria;D_2__Gammaproteobacteria;D_3__Betaproteobacteriales;D_4__Burkholderiaceae	D_0__Bacteria;D_1__Proteobacteria;D_2__Gammaproteobacteria;D_3__Betaproteobacteriales;D_4__Burkholderiaceae;D_5__Aquabacterium	6	40.401224415855616	92.33333333333333	0.9313458149779735	0.09350266666666666	0.19014326575481674	D_0__Bacteria	D_0__Bacteria;D_1__Proteobacteria	D_0__Bacteria;D_1__Proteobacteria;D_2__Gammaproteobacteria	D_0__Bacteria;D_1__Proteobacteria;D_2__Gammaproteobacteria;D_3__Betaproteobacteriales	D_0__Bacteria;D_1__Proteobacteria;D_2__Gammaproteobacteria;D_3__Pseudomonadales;D_4__Pseudomonadaceae	D_0__Bacteria;D_1__Proteobacteria;D_2__Gammaproteobacteria;D_3__Pseudomonadales;D_4__Pseudomonadaceae;D_5__Pseudomonas	4	57.47669196219441	131.75	0.8971020881670534	0.06917	0.17317257076273584	D_0__Bacteria	D_0__Bacteria;D_1__Proteobacteria	D_0__Bacteria;D_1__Proteobacteria;D_2__Gammaproteobacteria	D_0__Bacteria;D_1__Proteobacteria;D_2__Gammaproteobacteria;D_3__Betaproteobacteriales	D_0__Bacteria;D_1__Cyanobacteria;D_2__Oxyphotobacteria;D_3__Synechococcales;D_4__Cyanobiaceae	D_0__Bacteria;D_1__Cyanobacteria;D_2__Oxyphotobacteria;D_3__Synechococcales;D_4__Cyanobiaceae;D_5__Synechococcus CC9902	16	47.646335454905135	106.1875	0.969824157764996	0.08638812500000001	0.18451701568541284	D_0__Bacteria	D_0__Bacteria;D_1__Proteobacteria	D_0__Bacteria;D_1__Proteobacteria;D_2__Gammaproteobacteria	D_0__Bacteria;D_1__Proteobacteria;D_2__Gammaproteobacteria;D_3__Betaproteobacteriales	D_0__Bacteria;D_1__Proteobacteria;D_2__Gammaproteobacteria;D_3__Betaproteobacteriales;D_4__Burkholderiaceae	D_0__Bacteria;D_1__Proteobacteria;D_2__Gammaproteobacteria;D_3__Betaproteobacteriales;D_4__Burkholderiaceae;D_5__Aquabacterium
Palauastrea	65.0	43.0	0.0	42.0	0.0	0.0	0.0	97.67441860465121	0.0	0.0	0.0	0.0																																																
Palythoa	66.0	4081.0	15.0	4066.0	0.0	0.0	0.0	99.63244302866941	0.36755697133055604	0.0	0.0	0.0	4	104.31297986732086	276.0	0.8777754367934224	0.2571435	0.054033250543422735	D_0__Bacteria	D_0__Bacteria;D_1__Proteobacteria	D_0__Bacteria;D_1__Proteobacteria;D_2__Gammaproteobacteria	D_0__Bacteria;D_1__Proteobacteria;D_2__Gammaproteobacteria;D_3__Oceanospirillales	D_0__Bacteria;D_1__Proteobacteria;D_2__Gammaproteobacteria;D_3__Oceanospirillales;D_4__Endozoicomonadaceae	D_0__Bacteria;D_1__Proteobacteria;D_2__Gammaproteobacteria;D_3__Oceanospirillales;D_4__Endozoicomonadaceae;D_5__Endozoicomonas	4	80.13019157127451	224.75	0.8727509554140127	0.178267	0.16098448042719962	D_0__Bacteria	D_0__Bacteria;D_1__Proteobacteria	D_0__Bacteria;D_1__Proteobacteria;D_2__Gammaproteobacteria	D_0__Bacteria;D_1__Proteobacteria;D_2__Gammaproteobacteria;D_3__Oceanospirillales	D_0__Bacteria;D_1__Proteobacteria;D_2__Gammaproteobacteria;D_3__Oceanospirillales;D_4__Endozoicomonadaceae	D_0__Bacteria;D_1__Proteobacteria;D_2__Gammaproteobacteria;D_3__Oceanospirillales;D_4__Endozoicomonadaceae;D_5__Endozoicomonas	4	43.901698255462335	100.75	0.9183593750000001	0.1551305	0.13853658626379586	D_0__Bacteria	D_0__Bacteria;D_1__Proteobacteria	D_0__Bacteria;D_1__Proteobacteria;D_2__Alphaproteobacteria	D_0__Bacteria;D_1__Tenericutes;D_2__Mollicutes;D_3__Entomoplasmatales	D_0__Bacteria;D_1__Tenericutes;D_2__Mollicutes;D_3__Entomoplasmatales;D_4__Spiroplasmataceae	D_0__Bacteria;D_1__Tenericutes;D_2__Mollicutes;D_3__Entomoplasmatales;D_4__Spiroplasmataceae;D_5__Spiroplasma	12	76.1149565646859	200.5	0.9547104829857297	0.19684700000000002	0.11785143907813943	D_0__Bacteria	D_0__Bacteria;D_1__Proteobacteria	D_0__Bacteria;D_1__Proteobacteria;D_2__Gammaproteobacteria	D_0__Bacteria;D_1__Proteobacteria;D_2__Gammaproteobacteria;D_3__Oceanospirillales	D_0__Bacteria;D_1__Proteobacteria;D_2__Gammaproteobacteria;D_3__Oceanospirillales;D_4__Endozoicomonadaceae	D_0__Bacteria;D_1__Proteobacteria;D_2__Gammaproteobacteria;D_3__Oceanospirillales;D_4__Endozoicomonadaceae;D_5__Endozoicomonas
Paraclavarina	67.0	13.0	0.0	13.0	0.0	0.0	0.0	100.0	0.0	0.0	0.0	0.0																																																
Paramontastraea	68.0	838.0	2.0	782.0	0.0	1.0	1.0	93.3174224343675	0.238663484486874	0.0	0.119331742243437	0.119331742243437																																																
Pavona	69.0	9246.0	404.0	8679.0	1.0	4.0	26.0	93.8676184295912	4.36945706251352	0.0108154877784988	0.0432619511139952	0.281202682240969	7	120.91320618313837	340.7142857142857	0.9197846770155234	0.06629857142857144	0.10013693206077634	D_0__Bacteria	D_0__Bacteria;D_1__Proteobacteria	D_0__Bacteria;D_1__Proteobacteria;D_2__Alphaproteobacteria	D_0__Bacteria;D_1__Cyanobacteria;D_2__Oxyphotobacteria;D_3__Nostocales	D_0__Bacteria;D_1__Tenericutes;D_2__Mollicutes;D_3__Entomoplasmatales;D_4__Spiroplasmataceae	D_0__Bacteria;D_1__Tenericutes;D_2__Mollicutes;D_3__Entomoplasmatales;D_4__Spiroplasmataceae;D_5__Spiroplasma	11	86.9816428901275	229.36363636363637	0.950455647990378	0.03862072727272728	0.17309177687604013	D_0__Bacteria	D_0__Bacteria;D_1__Proteobacteria	D_0__Bacteria;D_1__Proteobacteria;D_2__Alphaproteobacteria	D_0__Bacteria;D_1__Bacteroidetes;D_2__Bacteroidia;D_3__Cytophagales	D_0__Bacteria;D_1__Bacteroidetes;D_2__Bacteroidia;D_3__Cytophagales;D_4__Amoebophilaceae	D_0__Bacteria;D_1__Bacteroidetes;D_2__Bacteroidia;D_3__Cytophagales;D_4__Amoebophilaceae;D_5__Candidatus Amoebophilus	9	61.79351041094296	148.88888888888889	0.9430254161043634	0.08201755555555554	0.17903919812750616	D_0__Bacteria	D_0__Bacteria;D_1__Proteobacteria	D_0__Bacteria;D_1__Proteobacteria;D_2__Gammaproteobacteria	D_0__Bacteria;D_1__Proteobacteria;D_2__Gammaproteobacteria;D_3__Betaproteobacteriales	D_0__Bacteria;D_1__Proteobacteria;D_2__Gammaproteobacteria;D_3__Betaproteobacteriales;D_4__Burkholderiaceae	D_0__Bacteria;D_1__Proteobacteria;D_2__Gammaproteobacteria;D_3__Pseudomonadales;D_4__Pseudomonadaceae;D_5__Pseudomonas	27	87.38267069525399	231.40740740740742	0.9760006237044374	0.06026207407407407	0.15616003160034927	D_0__Bacteria	D_0__Bacteria;D_1__Proteobacteria	D_0__Bacteria;D_1__Proteobacteria;D_2__Alphaproteobacteria	D_0__Bacteria;D_1__Bacteroidetes;D_2__Bacteroidia;D_3__Cytophagales	D_0__Bacteria;D_1__Proteobacteria;D_2__Alphaproteobacteria;D_3__Rhodobacterales;D_4__Rhodobacteraceae	D_0__Bacteria;D_1__Bacteroidetes;D_2__Bacteroidia;D_3__Cytophagales;D_4__Amoebophilaceae;D_5__Candidatus Amoebophilus
Pectinia	70.0	962.0	37.0	831.0	0.0	31.0	6.0	86.38253638253641	3.84615384615385	0.0	3.2224532224532205	0.6237006237006241																																																
Phyllangia	71.0	2.0	0.0	2.0	0.0	0.0	0.0	100.0	0.0	0.0	0.0	0.0																																																
Physogyra	72.0	21.0	0.0	21.0	0.0	0.0	0.0	100.0	0.0	0.0	0.0	0.0	5	27.30306590863941	52.2	0.9309218274111675	0.1326556	0.18110481292638608	D_0__Bacteria	D_0__Bacteria;D_1__Proteobacteria	D_0__Bacteria;D_1__Proteobacteria;D_2__Gammaproteobacteria	D_0__Bacteria;D_1__Proteobacteria;D_2__Alphaproteobacteria;D_3__Sphingomonadales	D_0__Bacteria;D_1__Proteobacteria;D_2__Alphaproteobacteria;D_3__Sphingomonadales;D_4__Sphingomonadaceae	D_0__Bacteria;D_1__Proteobacteria;D_2__Alphaproteobacteria;D_3__Sphingomonadales;D_4__Sphingomonadaceae;D_5__Sphingobium	5	94.81239703968873	254.4	0.8923492666091459	0.05796000000000001	0.202980546720177	D_0__Bacteria	D_0__Bacteria;D_1__Proteobacteria	D_0__Bacteria;D_1__Proteobacteria;D_2__Alphaproteobacteria	D_0__Bacteria;D_1__Proteobacteria;D_2__Alphaproteobacteria;D_3__Rhizobiales	D_0__Bacteria;D_1__Proteobacteria;D_2__Alphaproteobacteria;D_3__Dstr-E11;D_4__uncultured alpha proteobacterium	D_0__Bacteria;D_1__Proteobacteria;D_2__Alphaproteobacteria;D_3__Dstr-E11;D_4__uncultured alpha proteobacterium;D_5__uncultured alpha proteobacterium	5	24.236121461455184	51.0	0.913909090909091	0.105436	0.20766824955132107	D_0__Bacteria	D_0__Bacteria;D_1__Proteobacteria	D_0__Bacteria;D_1__Proteobacteria;D_2__Gammaproteobacteria	D_0__Bacteria;D_1__Proteobacteria;D_2__Gammaproteobacteria;D_3__Betaproteobacteriales	D_0__Bacteria;D_1__Proteobacteria;D_2__Alphaproteobacteria;D_3__Sphingomonadales;D_4__Sphingomonadaceae	D_0__Bacteria;D_1__Proteobacteria;D_2__Alphaproteobacteria;D_3__Sphingomonadales;D_4__Sphingomonadaceae;D_5__Sphingobium	15	48.78386146992776	119.2	0.9644117756142792	0.09868386666666665	0.19725120306596142	D_0__Bacteria	D_0__Bacteria;D_1__Proteobacteria	D_0__Bacteria;D_1__Proteobacteria;D_2__Alphaproteobacteria	D_0__Bacteria;D_1__Proteobacteria;D_2__Gammaproteobacteria;D_3__Betaproteobacteriales	D_0__Bacteria;D_1__Proteobacteria;D_2__Alphaproteobacteria;D_3__Sphingomonadales;D_4__Sphingomonadaceae	D_0__Bacteria;D_1__Proteobacteria;D_2__Alphaproteobacteria;D_3__Sphingomonadales;D_4__Sphingomonadaceae;D_5__Sphingobium
Platygyra	73.0	1545.0	19.0	1446.0	0.0	15.0	3.0	93.5922330097087	1.2297734627831698	0.0	0.9708737864077671	0.194174757281553	3	32.96953710232976	57.666666666666664	0.9372230215827337	0.4478713333333333	0.04409457324279198	D_0__Bacteria	D_0__Bacteria;D_1__Proteobacteria	D_0__Bacteria;D_1__Proteobacteria;D_2__Gammaproteobacteria	D_0__Bacteria;D_1__Proteobacteria;D_2__Alphaproteobacteria;D_3__Rhizobiales	D_0__Bacteria;D_1__Proteobacteria;D_2__Alphaproteobacteria;D_3__Rhizobiales;D_4__Rhizobiaceae	D_0__Bacteria;D_1__Proteobacteria;D_2__Alphaproteobacteria;D_3__Rhizobiales;D_4__Rhizobiaceae;__	3	21.159521129960407	33.666666666666664	0.864811965811966	0.11820333333333337	0.26741278170688976	D_0__Bacteria	D_0__Bacteria;D_1__Bacteroidetes	D_0__Bacteria;D_1__Bacteroidetes;D_2__Bacteroidia	D_0__Bacteria;D_1__Bacteroidetes;D_2__Bacteroidia;D_3__Cytophagales	D_0__Bacteria;D_1__Bacteroidetes;D_2__Bacteroidia;D_3__Cytophagales;D_4__Amoebophilaceae	D_0__Bacteria;D_1__Bacteroidetes;D_2__Bacteroidia;D_3__Cytophagales;D_4__Amoebophilaceae;D_5__Candidatus Amoebophilus	2	38.947453699976336	88.0	0.8510487804878049	0.085194	0.17694448907356797	D_0__Bacteria	D_0__Bacteria;D_1__Proteobacteria	D_0__Bacteria;D_1__Proteobacteria;D_2__Alphaproteobacteria	D_0__Bacteria;D_1__Proteobacteria;D_2__Alphaproteobacteria;D_3__Sphingomonadales	D_0__Bacteria;D_1__Proteobacteria;D_2__Alphaproteobacteria;D_3__Sphingomonadales;D_4__Sphingomonadaceae	D_0__Bacteria;D_1__Proteobacteria;D_2__Alphaproteobacteria;D_3__Sphingomonadales;D_4__Sphingomonadaceae;D_5__Sphingobium	8	30.0352602621029	56.25	0.955702657807309	0.23357650000000002	0.16105138037452266	D_0__Bacteria	D_0__Bacteria;D_1__Proteobacteria	D_0__Bacteria;D_1__Proteobacteria;D_2__Gammaproteobacteria	D_0__Bacteria;D_1__Bacteroidetes;D_2__Bacteroidia;D_3__Cytophagales	D_0__Bacteria;D_1__Proteobacteria;D_2__Alphaproteobacteria;D_3__Rhizobiales;D_4__Rhizobiaceae	D_0__Bacteria;D_1__Proteobacteria;D_2__Alphaproteobacteria;D_3__Rhizobiales;D_4__Rhizobiaceae;__
Plerogyra	74.0	28.0	0.0	27.0	0.0	0.0	0.0	96.42857142857142	0.0	0.0	0.0	0.0																																																
Pocillopora	75.0	34114.0	1989.0	31695.0	7.0	11.0	65.0	92.9090695901976	5.83045084129683	0.0205194348361377	0.0322448261710735	0.190537609192707	8	29.97549523696808	50.375	0.9690210280373832	0.37660399999999994	0.18225877685418262	D_0__Bacteria	D_0__Bacteria;D_1__Proteobacteria	D_0__Bacteria;D_1__Proteobacteria;D_2__Gammaproteobacteria	D_0__Bacteria;D_1__Proteobacteria;D_2__Gammaproteobacteria;D_3__Oceanospirillales	D_0__Bacteria;D_1__Proteobacteria;D_2__Gammaproteobacteria;D_3__Oceanospirillales;D_4__Endozoicomonadaceae	D_0__Bacteria;D_1__Proteobacteria;D_2__Gammaproteobacteria;D_3__Oceanospirillales;D_4__Endozoicomonadaceae;D_5__Endozoicomonas	7	46.654184944955155	102.28571428571429	0.9474558058925477	0.19885771428571433	0.146612985426094	D_0__Bacteria	D_0__Bacteria;D_1__Proteobacteria	D_0__Bacteria;D_1__Proteobacteria;D_2__Gammaproteobacteria	D_0__Bacteria;D_1__Proteobacteria;D_2__Gammaproteobacteria;D_3__Oceanospirillales	D_0__Bacteria;D_1__Proteobacteria;D_2__Gammaproteobacteria;D_3__Oceanospirillales;D_4__Endozoicomonadaceae	D_0__Bacteria;D_1__Proteobacteria;D_2__Gammaproteobacteria;D_3__Oceanospirillales;D_4__Endozoicomonadaceae;D_5__Endozoicomonas	6	19.35408485989254	40.333333333333336	0.9199760348583877	0.12395600000000001	0.22140888950865803	D_0__Bacteria	D_0__Bacteria;D_1__Proteobacteria	D_0__Bacteria;D_1__Proteobacteria;D_2__Gammaproteobacteria	D_0__Bacteria;D_1__Proteobacteria;D_2__Gammaproteobacteria;D_3__Pseudomonadales	D_0__Bacteria;D_1__Proteobacteria;D_2__Gammaproteobacteria;D_3__Pseudomonadales;D_4__Pseudomonadaceae	D_0__Bacteria;D_1__Proteobacteria;D_2__Gammaproteobacteria;D_3__Pseudomonadales;D_4__Pseudomonadaceae;D_5__Pseudomonas	21	32.50036979379934	64.80952380952381	0.9804798247020469	0.24517009523809521	0.18156259285086038	D_0__Bacteria	D_0__Bacteria;D_1__Proteobacteria	D_0__Bacteria;D_1__Proteobacteria;D_2__Gammaproteobacteria	D_0__Bacteria;D_1__Proteobacteria;D_2__Gammaproteobacteria;D_3__Oceanospirillales	D_0__Bacteria;D_1__Proteobacteria;D_2__Gammaproteobacteria;D_3__Oceanospirillales;D_4__Endozoicomonadaceae	D_0__Bacteria;D_1__Proteobacteria;D_2__Gammaproteobacteria;D_3__Oceanospirillales;D_4__Endozoicomonadaceae;D_5__Endozoicomonas
Podabacia	76.0	65.0	0.0	57.0	0.0	0.0	0.0	87.69230769230771	0.0	0.0	0.0	0.0																																																
Polyphyllia	77.0	5.0	0.0	5.0	0.0	0.0	0.0	100.0	0.0	0.0	0.0	0.0																																																
Porites	78.0	213572.0	35275.0	174893.0	61.0	252.0	106.0	81.8894798943682	16.516678216245598	0.0285617964901766	0.117992995336467	0.0496319742288315	13	36.52049006104716	72.07692307692308	0.9756171956915451	0.5631013846153846	0.09118277538385801	D_0__Bacteria	D_0__Bacteria;D_1__Proteobacteria	D_0__Bacteria;D_1__Proteobacteria;D_2__Gammaproteobacteria	D_0__Bacteria;D_1__Proteobacteria;D_2__Gammaproteobacteria;D_3__Oceanospirillales	D_0__Bacteria;D_1__Proteobacteria;D_2__Gammaproteobacteria;D_3__Oceanospirillales;D_4__Endozoicomonadaceae	D_0__Bacteria;D_1__Proteobacteria;D_2__Gammaproteobacteria;D_3__Oceanospirillales;D_4__Endozoicomonadaceae;D_5__Endozoicomonas	12	56.881928150657494	123.0	0.9629213197969544	0.1410065	0.16473331739626598	D_0__Bacteria	D_0__Bacteria;D_1__Proteobacteria	D_0__Bacteria;D_1__Proteobacteria;D_2__Alphaproteobacteria	D_0__Bacteria;D_1__Actinobacteria;D_2__Actinobacteria;D_3__Micrococcales	D_0__Bacteria;D_1__Actinobacteria;D_2__Actinobacteria;D_3__Micrococcales;D_4__Promicromonosporaceae	D_0__Bacteria;D_1__Actinobacteria;D_2__Actinobacteria;D_3__Micrococcales;D_4__Promicromonosporaceae;D_5__Cellulosimicrobium	10	28.894315004331673	60.6	0.9580924024640657	0.3864447999999999	0.18726159290806357	D_0__Bacteria	D_0__Bacteria;D_1__Proteobacteria	D_0__Bacteria;D_1__Proteobacteria;D_2__Gammaproteobacteria	D_0__Bacteria;D_1__Proteobacteria;D_2__Gammaproteobacteria;D_3__Oceanospirillales	D_0__Bacteria;D_1__Proteobacteria;D_2__Gammaproteobacteria;D_3__Oceanospirillales;D_4__Endozoicomonadaceae	D_0__Bacteria;D_1__Proteobacteria;D_2__Gammaproteobacteria;D_3__Oceanospirillales;D_4__Endozoicomonadaceae;D_5__Endozoicomonas	35	41.322647389851994	86.25714285714285	0.986966166457328	0.3679098285714286	0.14385119479502803	D_0__Bacteria	D_0__Bacteria;D_1__Proteobacteria	D_0__Bacteria;D_1__Proteobacteria;D_2__Gammaproteobacteria	D_0__Bacteria;D_1__Proteobacteria;D_2__Gammaproteobacteria;D_3__Oceanospirillales	D_0__Bacteria;D_1__Proteobacteria;D_2__Gammaproteobacteria;D_3__Oceanospirillales;D_4__Endozoicomonadaceae	D_0__Bacteria;D_1__Proteobacteria;D_2__Gammaproteobacteria;D_3__Oceanospirillales;D_4__Endozoicomonadaceae;D_5__Endozoicomonas
Protopalythoa	79.0	6.0	0.0	6.0	0.0	0.0	0.0	100.0	0.0	0.0	0.0	0.0																																																
Psammocora	80.0	1373.0	170.0	1176.0	1.0	1.0	0.0	85.6518572469046	12.3816460305899	0.0728332119446468	0.0728332119446468	0.0	1	14.268701193324704	21.0	0.8843809523809524	0.9545600000000001	0.04988586114968952	D_0__Bacteria	D_0__Bacteria;D_1__Proteobacteria	D_0__Bacteria;D_1__Proteobacteria;D_2__Gammaproteobacteria	D_0__Bacteria;D_1__Proteobacteria;D_2__Gammaproteobacteria;D_3__Oceanospirillales	D_0__Bacteria;D_1__Proteobacteria;D_2__Gammaproteobacteria;D_3__Oceanospirillales;D_4__Endozoicomonadaceae	D_0__Bacteria;D_1__Proteobacteria;D_2__Gammaproteobacteria;D_3__Oceanospirillales;D_4__Endozoicomonadaceae;D_5__Endozoicomonas	2	76.67782383228527	209.5	0.7847625899280576	0.21193600000000004	0.10679105376835549	D_0__Bacteria	D_0__Bacteria;D_1__Proteobacteria	D_0__Bacteria;D_1__Chlamydiae;D_2__Chlamydiae	D_0__Bacteria;D_1__Chlamydiae;D_2__Chlamydiae;D_3__Chlamydiales	D_0__Bacteria;D_1__Chlamydiae;D_2__Chlamydiae;D_3__Chlamydiales;D_4__cvE6	D_0__Bacteria;D_1__Chlamydiae;D_2__Chlamydiae;D_3__Chlamydiales;D_4__cvE6;__	2	50.064577532657275	101.5	0.8865897435897436	0.296044	0.1419611433404663	D_0__Bacteria	D_0__Bacteria;D_1__Proteobacteria	D_0__Bacteria;D_1__Proteobacteria;D_2__Gammaproteobacteria	D_0__Bacteria;D_1__Proteobacteria;D_2__Gammaproteobacteria;D_3__Oceanospirillales	D_0__Bacteria;D_1__Proteobacteria;D_2__Gammaproteobacteria;D_3__Oceanospirillales;D_4__Endozoicomonadaceae	D_0__Bacteria;D_1__Proteobacteria;D_2__Gammaproteobacteria;D_3__Oceanospirillales;D_4__Endozoicomonadaceae;D_5__Endozoicomonas	6	46.02498874920764	108.83333333333333	0.9382686084142394	0.420412	0.12142757167003358	D_0__Bacteria	D_0__Bacteria;D_1__Proteobacteria	D_0__Bacteria;D_1__Proteobacteria;D_2__Gammaproteobacteria	D_0__Bacteria;D_1__Proteobacteria;D_2__Gammaproteobacteria;D_3__Oceanospirillales	D_0__Bacteria;D_1__Proteobacteria;D_2__Gammaproteobacteria;D_3__Oceanospirillales;D_4__Endozoicomonadaceae	D_0__Bacteria;D_1__Proteobacteria;D_2__Gammaproteobacteria;D_3__Oceanospirillales;D_4__Endozoicomonadaceae;D_5__Endozoicomonas
Pseudodiploria	81.0	2634.0	34.0	2600.0	4.0	5.0	0.0	98.70918754745631	1.29081245254366	0.151860288534548	0.18982536066818498	0.0																																																
Sandolitha	82.0	59.0	0.0	46.0	0.0	0.0	0.0	77.9661016949153	0.0	0.0	0.0	0.0																																																
Sarcothelia	83.0	8.0	0.0	8.0	0.0	0.0	0.0	100.0	0.0	0.0	0.0	0.0																																																
Scolymia	84.0	417.0	1.0	413.0	0.0	0.0	0.0	99.0407673860911	0.239808153477218	0.0	0.0	0.0																																																
Seriatopora	85.0	1640.0	84.0	1314.0	6.0	10.0	67.0	80.12195121951221	5.121951219512201	0.365853658536585	0.609756097560976	4.085365853658541	4	33.5397670691799	48.75	0.9294206896551724	0.17703	0.12568194699133411	D_0__Bacteria	D_0__Bacteria;D_1__Proteobacteria	D_0__Bacteria;D_1__Proteobacteria;D_2__Gammaproteobacteria	Unassigned;__;__;__	Unassigned;__;__;__;__	Unassigned;__;__;__;__;__	6	52.85304440770239	116.16666666666667	0.9269131415679638	0.18209733333333333	0.1504159104654005	D_0__Bacteria	D_0__Bacteria;D_1__Proteobacteria	D_0__Bacteria;D_1__Proteobacteria;D_2__Alphaproteobacteria	D_0__Bacteria;D_1__Proteobacteria;D_2__Alphaproteobacteria;D_3__Rhodobacterales	D_0__Bacteria;D_1__Proteobacteria;D_2__Alphaproteobacteria;D_3__Rhodobacterales;D_4__Rhodobacteraceae	D_0__Bacteria;D_1__Proteobacteria;D_2__Alphaproteobacteria;D_3__Rhodobacterales;D_4__Rhodobacteraceae;__	2	28.353001213448543	52.0	0.815288888888889	0.130976	0.20801307640675115	D_0__Bacteria	D_0__Bacteria;D_1__Proteobacteria	D_0__Bacteria;D_1__Proteobacteria;D_2__Gammaproteobacteria	D_0__Bacteria;D_1__Proteobacteria;D_2__Gammaproteobacteria;D_3__Pseudomonadales	D_0__Bacteria;D_1__Proteobacteria;D_2__Gammaproteobacteria;D_3__Pseudomonadales;D_4__Pseudomonadaceae	D_0__Bacteria;D_1__Proteobacteria;D_2__Gammaproteobacteria;D_3__Pseudomonadales;D_4__Pseudomonadaceae;D_5__Pseudomonas	12	42.331944762485925	83.0	0.9627125279642058	0.171888	0.15177078363093682	D_0__Bacteria	D_0__Bacteria;D_1__Proteobacteria	D_0__Bacteria;D_1__Proteobacteria;D_2__Alphaproteobacteria	D_0__Bacteria;D_1__Proteobacteria;D_2__Gammaproteobacteria;D_3__Betaproteobacteriales	D_0__Bacteria;D_1__Proteobacteria;D_2__Gammaproteobacteria;D_3__Betaproteobacteriales;D_4__Burkholderiaceae	D_0__Bacteria;D_1__Proteobacteria;D_2__Gammaproteobacteria;D_3__Pseudomonadales;D_4__Pseudomonadaceae;D_5__Pseudomonas
Siderastrea	86.0	52771.0	1962.0	50809.0	38.0	16.0	0.0	96.2820488525895	3.71795114741051	0.0720092475033636	0.030319683159311	0.0																																																
Sinularia	87.0	18.0	0.0	18.0	0.0	0.0	0.0	100.0	0.0	0.0	0.0	0.0																																																
Solenastrea	88.0	2059.0	40.0	2019.0	1.0	5.0	0.0	98.0573093734823	1.9426906265177302	0.0485672656629432	0.242836328314716	0.0																																																
Sponge	89.0	1.0	0.0	1.0	0.0	0.0	0.0	100.0	0.0	0.0	0.0	0.0																																																
Stephanocoenia	90.0	20319.0	429.0	19890.0	1.0	21.0	0.0	97.88867562380041	2.11132437619962	0.00492150204242335	0.10335154289089	0.0																																																
Stylocoeniella	91.0	1.0	0.0	1.0	0.0	0.0	0.0	100.0	0.0	0.0	0.0	0.0																																																
Stylophora	92.0	895.0	33.0	710.0	4.0	3.0	26.0	79.3296089385475	3.6871508379888303	0.446927374301676	0.335195530726257	2.90502793296089	5	18.45391614469232	29.2	0.9610423076923077	0.7165104	0.056487919476453166	D_0__Bacteria	D_0__Bacteria;D_1__Proteobacteria	D_0__Bacteria;D_1__Proteobacteria;D_2__Gammaproteobacteria	D_0__Bacteria;D_1__Proteobacteria;D_2__Gammaproteobacteria;D_3__Oceanospirillales	D_0__Bacteria;D_1__Proteobacteria;D_2__Gammaproteobacteria;D_3__Oceanospirillales;D_4__Endozoicomonadaceae	D_0__Bacteria;D_1__Proteobacteria;D_2__Gammaproteobacteria;D_3__Oceanospirillales;D_4__Endozoicomonadaceae;D_5__Endozoicomonas	9	35.02710783044939	66.77777777777777	0.9563101632438126	0.22430644444444445	0.12036014291547018	D_0__Bacteria	D_0__Bacteria;D_1__Proteobacteria	D_0__Bacteria;D_1__Bacteroidetes;D_2__Bacteroidia	D_0__Bacteria;D_1__Bacteroidetes;D_2__Bacteroidia;D_3__Cytophagales	D_0__Bacteria;D_1__Bacteroidetes;D_2__Bacteroidia;D_3__Cytophagales;D_4__Amoebophilaceae	D_0__Bacteria;D_1__Bacteroidetes;D_2__Bacteroidia;D_3__Cytophagales;D_4__Amoebophilaceae;D_5__Candidatus Amoebophilus	5	44.364367251246385	94.8	0.9261141361256545	0.2081144	0.16053728487236468	D_0__Bacteria	D_0__Bacteria;D_1__Proteobacteria	D_0__Bacteria;D_1__Proteobacteria;D_2__Gammaproteobacteria	D_0__Bacteria;D_1__Proteobacteria;D_2__Gammaproteobacteria;D_3__Oceanospirillales	D_0__Bacteria;D_1__Proteobacteria;D_2__Gammaproteobacteria;D_3__Oceanospirillales;D_4__Endozoicomonadaceae	D_0__Bacteria;D_1__Proteobacteria;D_2__Gammaproteobacteria;D_3__Oceanospirillales;D_4__Endozoicomonadaceae;D_5__Endozoicomonas	19	33.12291512914411	64.26315789473684	0.9784930678756817	0.34957273684210527	0.1141245951570169	D_0__Bacteria	D_0__Bacteria;D_1__Proteobacteria	D_0__Bacteria;D_1__Proteobacteria;D_2__Gammaproteobacteria	D_0__Bacteria;D_1__Proteobacteria;D_2__Gammaproteobacteria;D_3__Oceanospirillales	D_0__Bacteria;D_1__Proteobacteria;D_2__Gammaproteobacteria;D_3__Oceanospirillales;D_4__Endozoicomonadaceae	D_0__Bacteria;D_1__Proteobacteria;D_2__Gammaproteobacteria;D_3__Oceanospirillales;D_4__Endozoicomonadaceae;D_5__Endozoicomonas
Symphyllia	93.0	286.0	1.0	278.0	0.0	0.0	1.0	97.2027972027972	0.34965034965034997	0.0	0.0	0.34965034965034997																																																
Trachyphyllia	94.0	35.0	0.0	35.0	0.0	0.0	0.0	100.0	0.0	0.0	0.0	0.0																																																
Tubastraea	95.0	220.0	2.0	215.0	0.0	1.0	1.0	97.7272727272727	0.9090909090909091	0.0	0.45454545454545503	0.45454545454545503																																																
Turbinaria	96.0	641.0	12.0	527.0	0.0	2.0	1.0	82.21528861154451	1.87207488299532	0.0	0.31201248049922	0.15600624024961	7	91.85396991534435	226.28571428571428	0.9283120215633422	0.04592971428571428	0.15487042468899306	D_0__Bacteria	D_0__Bacteria;D_1__Proteobacteria	D_0__Bacteria;D_1__Proteobacteria;D_2__Gammaproteobacteria	D_0__Bacteria;D_1__Proteobacteria;D_2__Gammaproteobacteria;D_3__Oceanospirillales	D_0__Bacteria;D_1__Proteobacteria;D_2__Gammaproteobacteria;D_3__Oceanospirillales;D_4__Endozoicomonadaceae	D_0__Bacteria;D_1__Proteobacteria;D_2__Gammaproteobacteria;D_3__Oceanospirillales;D_4__Endozoicomonadaceae;D_5__Endozoicomonas	6	85.68022892838339	232.16666666666666	0.9133258606885507	0.04022900000000001	0.197606254258881	D_0__Bacteria	D_0__Bacteria;D_1__Proteobacteria	D_0__Bacteria;D_1__Proteobacteria;D_2__Alphaproteobacteria	D_0__Archaea;D_1__Thaumarchaeota;D_2__Nitrososphaeria;D_3__Nitrosopumilales	D_0__Archaea;D_1__Thaumarchaeota;D_2__Nitrososphaeria;D_3__Nitrosopumilales;D_4__Nitrosopumilaceae	Unassigned;__;__;__;__;__	5	98.15779092403302	253.4	0.9007959558823531	0.049658	0.17879280958146032	D_0__Bacteria	D_0__Bacteria;D_1__Proteobacteria	D_0__Bacteria;D_1__Proteobacteria;D_2__Gammaproteobacteria	D_0__Bacteria;D_1__Bacteroidetes;D_2__Bacteroidia;D_3__Flavobacteriales	D_0__Bacteria;D_1__Bacteroidetes;D_2__Bacteroidia;D_3__Flavobacteriales;D_4__Flavobacteriaceae	D_0__Bacteria;D_1__Bacteroidetes;D_2__Bacteroidia;D_3__Flavobacteriales;D_4__Flavobacteriaceae;__	18	91.54711764432642	235.77777777777777	0.9666862153226966	0.04506511111111112	0.17576080812686326	D_0__Bacteria	D_0__Bacteria;D_1__Proteobacteria	D_0__Bacteria;D_1__Proteobacteria;D_2__Alphaproteobacteria	D_0__Bacteria;D_1__Bacteroidetes;D_2__Bacteroidia;D_3__Flavobacteriales	Unassigned;__;__;__;__	Unassigned;__;__;__;__;__
Unknown	97.0	56.0	0.0	56.0	0.0	0.0	0.0	100.0	0.0	0.0	0.0	0.0																																																
Zoanthus	98.0	13.0	0.0	13.0	0.0	0.0	0.0	100.0	0.0	0.0	0.0	0.0																																																
Zoanthus/Palythoa	99.0	1.0	0.0	1.0	0.0	0.0	0.0	100.0	0.0	0.0	0.0	0.0																																																
