	host_genus	Unnamed: 0	sum_total	sum_dis	sum_healthy	sum_bbd	sum_wd	perc_healthy	perc_dis	perc_bbd	perc_wd	n_samples_tissue	faith_pd_tissue	observed_features_tissue	gini_index_tissue	dominance_tissue	simpson_e_tissue	most_abundant_domain_tissue	most_abundant_phylum_tissue	most_abundant_class_tissue	most_abundant_order_tissue	most_abundant_family_tissue	most_abundant_genus_tissue	n_samples_skeleton	faith_pd_skeleton	observed_features_skeleton	gini_index_skeleton	dominance_skeleton	simpson_e_skeleton	most_abundant_domain_skeleton	most_abundant_phylum_skeleton	most_abundant_class_skeleton	most_abundant_order_skeleton	most_abundant_family_skeleton	most_abundant_genus_skeleton	n_samples_mucus	faith_pd_mucus	observed_features_mucus	gini_index_mucus	dominance_mucus	simpson_e_mucus	most_abundant_domain_mucus	most_abundant_phylum_mucus	most_abundant_class_mucus	most_abundant_order_mucus	most_abundant_family_mucus	most_abundant_genus_mucus	n_samples_all	faith_pd_all	observed_features_all	gini_index_all	dominance_all	simpson_e_all	most_abundant_domain_all	most_abundant_phylum_all	most_abundant_class_all	most_abundant_order_all	most_abundant_family_all	most_abundant_genus_all
1	Acropora	2.0	31786.0	1158.0	27465.0	179.0	171.0	86.40596489020321	3.6431133203297104	0.563141005474108	0.5379726923802929	18.0	22.089649033789787	47.111111111111114	0.9702493325118096	0.1626661111111111	0.23955761000988884	D_0__Bacteria	D_0__Bacteria;D_1__Proteobacteria	D_0__Bacteria;D_1__Proteobacteria;D_2__Gammaproteobacteria	D_0__Bacteria;D_1__Proteobacteria;D_2__Alphaproteobacteria;D_3__Sphingomonadales	D_0__Bacteria;D_1__Proteobacteria;D_2__Alphaproteobacteria;D_3__Sphingomonadales;D_4__Sphingomonadaceae	D_0__Bacteria;D_1__Proteobacteria;D_2__Gammaproteobacteria;D_3__Pseudomonadales;D_4__Pseudomonadaceae;D_5__Pseudomonas	14.0	19.49287790091109	43.42857142857143	0.9600320855614972	0.1631697142857143	0.2138967909654085	D_0__Bacteria	D_0__Bacteria;D_1__Proteobacteria	D_0__Bacteria;D_1__Proteobacteria;D_2__Gammaproteobacteria	D_0__Bacteria;D_1__Proteobacteria;D_2__Gammaproteobacteria;D_3__Betaproteobacteriales	D_0__Bacteria;D_1__Proteobacteria;D_2__Alphaproteobacteria;D_3__Sphingomonadales;D_4__Sphingomonadaceae	D_0__Bacteria;D_1__Proteobacteria;D_2__Gammaproteobacteria;D_3__Pseudomonadales;D_4__Pseudomonadaceae;D_5__Pseudomonas	20.0	23.867036931660248	50.15	0.9636131578947368	0.10975639999999999	0.21280347306603625	D_0__Bacteria	D_0__Bacteria;D_1__Proteobacteria	D_0__Bacteria;D_1__Proteobacteria;D_2__Gammaproteobacteria	D_0__Bacteria;D_1__Proteobacteria;D_2__Gammaproteobacteria;D_3__Betaproteobacteriales	D_0__Bacteria;D_1__Proteobacteria;D_2__Alphaproteobacteria;D_3__Sphingomonadales;D_4__Sphingomonadaceae	D_0__Bacteria;D_1__Proteobacteria;D_2__Gammaproteobacteria;D_3__Pseudomonadales;D_4__Pseudomonadaceae;D_5__Pseudomonas	52.0	22.074129074118773	47.28846153846154	0.9860974520528974	0.1424518076923077	0.2223588752887393	D_0__Bacteria	D_0__Bacteria;D_1__Proteobacteria	D_0__Bacteria;D_1__Proteobacteria;D_2__Gammaproteobacteria	D_0__Bacteria;D_1__Proteobacteria;D_2__Gammaproteobacteria;D_3__Betaproteobacteriales	D_0__Bacteria;D_1__Proteobacteria;D_2__Alphaproteobacteria;D_3__Sphingomonadales;D_4__Sphingomonadaceae	D_0__Bacteria;D_1__Proteobacteria;D_2__Gammaproteobacteria;D_3__Pseudomonadales;D_4__Pseudomonadaceae;D_5__Pseudomonas
3	Alveopora	4.0	267.0	2.0	262.0	0.0	1.0	98.12734082396999	0.749063670411985	0.0	0.374531835205993	3.0	98.92810501284693	241.0	0.8616220871327253	0.17106933333333332	0.04326465791373516	D_0__Bacteria	D_0__Bacteria;D_1__Proteobacteria	D_0__Bacteria;D_1__Proteobacteria;D_2__Gammaproteobacteria	D_0__Bacteria;D_1__Proteobacteria;D_2__Gammaproteobacteria;D_3__Oceanospirillales	D_0__Bacteria;D_1__Proteobacteria;D_2__Gammaproteobacteria;D_3__Oceanospirillales;D_4__Endozoicomonadaceae	D_0__Bacteria;D_1__Proteobacteria;D_2__Gammaproteobacteria;D_3__Oceanospirillales;D_4__Endozoicomonadaceae;D_5__Endozoicomonas	2.0	71.96094387165394	155.5	0.8413356401384082	0.052645999999999984	0.1374306805252117	D_0__Bacteria	D_0__Bacteria;D_1__Proteobacteria	D_0__Bacteria;D_1__Proteobacteria;D_2__Alphaproteobacteria	D_0__Bacteria;D_1__Planctomycetes;D_2__Planctomycetacia;D_3__Pirellulales	D_0__Bacteria;D_1__Planctomycetes;D_2__Planctomycetacia;D_3__Pirellulales;D_4__Pirellulaceae	Unassigned;__;__;__;__;__	2.0	9.567684611751817	21.5	0.7516666666666667	0.17228500000000002	0.2796822918553087	D_0__Bacteria	D_0__Bacteria;D_1__Proteobacteria	D_0__Bacteria;D_1__Proteobacteria;D_2__Alphaproteobacteria	D_0__Bacteria;D_1__Proteobacteria;D_2__Alphaproteobacteria;D_3__Sphingomonadales	D_0__Bacteria;D_1__Proteobacteria;D_2__Alphaproteobacteria;D_3__Sphingomonadales;D_4__Sphingomonadaceae	D_0__Bacteria;D_1__Proteobacteria;D_2__Alphaproteobacteria;D_3__Sphingomonadales;D_4__Sphingomonadaceae;D_5__Sphingobium	7.0	65.69165314362175	153.85714285714286	0.938489471979268	0.13758142857142858	0.13771713121460666	D_0__Bacteria	D_0__Bacteria;D_1__Proteobacteria	D_0__Bacteria;D_1__Proteobacteria;D_2__Gammaproteobacteria	D_0__Bacteria;D_1__Proteobacteria;D_2__Gammaproteobacteria;D_3__Oceanospirillales	D_0__Bacteria;D_1__Proteobacteria;D_2__Gammaproteobacteria;D_3__Oceanospirillales;D_4__Endozoicomonadaceae	D_0__Bacteria;D_1__Proteobacteria;D_2__Gammaproteobacteria;D_3__Oceanospirillales;D_4__Endozoicomonadaceae;D_5__Endozoicomonas
5	Astrea											3.0	19.77749376412632	29.0	0.9274666666666668	0.4198059999999999	0.12763925698635728	D_0__Bacteria	D_0__Bacteria;D_1__Proteobacteria	D_0__Bacteria;D_1__Proteobacteria;D_2__Alphaproteobacteria	D_0__Bacteria;D_1__Proteobacteria;D_2__Alphaproteobacteria;D_3__Rhodospirillales	D_0__Bacteria;D_1__Proteobacteria;D_2__Alphaproteobacteria;D_3__Rhodospirillales;D_4__Terasakiellaceae	D_0__Bacteria;D_1__Proteobacteria;D_2__Alphaproteobacteria;D_3__Rhodospirillales;D_4__Terasakiellaceae;D_5__uncultured	2.0	43.97507371908018	99.5	0.8293756345177665	0.29907900000000004	0.08880702947138	D_0__Bacteria	Unassigned;__	Unassigned;__;__	Unassigned;__;__;__	Unassigned;__;__;__;__	Unassigned;__;__;__;__;__	2.0	14.308823775223177	30.0	0.8151086956521739	0.16894199999999998	0.20008747627452209	D_0__Bacteria	D_0__Bacteria;D_1__Proteobacteria	D_0__Bacteria;D_1__Proteobacteria;D_2__Gammaproteobacteria	D_0__Bacteria;D_1__Proteobacteria;D_2__Gammaproteobacteria;D_3__Betaproteobacteriales	D_0__Bacteria;D_1__Proteobacteria;D_2__Gammaproteobacteria;D_3__Betaproteobacteriales;D_4__Burkholderiaceae	D_0__Bacteria;D_1__Proteobacteria;D_2__Gammaproteobacteria;D_3__Betaproteobacteriales;D_4__Burkholderiaceae;D_5__Aquabacterium	7.0	25.128610897283664	49.42857142857143	0.9501413533834588	0.3136371428571429	0.13724382606441085	D_0__Bacteria	D_0__Bacteria;D_1__Proteobacteria	D_0__Bacteria;D_1__Proteobacteria;D_2__Alphaproteobacteria	D_0__Bacteria;D_1__Proteobacteria;D_2__Alphaproteobacteria;D_3__Rhodospirillales	D_0__Bacteria;D_1__Proteobacteria;D_2__Alphaproteobacteria;D_3__Rhodospirillales;D_4__Terasakiellaceae	D_0__Bacteria;D_1__Proteobacteria;D_2__Alphaproteobacteria;D_3__Rhodospirillales;D_4__Terasakiellaceae;D_5__uncultured
11	Caulastrea	11.0	159.0	3.0	145.0	0.0	1.0	91.19496855345908	1.88679245283019	0.0	0.628930817610063	6.0												6.0												4.0												16.0											
21	Cyphastrea	21.0	2539.0	550.0	1940.0	1.0	7.0	76.4080346593147	21.6620716817645	0.0393855848759354	0.27569909413154803	2.0	23.004514789888635	28.0	0.9423333333333334	0.8701490000000001	0.0418514458024553	D_0__Bacteria	D_0__Bacteria;D_1__Proteobacteria	D_0__Bacteria;D_1__Proteobacteria;D_2__Gammaproteobacteria	D_0__Bacteria;D_1__Proteobacteria;D_2__Gammaproteobacteria;D_3__Oceanospirillales	D_0__Bacteria;D_1__Proteobacteria;D_2__Gammaproteobacteria;D_3__Oceanospirillales;D_4__Endozoicomonadaceae	D_0__Bacteria;D_1__Proteobacteria;D_2__Gammaproteobacteria;D_3__Oceanospirillales;D_4__Endozoicomonadaceae;D_5__Endozoicomonas	4.0	54.054831892250064	108.25	0.9249158163265306	0.17656700000000006	0.09086646423406164	D_0__Bacteria	D_0__Bacteria;D_1__Proteobacteria	D_0__Bacteria;D_1__Firmicutes;D_2__Clostridia	D_0__Bacteria;D_1__Firmicutes;D_2__Clostridia;D_3__Clostridiales	Unassigned;__;__;__;__	Unassigned;__;__;__;__;__	2.0	17.759406236875254	31.0	0.8372641509433962	0.26287	0.22518470446230426	D_0__Bacteria	D_0__Bacteria;D_1__Proteobacteria	D_0__Bacteria;D_1__Proteobacteria;D_2__Gammaproteobacteria	D_0__Bacteria;D_1__Proteobacteria;D_2__Gammaproteobacteria;D_3__Oceanospirillales	D_0__Bacteria;D_1__Proteobacteria;D_2__Gammaproteobacteria;D_3__Oceanospirillales;D_4__Endozoicomonadaceae	D_0__Bacteria;D_1__Proteobacteria;D_2__Gammaproteobacteria;D_3__Oceanospirillales;D_4__Endozoicomonadaceae;D_5__Endozoicomonas	8.0	37.218396202816	68.875	0.9616383442265796	0.37153825	0.1121922696832207	D_0__Bacteria	D_0__Bacteria;D_1__Proteobacteria	D_0__Bacteria;D_1__Proteobacteria;D_2__Gammaproteobacteria	D_0__Bacteria;D_1__Proteobacteria;D_2__Gammaproteobacteria;D_3__Oceanospirillales	D_0__Bacteria;D_1__Proteobacteria;D_2__Gammaproteobacteria;D_3__Oceanospirillales;D_4__Endozoicomonadaceae	D_0__Bacteria;D_1__Proteobacteria;D_2__Gammaproteobacteria;D_3__Oceanospirillales;D_4__Endozoicomonadaceae;D_5__Endozoicomonas
24	Diploastrea	24.0	284.0	2.0	275.0	0.0	2.0	96.83098591549299	0.7042253521126759	0.0	0.7042253521126759	23.0	109.57878821105356	284.3478260869565	0.9703499098021434	0.029092086956521743	0.21799412003890686	D_0__Bacteria	D_0__Bacteria;D_1__Proteobacteria	D_0__Bacteria;D_1__Proteobacteria;D_2__Alphaproteobacteria	D_0__Bacteria;D_1__Bacteroidetes;D_2__Bacteroidia;D_3__Cytophagales	D_0__Bacteria;D_1__Proteobacteria;D_2__Alphaproteobacteria;D_3__Rhodobacterales;D_4__Rhodobacteraceae	D_0__Bacteria;D_1__Proteobacteria;D_2__Alphaproteobacteria;D_3__SAR11 clade;D_4__Clade I;D_5__Clade Ia	23.0	118.41254124338228	322.0	0.9663791427229028	0.04861834782608695	0.18819872024787648	D_0__Bacteria	D_0__Bacteria;D_1__Proteobacteria	D_0__Bacteria;D_1__Proteobacteria;D_2__Alphaproteobacteria	D_0__Bacteria;D_1__Proteobacteria;D_2__Alphaproteobacteria;D_3__Rhizobiales	D_0__Bacteria;D_1__Bacteroidetes;D_2__Chlorobia;D_3__Chlorobiales;D_4__Chlorobiaceae	D_0__Bacteria;D_1__Chloroflexi;D_2__Chloroflexia;D_3__Chloroflexales;D_4__Chloroflexaceae;D_5__Candidatus Chlorothrix	16.0	41.14128782274555	90.8125	0.969628032700422	0.10923575	0.1774185521253774	D_0__Bacteria	D_0__Bacteria;D_1__Proteobacteria	D_0__Bacteria;D_1__Proteobacteria;D_2__Gammaproteobacteria	D_0__Bacteria;D_1__Proteobacteria;D_2__Alphaproteobacteria;D_3__Sphingomonadales	D_0__Bacteria;D_1__Proteobacteria;D_2__Alphaproteobacteria;D_3__Sphingomonadales;D_4__Sphingomonadaceae	D_0__Bacteria;D_1__Proteobacteria;D_2__Alphaproteobacteria;D_3__Sphingomonadales;D_4__Sphingomonadaceae;D_5__Sphingobium	62.0	95.19453520348308	248.3709677419355	0.986723354340968	0.05701793548387098	0.19646987355809767	D_0__Bacteria	D_0__Bacteria;D_1__Proteobacteria	D_0__Bacteria;D_1__Proteobacteria;D_2__Alphaproteobacteria	D_0__Bacteria;D_1__Proteobacteria;D_2__Alphaproteobacteria;D_3__Sphingomonadales	D_0__Bacteria;D_1__Proteobacteria;D_2__Alphaproteobacteria;D_3__Sphingomonadales;D_4__Sphingomonadaceae	D_0__Bacteria;D_1__Proteobacteria;D_2__Alphaproteobacteria;D_3__Sphingomonadales;D_4__Sphingomonadaceae;D_5__Sphingobium
26	Dipsastraea											4.0	58.37776248560754	130.0	0.9141242236024844	0.24254000000000006	0.07732859455363564	D_0__Bacteria	D_0__Bacteria;D_1__Proteobacteria	D_0__Bacteria;D_1__Proteobacteria;D_2__Alphaproteobacteria	D_0__Bacteria;D_1__Proteobacteria;D_2__Alphaproteobacteria;D_3__Rhodospirillales	D_0__Bacteria;D_1__Proteobacteria;D_2__Alphaproteobacteria;D_3__Rhodospirillales;D_4__Terasakiellaceae	D_0__Bacteria;D_1__Proteobacteria;D_2__Alphaproteobacteria;D_3__Rhodospirillales;D_4__Terasakiellaceae;D_5__uncultured	2.0	110.8307469099456	283.5	0.8033401486988847	0.045933999999999996	0.09860312013701644	D_0__Bacteria	D_0__Bacteria;D_1__Proteobacteria	D_0__Bacteria;D_1__Proteobacteria;D_2__Alphaproteobacteria	D_0__Bacteria;D_1__Proteobacteria;D_2__Alphaproteobacteria;D_3__Rhizobiales	D_0__Bacteria;D_1__Proteobacteria;D_2__Alphaproteobacteria;D_3__Rhizobiales;D_4__Beijerinckiaceae	D_0__Bacteria;D_1__Proteobacteria;D_2__Alphaproteobacteria;D_3__Rhizobiales;D_4__Beijerinckiaceae;__	1.0	41.7272001716669	115.0	0.6648000000000001	0.03678800000000002	0.2363719738478048	D_0__Bacteria	D_0__Bacteria;D_1__Proteobacteria	D_0__Bacteria;D_1__Proteobacteria;D_2__Alphaproteobacteria	D_0__Bacteria;D_1__Bacteroidetes;D_2__Bacteroidia;D_3__Flavobacteriales	D_0__Bacteria;D_1__Proteobacteria;D_2__Alphaproteobacteria;D_3__Puniceispirillales;D_4__SAR116 clade	D_0__Bacteria;D_1__Proteobacteria;D_2__Alphaproteobacteria;D_3__Puniceispirillales;D_4__SAR116 clade;__	7.0	70.98567770485545	171.71428571428572	0.9410921704658076	0.1569737142857143	0.10612751319091147	D_0__Bacteria	D_0__Bacteria;D_1__Proteobacteria	D_0__Bacteria;D_1__Proteobacteria;D_2__Alphaproteobacteria	D_0__Bacteria;D_1__Proteobacteria;D_2__Alphaproteobacteria;D_3__Rhodospirillales	D_0__Bacteria;D_1__Proteobacteria;D_2__Alphaproteobacteria;D_3__Rhodospirillales;D_4__Terasakiellaceae	D_0__Bacteria;D_1__Proteobacteria;D_2__Alphaproteobacteria;D_3__Rhodospirillales;D_4__Terasakiellaceae;D_5__uncultured
27	Echinophyllia	26.0	542.0	3.0	492.0	0.0	3.0	90.77490774907749	0.5535055350553499	0.0	0.5535055350553499	2.0	70.40903523071248	169.5	0.8640582822085889	0.14886200000000002	0.056082657142291326	D_0__Bacteria	D_0__Bacteria;D_1__Proteobacteria	D_0__Bacteria;D_1__Proteobacteria;D_2__Alphaproteobacteria	D_0__Bacteria;D_1__Proteobacteria;D_2__Alphaproteobacteria;D_3__Rhizobiales	D_0__Bacteria;D_1__Proteobacteria;D_2__Alphaproteobacteria;D_3__Rhizobiales;D_4__Rhizobiaceae	D_0__Bacteria;D_1__Proteobacteria;D_2__Alphaproteobacteria;D_3__Rhizobiales;D_4__Rhizobiaceae;D_5__Allorhizobium-Neorhizobium-Pararhizobium-Rhizobium	1.0	123.958557999044	363.0	0.5494214876033058	0.01847	0.14915110647748342	D_0__Bacteria	D_0__Bacteria;D_1__Proteobacteria	D_0__Bacteria;D_1__Proteobacteria;D_2__Alphaproteobacteria	D_0__Bacteria;D_1__Proteobacteria;D_2__Alphaproteobacteria;D_3__Rhizobiales	D_0__Bacteria;D_1__Proteobacteria;D_2__Alphaproteobacteria;D_3__Rhizobiales;D_4__Rhizobiaceae	D_0__Bacteria;D_1__Proteobacteria;D_2__Alphaproteobacteria;D_3__Rhizobiales;D_4__Rhizobiaceae;D_5__Allorhizobium-Neorhizobium-Pararhizobium-Rhizobium	2.0	97.92422198007557	244.5	0.8206422413793104	0.09424500000000001	0.10748941401299499	D_0__Bacteria	D_0__Bacteria;D_1__Proteobacteria	D_0__Bacteria;D_1__Proteobacteria;D_2__Gammaproteobacteria	D_0__Bacteria;D_1__Proteobacteria;D_2__Gammaproteobacteria;D_3__Betaproteobacteriales	D_0__Bacteria;D_1__Proteobacteria;D_2__Gammaproteobacteria;D_3__Betaproteobacteriales;__	D_0__Bacteria;D_1__Proteobacteria;D_2__Gammaproteobacteria;D_3__Betaproteobacteriales;__;__	5.0	92.12501448412401	238.2	0.921234619002822	0.1009368	0.0952590497576112	D_0__Bacteria	D_0__Bacteria;D_1__Proteobacteria	D_0__Bacteria;D_1__Proteobacteria;D_2__Gammaproteobacteria	D_0__Bacteria;D_1__Proteobacteria;D_2__Alphaproteobacteria;D_3__Rhizobiales	D_0__Bacteria;D_1__Proteobacteria;D_2__Gammaproteobacteria;D_3__Betaproteobacteriales;__	D_0__Bacteria;D_1__Proteobacteria;D_2__Gammaproteobacteria;D_3__Betaproteobacteriales;__;__
28	Echinopora	27.0	2078.0	39.0	1910.0	7.0	10.0	91.9153031761309	1.87680461982676	0.33686236766121297	0.4812319538017321	7.0	47.81542452312541	98.28571428571428	0.9493260073260074	0.1443437142857143	0.1365074492796629	D_0__Bacteria	D_0__Bacteria;D_1__Proteobacteria	D_0__Bacteria;D_1__Proteobacteria;D_2__Gammaproteobacteria	D_0__Bacteria;D_1__Proteobacteria;D_2__Alphaproteobacteria;D_3__Rhizobiales	D_0__Bacteria;D_1__Chlamydiae;D_2__Chlamydiae;D_3__Chlamydiales;D_4__Simkaniaceae	D_0__Bacteria;D_1__Chlamydiae;D_2__Chlamydiae;D_3__Chlamydiales;D_4__Simkaniaceae;D_5__uncultured	10.0	50.069491534144255	116.4	0.9595156216790648	0.17661860000000001	0.14200349923849598	D_0__Bacteria	D_0__Bacteria;D_1__Proteobacteria	D_0__Bacteria;D_1__Bacteroidetes;D_2__Bacteroidia	D_0__Bacteria;D_1__Bacteroidetes;D_2__Bacteroidia;D_3__Cytophagales	D_0__Bacteria;D_1__Bacteroidetes;D_2__Bacteroidia;D_3__Cytophagales;D_4__Amoebophilaceae	D_0__Bacteria;D_1__Bacteroidetes;D_2__Bacteroidia;D_3__Cytophagales;D_4__Amoebophilaceae;D_5__Candidatus Amoebophilus	8.0	35.86400358525966	74.0	0.9440554216867468	0.13498274999999998	0.16969282009373976	D_0__Bacteria	D_0__Bacteria;D_1__Proteobacteria	D_0__Bacteria;D_1__Proteobacteria;D_2__Gammaproteobacteria	D_0__Bacteria;D_1__Proteobacteria;D_2__Gammaproteobacteria;D_3__Betaproteobacteriales	D_0__Bacteria;D_1__Proteobacteria;D_2__Alphaproteobacteria;D_3__Sphingomonadales;D_4__Sphingomonadaceae	D_0__Bacteria;D_1__Proteobacteria;D_2__Alphaproteobacteria;D_3__Sphingomonadales;D_4__Sphingomonadaceae;D_5__Sphingobium	25.0	44.892596627415905	97.76	0.9812716748768472	0.15425816	0.14932518792370073	D_0__Bacteria	D_0__Bacteria;D_1__Proteobacteria	D_0__Bacteria;D_1__Proteobacteria;D_2__Gammaproteobacteria	D_0__Bacteria;D_1__Bacteroidetes;D_2__Bacteroidia;D_3__Cytophagales	D_0__Bacteria;D_1__Proteobacteria;D_2__Alphaproteobacteria;D_3__Sphingomonadales;D_4__Sphingomonadaceae	D_0__Bacteria;D_1__Proteobacteria;D_2__Alphaproteobacteria;D_3__Sphingomonadales;D_4__Sphingomonadaceae;D_5__Sphingobium
32	Favites	31.0	2391.0	14.0	2230.0	1.0	9.0	93.2664157256378	0.585529067335843	0.0418235048097031	0.376411543287327	9.0	48.155562071052195	122.66666666666669	0.9440053296257676	0.3614468888888889	0.12601635958107096	D_0__Bacteria	D_0__Bacteria;D_1__Proteobacteria	D_0__Bacteria;D_1__Proteobacteria;D_2__Alphaproteobacteria	D_0__Bacteria;D_1__Proteobacteria;D_2__Alphaproteobacteria;D_3__Rhodospirillales	D_0__Bacteria;D_1__Proteobacteria;D_2__Alphaproteobacteria;D_3__Rhodospirillales;D_4__Terasakiellaceae	D_0__Bacteria;D_1__Proteobacteria;D_2__Alphaproteobacteria;D_3__Rhodospirillales;D_4__Terasakiellaceae;D_5__uncultured	8.0	69.86238229819399	169.875	0.9382717391304348	0.124395	0.17266712015929414	D_0__Bacteria	D_0__Bacteria;D_1__Proteobacteria	D_0__Bacteria;D_1__Bacteroidetes;D_2__Bacteroidia	D_0__Bacteria;D_1__Bacteroidetes;D_2__Bacteroidia;D_3__Cytophagales	D_0__Bacteria;D_1__Bacteroidetes;D_2__Bacteroidia;D_3__Cytophagales;D_4__Amoebophilaceae	D_0__Bacteria;D_1__Bacteroidetes;D_2__Bacteroidia;D_3__Cytophagales;D_4__Amoebophilaceae;D_5__Candidatus Amoebophilus	4.0	66.26249087341512	148.5	0.9137204198473284	0.278893	0.08344600605493907	D_0__Bacteria	D_0__Bacteria;D_1__Proteobacteria	D_0__Bacteria;D_1__Proteobacteria;D_2__Alphaproteobacteria	D_0__Bacteria;D_1__Proteobacteria;D_2__Alphaproteobacteria;D_3__Rhodospirillales	D_0__Bacteria;D_1__Proteobacteria;D_2__Alphaproteobacteria;D_3__Rhodospirillales;D_4__Terasakiellaceae	D_0__Bacteria;D_1__Proteobacteria;D_2__Alphaproteobacteria;D_3__Rhodospirillales;D_4__Terasakiellaceae;D_5__uncultured	21.0	59.87376573898487	145.57142857142858	0.9747939346023636	0.2554168571428571	0.13567943912970232	D_0__Bacteria	D_0__Bacteria;D_1__Proteobacteria	D_0__Bacteria;D_1__Proteobacteria;D_2__Alphaproteobacteria	D_0__Bacteria;D_1__Proteobacteria;D_2__Alphaproteobacteria;D_3__Rhodospirillales	D_0__Bacteria;D_1__Proteobacteria;D_2__Alphaproteobacteria;D_3__Rhodospirillales;D_4__Terasakiellaceae	D_0__Bacteria;D_1__Proteobacteria;D_2__Alphaproteobacteria;D_3__Rhodospirillales;D_4__Terasakiellaceae;D_5__uncultured
34	Fungid											5.0	67.51965480549617	146.2	0.9167395638629284	0.28214920000000004	0.07896042136425803	D_0__Bacteria	D_0__Bacteria;D_1__Proteobacteria	D_0__Bacteria;D_1__Proteobacteria;D_2__Gammaproteobacteria	D_0__Bacteria;D_1__Firmicutes;D_2__Clostridia;D_3__Clostridiales	D_0__Bacteria;D_1__Firmicutes;D_2__Clostridia;D_3__Clostridiales;D_4__Family XI	D_0__Bacteria;D_1__Firmicutes;D_2__Clostridia;D_3__Clostridiales;D_4__Family XI;D_5__Gallicola	5.0	55.212975718790844	103.6	0.9411131221719456	0.2107616	0.07290398244552923	D_0__Bacteria	D_0__Bacteria;D_1__Proteobacteria	D_0__Bacteria;D_1__Proteobacteria;D_2__Gammaproteobacteria	D_0__Bacteria;D_1__Spirochaetes;D_2__Spirochaetia;D_3__Spirochaetales	D_0__Bacteria;D_1__Spirochaetes;D_2__Spirochaetia;D_3__Spirochaetales;D_4__Spirochaetaceae	D_0__Bacteria;D_1__Spirochaetes;D_2__Spirochaetia;D_3__Spirochaetales;D_4__Spirochaetaceae;D_5__Spirochaeta 2	3.0	86.26069737098379	230.0	0.8054890219560878	0.14377199999999998	0.1491853002483232	D_0__Bacteria	D_0__Bacteria;D_1__Proteobacteria	D_0__Bacteria;D_1__Bacteroidetes;D_2__Bacteroidia	D_0__Bacteria;D_1__Bacteroidetes;D_2__Bacteroidia;D_3__Flavobacteriales	D_0__Bacteria;D_1__Bacteroidetes;D_2__Bacteroidia;D_3__Flavobacteriales;__	D_0__Bacteria;D_1__Bacteroidetes;D_2__Bacteroidia;D_3__Flavobacteriales;__;__	13.0	67.11117267187589	149.15384615384616	0.957772449308014	0.2227592307692308	0.09283676306106968	D_0__Bacteria	D_0__Bacteria;D_1__Proteobacteria	D_0__Bacteria;D_1__Proteobacteria;D_2__Gammaproteobacteria	D_0__Bacteria;D_1__Bacteroidetes;D_2__Bacteroidia;D_3__Flavobacteriales	D_0__Bacteria;D_1__Spirochaetes;D_2__Spirochaetia;D_3__Spirochaetales;D_4__Spirochaetaceae	D_0__Bacteria;D_1__Spirochaetes;D_2__Spirochaetia;D_3__Spirochaetales;D_4__Spirochaetaceae;D_5__Spirochaeta 2
35	Galaxea	33.0	3014.0	110.0	2582.0	1.0	61.0	85.66688785666891	3.6496350364963503	0.033178500331785	2.0238885202388897	8.0	107.93338213109695	281.625	0.9364814473684212	0.13999675	0.0997666426916869	D_0__Bacteria	D_0__Bacteria;D_1__Proteobacteria	D_0__Bacteria;D_1__Proteobacteria;D_2__Alphaproteobacteria	D_0__Bacteria;D_1__Proteobacteria;D_2__Alphaproteobacteria;__	D_0__Bacteria;D_1__Proteobacteria;D_2__Alphaproteobacteria;__;__	D_0__Bacteria;D_1__Proteobacteria;D_2__Alphaproteobacteria;__;__;__	9.0	82.20546979425468	206.22222222222226	0.9389998508575688	0.1447168888888889	0.19474582195668025	D_0__Bacteria	D_0__Bacteria;D_1__Proteobacteria	D_0__Bacteria;D_1__Proteobacteria;D_2__Alphaproteobacteria	D_0__Bacteria;D_1__Bacteroidetes;D_2__Bacteroidia;D_3__Cytophagales	D_0__Bacteria;D_1__Bacteroidetes;D_2__Bacteroidia;D_3__Cytophagales;D_4__Amoebophilaceae	D_0__Bacteria;D_1__Bacteroidetes;D_2__Bacteroidia;D_3__Cytophagales;D_4__Amoebophilaceae;D_5__Candidatus Amoebophilus	9.0	55.37288846821307	129.77777777777777	0.9485830008463304	0.1380408888888889	0.18364658279820087	D_0__Bacteria	D_0__Bacteria;D_1__Proteobacteria	D_0__Bacteria;D_1__Proteobacteria;D_2__Alphaproteobacteria	D_0__Bacteria;D_1__Proteobacteria;D_2__Gammaproteobacteria;D_3__Betaproteobacteriales	D_0__Bacteria;D_1__Proteobacteria;D_2__Alphaproteobacteria;D_3__Sphingomonadales;D_4__Sphingomonadaceae	D_0__Bacteria;D_1__Proteobacteria;D_2__Gammaproteobacteria;D_3__Pseudomonadales;D_4__Pseudomonadaceae;D_5__Pseudomonas	26.0	80.83354928503789	202.96153846153842	0.976487002065192	0.1409536153846154	0.16167941478182407	D_0__Bacteria	D_0__Bacteria;D_1__Proteobacteria	D_0__Bacteria;D_1__Proteobacteria;D_2__Alphaproteobacteria	D_0__Bacteria;D_1__Proteobacteria;D_2__Alphaproteobacteria;__	D_0__Bacteria;D_1__Proteobacteria;D_2__Alphaproteobacteria;__;__	D_0__Bacteria;D_1__Proteobacteria;D_2__Alphaproteobacteria;__;__;__
37	Goniastrea	35.0	1736.0	5.0	1639.0	0.0	2.0	94.4124423963134	0.288018433179724	0.0	0.115207373271889	5.0	126.11948906385004	333.8	0.8911463215258856	0.0295572	0.183021905480082	D_0__Bacteria	D_0__Bacteria;D_1__Proteobacteria	D_0__Bacteria;D_1__Proteobacteria;D_2__Alphaproteobacteria	D_0__Bacteria;D_1__Bacteroidetes;D_2__Bacteroidia;D_3__Cytophagales	D_0__Bacteria;D_1__Proteobacteria;D_2__Alphaproteobacteria;D_3__Rhodobacterales;D_4__Rhodobacteraceae	D_0__Bacteria;D_1__Proteobacteria;D_2__Gammaproteobacteria;__;__;__	3.0	102.94730435560746	281.3333333333333	0.8616975308641974	0.10536533333333332	0.05231895807608557	D_0__Bacteria	D_0__Bacteria;D_1__Proteobacteria	D_0__Bacteria;D_1__Proteobacteria;D_2__Alphaproteobacteria	D_0__Bacteria;D_1__Proteobacteria;D_2__Alphaproteobacteria;D_3__Rhodobacterales	D_0__Bacteria;D_1__Proteobacteria;D_2__Alphaproteobacteria;D_3__Rhodobacterales;D_4__Rhodobacteraceae	D_0__Bacteria;D_1__Proteobacteria;D_2__Alphaproteobacteria;D_3__Rhodobacterales;D_4__Rhodobacteraceae;__	1.0	51.46780514722408	98.0	0.7826122448979592	0.14157800000000004	0.07207392132007133	D_0__Bacteria	D_0__Bacteria;D_1__Bacteroidetes	D_0__Bacteria;D_1__Bacteroidetes;D_2__Bacteroidia	D_0__Bacteria;D_1__Bacteroidetes;D_2__Bacteroidia;D_3__Cytophagales	D_0__Bacteria;D_1__Bacteroidetes;D_2__Bacteroidia;D_3__Cytophagales;D_4__Amoebophilaceae	D_0__Bacteria;D_1__Bacteroidetes;D_2__Bacteroidia;D_3__Cytophagales;D_4__Amoebophilaceae;D_5__Candidatus Amoebophilus	9.0	110.10079594814407	290.1111111111111	0.9382374727668844	0.06727333333333332	0.1271267025498598	D_0__Bacteria	D_0__Bacteria;D_1__Proteobacteria	D_0__Bacteria;D_1__Proteobacteria;D_2__Alphaproteobacteria	D_0__Bacteria;D_1__Bacteroidetes;D_2__Bacteroidia;D_3__Cytophagales	D_0__Bacteria;D_1__Bacteroidetes;D_2__Bacteroidia;D_3__Cytophagales;D_4__Amoebophilaceae	D_0__Bacteria;D_1__Bacteroidetes;D_2__Bacteroidia;D_3__Cytophagales;D_4__Amoebophilaceae;D_5__Candidatus Amoebophilus
41	Heliopora											1.0	147.81099071971227	433.0	0.4733625866050808	0.008801999999999999	0.2623800070632697	D_0__Bacteria	D_0__Bacteria;D_1__Proteobacteria	D_0__Bacteria;D_1__Proteobacteria;D_2__Gammaproteobacteria	D_0__Bacteria;D_1__Proteobacteria;D_2__Gammaproteobacteria;__	D_0__Bacteria;D_1__Proteobacteria;D_2__Gammaproteobacteria;__;__	D_0__Bacteria;D_1__Proteobacteria;D_2__Gammaproteobacteria;__;__;__	1.0	133.13330170005892	405.0	0.4745185185185186	0.007276	0.33935346378080483	D_0__Bacteria	D_0__Bacteria;D_1__Proteobacteria	D_0__Bacteria;D_1__Proteobacteria;D_2__Alphaproteobacteria	D_0__Bacteria;D_1__Planctomycetes;D_2__Planctomycetacia;D_3__Pirellulales	D_0__Bacteria;D_1__Planctomycetes;D_2__Planctomycetacia;D_3__Pirellulales;D_4__Pirellulaceae	D_0__Bacteria;D_1__Proteobacteria;D_2__Gammaproteobacteria;__;__;__	1.0	70.29035803676608	174.0	0.7054252873563218	0.046316	0.12408512040723745	D_0__Bacteria	D_0__Bacteria;D_1__Proteobacteria	D_0__Bacteria;D_1__Proteobacteria;D_2__Gammaproteobacteria	D_0__Bacteria;D_1__Proteobacteria;D_2__Gammaproteobacteria;__	D_0__Bacteria;D_1__Proteobacteria;D_2__Gammaproteobacteria;__;__	D_0__Bacteria;D_1__Proteobacteria;D_2__Gammaproteobacteria;__;__;__	3.0	117.07821681884577	337.3333333333333	0.8047182539682539	0.020798	0.24193953041710406	D_0__Bacteria	D_0__Bacteria;D_1__Proteobacteria	D_0__Bacteria;D_1__Proteobacteria;D_2__Gammaproteobacteria	D_0__Bacteria;D_1__Proteobacteria;D_2__Gammaproteobacteria;__	D_0__Bacteria;D_1__Proteobacteria;D_2__Gammaproteobacteria;__;__	D_0__Bacteria;D_1__Proteobacteria;D_2__Gammaproteobacteria;__;__;__
44	Homophyllia											2.0	16.098161658166813	28.0	0.8197555555555556	0.15978399999999998	0.2393951951599419	D_0__Bacteria	D_0__Bacteria;D_1__Proteobacteria	D_0__Bacteria;D_1__Proteobacteria;D_2__Alphaproteobacteria	D_0__Bacteria;D_1__Proteobacteria;D_2__Alphaproteobacteria;D_3__Sphingomonadales	D_0__Bacteria;D_1__Proteobacteria;D_2__Alphaproteobacteria;D_3__Sphingomonadales;D_4__Sphingomonadaceae	D_0__Bacteria;D_1__Proteobacteria;D_2__Alphaproteobacteria;D_3__Sphingomonadales;D_4__Sphingomonadaceae;D_5__Sphingobium	3.0	61.7105185201121	146.0	0.8617090909090909	0.04540533333333333	0.1805054834263741	D_0__Bacteria	D_0__Bacteria;D_1__Proteobacteria	D_0__Bacteria;D_1__Proteobacteria;D_2__Alphaproteobacteria	D_0__Bacteria;D_1__Proteobacteria;D_2__Alphaproteobacteria;D_3__Rhizobiales	D_0__Bacteria;D_1__Bacteroidetes;D_2__Bacteroidia;D_3__Cytophagales;D_4__Amoebophilaceae	D_0__Bacteria;D_1__Bacteroidetes;D_2__Bacteroidia;D_3__Cytophagales;D_4__Amoebophilaceae;D_5__Candidatus Amoebophilus	1.0	73.39124160745656	187.0	0.5509732620320855	0.02185	0.24474112507495205	D_0__Bacteria	D_0__Bacteria;D_1__Proteobacteria	D_0__Bacteria;D_1__Proteobacteria;D_2__Gammaproteobacteria	D_0__Bacteria;D_1__Proteobacteria;D_2__Gammaproteobacteria;D_3__Pseudomonadales	D_0__Bacteria;D_1__Proteobacteria;D_2__Gammaproteobacteria;D_3__Pseudomonadales;D_4__Pseudomonadaceae	D_0__Bacteria;D_1__Proteobacteria;D_2__Gammaproteobacteria;D_3__Pseudomonadales;D_4__Pseudomonadaceae;D_5__Pseudomonas	6.0	48.45318674735442	113.5	0.9241342673671921	0.07960566666666667	0.21084132761232635	D_0__Bacteria	D_0__Bacteria;D_1__Proteobacteria	D_0__Bacteria;D_1__Proteobacteria;D_2__Alphaproteobacteria	D_0__Bacteria;D_1__Proteobacteria;D_2__Alphaproteobacteria;D_3__Sphingomonadales	D_0__Bacteria;D_1__Proteobacteria;D_2__Alphaproteobacteria;D_3__Sphingomonadales;D_4__Sphingomonadaceae	D_0__Bacteria;D_1__Proteobacteria;D_2__Alphaproteobacteria;D_3__Sphingomonadales;D_4__Sphingomonadaceae;D_5__Sphingobium
45	Hydnophora	41.0	611.0	19.0	549.0	0.0	3.0	89.8527004909984	3.10965630114566	0.0	0.490998363338789	4.0	15.597300585090606	21.0	0.9417388059701493	0.520241	0.1133550720822686	D_0__Bacteria	D_0__Bacteria;D_1__Proteobacteria	D_0__Bacteria;D_1__Proteobacteria;D_2__Gammaproteobacteria	D_0__Bacteria;D_1__Proteobacteria;D_2__Gammaproteobacteria;D_3__Oceanospirillales	D_0__Bacteria;D_1__Proteobacteria;D_2__Gammaproteobacteria;D_3__Oceanospirillales;D_4__Endozoicomonadaceae	D_0__Bacteria;D_1__Proteobacteria;D_2__Gammaproteobacteria;D_3__Oceanospirillales;D_4__Endozoicomonadaceae;D_5__Endozoicomonas	4.0	41.143899910974454	87.0	0.9241558641975308	0.392402	0.10107619741008918	D_0__Bacteria	D_0__Bacteria;D_1__Proteobacteria	D_0__Bacteria;D_1__Proteobacteria;D_2__Alphaproteobacteria	D_0__Bacteria;D_1__Proteobacteria;D_2__Alphaproteobacteria;D_3__Rhodospirillales	D_0__Bacteria;D_1__Proteobacteria;D_2__Alphaproteobacteria;D_3__Rhodospirillales;D_4__Terasakiellaceae	D_0__Bacteria;D_1__Proteobacteria;D_2__Alphaproteobacteria;D_3__Rhodospirillales;D_4__Terasakiellaceae;D_5__uncultured	3.0	30.002682943170786	63.33333333333334	0.8905570175438596	0.12599533333333335	0.15972384407833484	D_0__Bacteria	D_0__Bacteria;D_1__Proteobacteria	D_0__Bacteria;D_1__Proteobacteria;D_2__Gammaproteobacteria	D_0__Bacteria;D_1__Proteobacteria;D_2__Gammaproteobacteria;D_3__Oceanospirillales	D_0__Bacteria;D_1__Proteobacteria;D_2__Gammaproteobacteria;D_3__Oceanospirillales;D_4__Endozoicomonadaceae	D_0__Bacteria;D_1__Proteobacteria;D_2__Gammaproteobacteria;D_3__Oceanospirillales;D_4__Endozoicomonadaceae;D_5__Endozoicomonas	11.0	28.815713710342962	56.54545454545455	0.9701559482601568	0.3662325454545455	0.12153605547313052	D_0__Bacteria	D_0__Bacteria;D_1__Proteobacteria	D_0__Bacteria;D_1__Proteobacteria;D_2__Gammaproteobacteria	D_0__Bacteria;D_1__Proteobacteria;D_2__Gammaproteobacteria;D_3__Oceanospirillales	D_0__Bacteria;D_1__Proteobacteria;D_2__Gammaproteobacteria;D_3__Oceanospirillales;D_4__Endozoicomonadaceae	D_0__Bacteria;D_1__Proteobacteria;D_2__Gammaproteobacteria;D_3__Oceanospirillales;D_4__Endozoicomonadaceae;D_5__Endozoicomonas
47	Isopora											3.0	70.45909783451106	161.0	0.8806382660687593	0.10402133333333334	0.12965079870442314	D_0__Bacteria	D_0__Bacteria;D_1__Proteobacteria	D_0__Bacteria;D_1__Proteobacteria;D_2__Gammaproteobacteria	D_0__Bacteria;D_1__Cyanobacteria;D_2__Oxyphotobacteria;D_3__Nostocales	D_0__Bacteria;D_1__Proteobacteria;D_2__Gammaproteobacteria;D_3__Betaproteobacteriales;D_4__Burkholderiaceae	D_0__Bacteria;D_1__Proteobacteria;D_2__Gammaproteobacteria;D_3__Betaproteobacteriales;D_4__Burkholderiaceae;D_5__Aquabacterium	4.0	64.45701720197431	142.75	0.9193813084112148	0.08651750000000001	0.1212948668008943	D_0__Bacteria	D_0__Bacteria;D_1__Proteobacteria	D_0__Bacteria;D_1__Proteobacteria;D_2__Alphaproteobacteria	D_0__Bacteria;D_1__Proteobacteria;D_2__Alphaproteobacteria;D_3__Rhodobacterales	D_0__Bacteria;D_1__Proteobacteria;D_2__Alphaproteobacteria;D_3__Rhodobacterales;D_4__Rhodobacteraceae	D_0__Bacteria;D_1__Proteobacteria;D_2__Alphaproteobacteria;D_3__Rhodobacterales;D_4__Rhodobacteraceae;__	3.0	45.040632701823284	104.33333333333331	0.8951326164874551	0.12079066666666667	0.12707219643683906	D_0__Bacteria	D_0__Bacteria;D_1__Proteobacteria	D_0__Bacteria;D_1__Proteobacteria;D_2__Alphaproteobacteria	D_0__Bacteria;D_1__Proteobacteria;D_2__Alphaproteobacteria;D_3__Sphingomonadales	D_0__Bacteria;D_1__Proteobacteria;D_2__Alphaproteobacteria;D_3__Sphingomonadales;D_4__Sphingomonadaceae	D_0__Bacteria;D_1__Proteobacteria;D_2__Alphaproteobacteria;__;__;__	10.0	60.432726041690024	136.7	0.9625330954504908	0.10205060000000002	0.1255348452627364	D_0__Bacteria	D_0__Bacteria;D_1__Proteobacteria	D_0__Bacteria;D_1__Proteobacteria;D_2__Alphaproteobacteria	D_0__Bacteria;D_1__Proteobacteria;D_2__Gammaproteobacteria;D_3__Betaproteobacteriales	D_0__Bacteria;D_1__Proteobacteria;D_2__Gammaproteobacteria;D_3__Betaproteobacteriales;D_4__Burkholderiaceae	D_0__Bacteria;D_1__Proteobacteria;D_2__Gammaproteobacteria;D_3__Betaproteobacteriales;D_4__Burkholderiaceae;D_5__Aquabacterium
48	Leptastrea	43.0	1924.0	109.0	1783.0	1.0	0.0	92.67151767151769	5.66528066528067	0.051975051975052006	0.0	1.0	103.30149976397308	285.0	0.5199649122807016	0.012518	0.2802981250858413	D_0__Bacteria	D_0__Archaea;D_1__Thaumarchaeota	D_0__Archaea;D_1__Thaumarchaeota;D_2__Nitrososphaeria	D_0__Archaea;D_1__Thaumarchaeota;D_2__Nitrososphaeria;D_3__Nitrosopumilales	D_0__Archaea;D_1__Thaumarchaeota;D_2__Nitrososphaeria;D_3__Nitrosopumilales;D_4__Nitrosopumilaceae	D_0__Archaea;D_1__Thaumarchaeota;D_2__Nitrososphaeria;D_3__Nitrosopumilales;D_4__Nitrosopumilaceae;D_5__uncultured archaeon	1.0	123.94528300495408	369.0	0.5786395663956639	0.050002000000000005	0.05419837407045723	D_0__Bacteria	D_0__Bacteria;D_1__Proteobacteria	D_0__Bacteria;D_1__Proteobacteria;D_2__Deltaproteobacteria	D_0__Bacteria;D_1__Proteobacteria;D_2__Deltaproteobacteria;D_3__Desulfobacterales	D_0__Bacteria;D_1__Proteobacteria;D_2__Deltaproteobacteria;D_3__Desulfobacterales;D_4__Desulfobacteraceae	D_0__Bacteria;D_1__Proteobacteria;D_2__Deltaproteobacteria;D_3__Desulfobacterales;D_4__Desulfobacteraceae;D_5__Desulfobacter	10.0												2.0	113.6233913844636	327.0	0.7588349834983499	0.03126000000000001	0.16724824957814924	D_0__Bacteria	D_0__Bacteria;D_1__Proteobacteria	D_0__Bacteria;D_1__Proteobacteria;D_2__Deltaproteobacteria	D_0__Archaea;D_1__Thaumarchaeota;D_2__Nitrososphaeria;D_3__Nitrosopumilales	D_0__Archaea;D_1__Thaumarchaeota;D_2__Nitrososphaeria;D_3__Nitrosopumilales;D_4__Nitrosopumilaceae	D_0__Bacteria;D_1__Proteobacteria;D_2__Deltaproteobacteria;D_3__Desulfobacterales;D_4__Desulfobacteraceae;D_5__Desulfobacter
52	Lobophyllia	47.0	2346.0	74.0	2141.0	1.0	63.0	91.26172208013641	3.154305200341009	0.0426257459505541	2.68542199488491	11.0	72.81173425074289	176.36363636363637	0.9610267379679146	0.1921429090909091	0.08094045970480042	D_0__Bacteria	D_0__Bacteria;D_1__Proteobacteria	D_0__Bacteria;D_1__Proteobacteria;D_2__Gammaproteobacteria	D_0__Bacteria;D_1__Proteobacteria;D_2__Gammaproteobacteria;D_3__Oceanospirillales	D_0__Bacteria;D_1__Proteobacteria;D_2__Gammaproteobacteria;D_3__Oceanospirillales;D_4__Endozoicomonadaceae	D_0__Bacteria;D_1__Proteobacteria;D_2__Gammaproteobacteria;D_3__Oceanospirillales;D_4__Endozoicomonadaceae;D_5__Endozoicomonas	12.0	56.94700952176269	144.0	0.9603873403019744	0.15285783333333333	0.1574096987540278	D_0__Bacteria	D_0__Bacteria;D_1__Bacteroidetes	D_0__Bacteria;D_1__Bacteroidetes;D_2__Bacteroidia	D_0__Bacteria;D_1__Bacteroidetes;D_2__Bacteroidia;D_3__Cytophagales	D_0__Bacteria;D_1__Bacteroidetes;D_2__Bacteroidia;D_3__Cytophagales;D_4__Amoebophilaceae	D_0__Bacteria;D_1__Bacteroidetes;D_2__Bacteroidia;D_3__Cytophagales;D_4__Amoebophilaceae;D_5__Candidatus Amoebophilus	10.0	42.09295777390569	86.1	0.9552521739130436	0.16674920000000001	0.16484559947741062	D_0__Bacteria	D_0__Bacteria;D_1__Proteobacteria	D_0__Bacteria;D_1__Proteobacteria;D_2__Gammaproteobacteria	D_0__Bacteria;D_1__Proteobacteria;D_2__Gammaproteobacteria;D_3__Betaproteobacteriales	D_0__Bacteria;D_1__Proteobacteria;D_2__Gammaproteobacteria;D_3__Oceanospirillales;D_4__Endozoicomonadaceae	D_0__Bacteria;D_1__Proteobacteria;D_2__Gammaproteobacteria;D_3__Oceanospirillales;D_4__Endozoicomonadaceae;D_5__Endozoicomonas	33.0	57.734023295708504	137.24242424242425	0.9842913223140496	0.1701623636363636	0.13417325565379531	D_0__Bacteria	D_0__Bacteria;D_1__Proteobacteria	D_0__Bacteria;D_1__Proteobacteria;D_2__Gammaproteobacteria	D_0__Bacteria;D_1__Bacteroidetes;D_2__Bacteroidia;D_3__Cytophagales	D_0__Bacteria;D_1__Proteobacteria;D_2__Gammaproteobacteria;D_3__Oceanospirillales;D_4__Endozoicomonadaceae	D_0__Bacteria;D_1__Proteobacteria;D_2__Gammaproteobacteria;D_3__Oceanospirillales;D_4__Endozoicomonadaceae;D_5__Endozoicomonas
53	Lobophytum	48.0	1.0	0.0	1.0	0.0	0.0	100.0	0.0	0.0	0.0	1.0												1.0												1.0	67.26024703421564	142.0	0.8054647887323944	0.17014000000000004	0.04139093406093077	D_0__Bacteria	D_0__Bacteria;D_1__Proteobacteria	D_0__Bacteria;D_1__Proteobacteria;D_2__Gammaproteobacteria	D_0__Bacteria;D_1__Proteobacteria;D_2__Gammaproteobacteria;D_3__Oceanospirillales	D_0__Bacteria;D_1__Proteobacteria;D_2__Gammaproteobacteria;D_3__Oceanospirillales;D_4__Endozoicomonadaceae	D_0__Bacteria;D_1__Proteobacteria;D_2__Gammaproteobacteria;D_3__Oceanospirillales;D_4__Endozoicomonadaceae;D_5__Endozoicomonas	1.0	67.26024703421564	142.0	0.8054647887323944	0.17014000000000004	0.04139093406093077	D_0__Bacteria	D_0__Bacteria;D_1__Proteobacteria	D_0__Bacteria;D_1__Proteobacteria;D_2__Gammaproteobacteria	D_0__Bacteria;D_1__Proteobacteria;D_2__Gammaproteobacteria;D_3__Oceanospirillales	D_0__Bacteria;D_1__Proteobacteria;D_2__Gammaproteobacteria;D_3__Oceanospirillales;D_4__Endozoicomonadaceae	D_0__Bacteria;D_1__Proteobacteria;D_2__Gammaproteobacteria;D_3__Oceanospirillales;D_4__Endozoicomonadaceae;D_5__Endozoicomonas
57	Merulina	52.0	915.0	12.0	781.0	0.0	3.0	85.3551912568306	1.31147540983607	0.0	0.327868852459016	2.0	45.7813125732439	80.0	0.8716643356643357	0.134794	0.11130001018574293	D_0__Bacteria	D_0__Bacteria;D_1__Proteobacteria	D_0__Bacteria;D_1__Proteobacteria;D_2__Alphaproteobacteria	D_0__Bacteria;D_1__Bacteroidetes;D_2__Bacteroidia;D_3__Flavobacteriales	D_0__Bacteria;D_1__Bacteroidetes;D_2__Bacteroidia;D_3__Flavobacteriales;D_4__Flavobacteriaceae	D_0__Bacteria;D_1__Bacteroidetes;D_2__Bacteroidia;D_3__Flavobacteriales;D_4__Flavobacteriaceae;D_5__Maritimimonas	1.0	32.640987144004384	47.0	0.7705106382978724	0.13817800000000002	0.15397961864175808	D_0__Bacteria	D_0__Bacteria;D_1__Proteobacteria	D_0__Bacteria;D_1__Proteobacteria;D_2__Alphaproteobacteria	D_0__Bacteria;D_1__Bacteroidetes;D_2__Bacteroidia;D_3__Flavobacteriales	D_0__Bacteria;D_1__Bacteroidetes;D_2__Bacteroidia;D_3__Flavobacteriales;D_4__Flavobacteriaceae	D_0__Bacteria;D_1__Bacteroidetes;D_2__Bacteroidia;D_3__Flavobacteriales;D_4__Flavobacteriaceae;__	2.0	26.498415873496022	51.0	0.8197380952380953	0.140604	0.2014818731886636	D_0__Bacteria	D_0__Bacteria;D_1__Proteobacteria	D_0__Bacteria;D_1__Proteobacteria;D_2__Gammaproteobacteria	D_0__Bacteria;D_1__Proteobacteria;D_2__Gammaproteobacteria;D_3__Pseudomonadales	D_0__Bacteria;D_1__Proteobacteria;D_2__Gammaproteobacteria;D_3__Pseudomonadales;D_4__Pseudomonadaceae	D_0__Bacteria;D_1__Proteobacteria;D_2__Gammaproteobacteria;D_3__Pseudomonadales;D_4__Pseudomonadaceae;D_5__Pseudomonas	5.0	35.440088807496856	61.8	0.9269727699530516	0.1377948	0.1559086770781142	D_0__Bacteria	D_0__Bacteria;D_1__Proteobacteria	D_0__Bacteria;D_1__Proteobacteria;D_2__Alphaproteobacteria	D_0__Bacteria;D_1__Bacteroidetes;D_2__Bacteroidia;D_3__Flavobacteriales	D_0__Bacteria;D_1__Bacteroidetes;D_2__Bacteroidia;D_3__Flavobacteriales;D_4__Flavobacteriaceae	D_0__Bacteria;D_1__Proteobacteria;D_2__Gammaproteobacteria;D_3__Pseudomonadales;D_4__Pseudomonadaceae;D_5__Pseudomonas
59	Millepora											4.0	24.329816582480863	40.25	0.9374021739130436	0.4155005	0.11346359705199648	D_0__Bacteria	D_0__Bacteria;D_1__Proteobacteria	D_0__Bacteria;D_1__Proteobacteria;D_2__Alphaproteobacteria	D_0__Bacteria;D_1__Proteobacteria;D_2__Gammaproteobacteria;__	D_0__Bacteria;D_1__Proteobacteria;D_2__Gammaproteobacteria;__;__	D_0__Bacteria;D_1__Proteobacteria;D_2__Gammaproteobacteria;__;__;__	3.0	30.89136192073512	63.66666666666666	0.8860462427745665	0.20713666666666666	0.16505196806592162	D_0__Bacteria	D_0__Bacteria;D_1__Proteobacteria	D_0__Bacteria;D_1__Proteobacteria;D_2__Alphaproteobacteria	D_0__Bacteria;D_1__Bacteroidetes;D_2__Bacteroidia;D_3__Cytophagales	D_0__Bacteria;D_1__Proteobacteria;D_2__Gammaproteobacteria;__;__	D_0__Bacteria;D_1__Proteobacteria;D_2__Gammaproteobacteria;__;__;__	3.0	30.03447164769241	65.33333333333333	0.8993255360623782	0.13894066666666668	0.21844355866988996	D_0__Bacteria	D_0__Bacteria;D_1__Proteobacteria	D_0__Bacteria;D_1__Proteobacteria;D_2__Gammaproteobacteria	D_0__Bacteria;D_1__Proteobacteria;D_2__Gammaproteobacteria;D_3__Betaproteobacteriales	D_0__Bacteria;D_1__Proteobacteria;D_2__Alphaproteobacteria;D_3__Sphingomonadales;D_4__Sphingomonadaceae	D_0__Bacteria;D_1__Proteobacteria;D_2__Alphaproteobacteria;D_3__Sphingomonadales;D_4__Sphingomonadaceae;D_5__Sphingobium	10.0	28.009676703520604	54.8	0.9631111675126902	0.2700234	0.16043409684154208	D_0__Bacteria	D_0__Bacteria;D_1__Proteobacteria	D_0__Bacteria;D_1__Proteobacteria;D_2__Alphaproteobacteria	D_0__Bacteria;D_1__Proteobacteria;D_2__Gammaproteobacteria;__	D_0__Bacteria;D_1__Proteobacteria;D_2__Gammaproteobacteria;__;__	D_0__Bacteria;D_1__Proteobacteria;D_2__Gammaproteobacteria;__;__;__
61	Montipora	55.0	96439.0	9324.0	85831.0	277.0	554.0	89.0003007082197	9.66828772592001	0.287228196061759	0.5744563921235191	4.0	59.636812738443105	122.5	0.9058708133971292	0.2343	0.10334307831996868	D_0__Bacteria	D_0__Bacteria;D_1__Proteobacteria	D_0__Bacteria;D_1__Proteobacteria;D_2__Gammaproteobacteria	D_0__Bacteria;D_1__Proteobacteria;D_2__Gammaproteobacteria;__	D_0__Bacteria;D_1__Proteobacteria;D_2__Gammaproteobacteria;__;__	D_0__Bacteria;D_1__Proteobacteria;D_2__Gammaproteobacteria;__;__;__	4.0	19.596247613766685	42.0	0.9127017543859648	0.27058750000000004	0.15573761579928	D_0__Bacteria	D_0__Bacteria;D_1__Proteobacteria	D_0__Bacteria;D_1__Proteobacteria;D_2__Gammaproteobacteria	D_0__Bacteria;D_1__Proteobacteria;D_2__Deltaproteobacteria;D_3__Myxococcales	D_0__Bacteria;D_1__Proteobacteria;D_2__Deltaproteobacteria;D_3__Myxococcales;D_4__P3OB-42	D_0__Bacteria;D_1__Proteobacteria;D_2__Deltaproteobacteria;D_3__Myxococcales;D_4__P3OB-42;D_5__uncultured bacterium	1.0	21.700293955778204	36.0	0.7521111111111112	0.15121800000000002	0.1836935932083336	D_0__Bacteria	D_0__Bacteria;D_1__Proteobacteria	D_0__Bacteria;D_1__Proteobacteria;D_2__Alphaproteobacteria	D_0__Bacteria;D_1__Proteobacteria;D_2__Alphaproteobacteria;D_3__Sphingomonadales	D_0__Bacteria;D_1__Proteobacteria;D_2__Alphaproteobacteria;D_3__Sphingomonadales;D_4__Sphingomonadaceae	D_0__Bacteria;D_1__Proteobacteria;D_2__Alphaproteobacteria;D_3__Sphingomonadales;D_4__Sphingomonadaceae;D_5__Sphingobium	9.0	37.625837262735274	77.1111111111111	0.9556167097329888	0.2411964444444445	0.1355573744094809	D_0__Bacteria	D_0__Bacteria;D_1__Proteobacteria	D_0__Bacteria;D_1__Proteobacteria;D_2__Gammaproteobacteria	D_0__Bacteria;D_1__Proteobacteria;D_2__Gammaproteobacteria;D_3__Betaproteobacteriales	D_0__Bacteria;D_1__Proteobacteria;D_2__Deltaproteobacteria;D_3__Myxococcales;D_4__P3OB-42	D_0__Bacteria;D_1__Proteobacteria;D_2__Deltaproteobacteria;D_3__Myxococcales;D_4__P3OB-42;D_5__uncultured bacterium
70	Pachyseris	64.0	1423.0	42.0	1227.0	17.0	8.0	86.2262825017569	2.95151089248067	1.19465917076599	0.5621925509486999	6.0	48.33787548909515	103.0	0.9264907773386034	0.09075233333333334	0.1864537288977936	D_0__Bacteria	D_0__Bacteria;D_1__Proteobacteria	D_0__Bacteria;D_1__Proteobacteria;D_2__Alphaproteobacteria	D_0__Bacteria;D_1__Proteobacteria;D_2__Gammaproteobacteria;D_3__Betaproteobacteriales	D_0__Bacteria;D_1__Proteobacteria;D_2__Gammaproteobacteria;D_3__Betaproteobacteriales;D_4__Burkholderiaceae	D_0__Bacteria;D_1__Proteobacteria;D_2__Gammaproteobacteria;D_3__Betaproteobacteriales;D_4__Burkholderiaceae;D_5__Aquabacterium	6.0	40.401224415855616	92.33333333333331	0.9313458149779736	0.09350266666666666	0.19014326575481674	D_0__Bacteria	D_0__Bacteria;D_1__Proteobacteria	D_0__Bacteria;D_1__Proteobacteria;D_2__Gammaproteobacteria	D_0__Bacteria;D_1__Proteobacteria;D_2__Gammaproteobacteria;D_3__Betaproteobacteriales	D_0__Bacteria;D_1__Proteobacteria;D_2__Gammaproteobacteria;D_3__Pseudomonadales;D_4__Pseudomonadaceae	D_0__Bacteria;D_1__Proteobacteria;D_2__Gammaproteobacteria;D_3__Pseudomonadales;D_4__Pseudomonadaceae;D_5__Pseudomonas	4.0	57.4766919621944	131.75	0.8971020881670534	0.06917000000000001	0.17317257076273584	D_0__Bacteria	D_0__Bacteria;D_1__Proteobacteria	D_0__Bacteria;D_1__Proteobacteria;D_2__Gammaproteobacteria	D_0__Bacteria;D_1__Proteobacteria;D_2__Gammaproteobacteria;D_3__Betaproteobacteriales	D_0__Bacteria;D_1__Cyanobacteria;D_2__Oxyphotobacteria;D_3__Synechococcales;D_4__Cyanobiaceae	D_0__Bacteria;D_1__Cyanobacteria;D_2__Oxyphotobacteria;D_3__Synechococcales;D_4__Cyanobiaceae;D_5__Synechococcus CC9902	16.0	47.646335454905135	106.1875	0.969824157764996	0.08638812500000001	0.18451701568541284	D_0__Bacteria	D_0__Bacteria;D_1__Proteobacteria	D_0__Bacteria;D_1__Proteobacteria;D_2__Gammaproteobacteria	D_0__Bacteria;D_1__Proteobacteria;D_2__Gammaproteobacteria;D_3__Betaproteobacteriales	D_0__Bacteria;D_1__Proteobacteria;D_2__Gammaproteobacteria;D_3__Betaproteobacteriales;D_4__Burkholderiaceae	D_0__Bacteria;D_1__Proteobacteria;D_2__Gammaproteobacteria;D_3__Betaproteobacteriales;D_4__Burkholderiaceae;D_5__Aquabacterium
72	Palythoa	66.0	4081.0	15.0	4066.0	0.0	0.0	99.63244302866941	0.367556971330556	0.0	0.0	4.0	104.31297986732086	276.0	0.8777754367934224	0.25714349999999997	0.054033250543422735	D_0__Bacteria	D_0__Bacteria;D_1__Proteobacteria	D_0__Bacteria;D_1__Proteobacteria;D_2__Gammaproteobacteria	D_0__Bacteria;D_1__Proteobacteria;D_2__Gammaproteobacteria;D_3__Oceanospirillales	D_0__Bacteria;D_1__Proteobacteria;D_2__Gammaproteobacteria;D_3__Oceanospirillales;D_4__Endozoicomonadaceae	D_0__Bacteria;D_1__Proteobacteria;D_2__Gammaproteobacteria;D_3__Oceanospirillales;D_4__Endozoicomonadaceae;D_5__Endozoicomonas	4.0	80.13019157127452	224.75	0.8727509554140127	0.178267	0.16098448042719962	D_0__Bacteria	D_0__Bacteria;D_1__Proteobacteria	D_0__Bacteria;D_1__Proteobacteria;D_2__Gammaproteobacteria	D_0__Bacteria;D_1__Proteobacteria;D_2__Gammaproteobacteria;D_3__Oceanospirillales	D_0__Bacteria;D_1__Proteobacteria;D_2__Gammaproteobacteria;D_3__Oceanospirillales;D_4__Endozoicomonadaceae	D_0__Bacteria;D_1__Proteobacteria;D_2__Gammaproteobacteria;D_3__Oceanospirillales;D_4__Endozoicomonadaceae;D_5__Endozoicomonas	4.0	43.90169825546233	100.75	0.918359375	0.1551305	0.13853658626379586	D_0__Bacteria	D_0__Bacteria;D_1__Proteobacteria	D_0__Bacteria;D_1__Proteobacteria;D_2__Alphaproteobacteria	D_0__Bacteria;D_1__Tenericutes;D_2__Mollicutes;D_3__Entomoplasmatales	D_0__Bacteria;D_1__Tenericutes;D_2__Mollicutes;D_3__Entomoplasmatales;D_4__Spiroplasmataceae	D_0__Bacteria;D_1__Tenericutes;D_2__Mollicutes;D_3__Entomoplasmatales;D_4__Spiroplasmataceae;D_5__Spiroplasma	12.0	76.11495656468591	200.5	0.9547104829857296	0.196847	0.11785143907813946	D_0__Bacteria	D_0__Bacteria;D_1__Proteobacteria	D_0__Bacteria;D_1__Proteobacteria;D_2__Gammaproteobacteria	D_0__Bacteria;D_1__Proteobacteria;D_2__Gammaproteobacteria;D_3__Oceanospirillales	D_0__Bacteria;D_1__Proteobacteria;D_2__Gammaproteobacteria;D_3__Oceanospirillales;D_4__Endozoicomonadaceae	D_0__Bacteria;D_1__Proteobacteria;D_2__Gammaproteobacteria;D_3__Oceanospirillales;D_4__Endozoicomonadaceae;D_5__Endozoicomonas
75	Pavona	69.0	9246.0	404.0	8679.0	1.0	4.0	93.8676184295912	4.36945706251352	0.0108154877784988	0.0432619511139952	7.0	120.91320618313836	340.7142857142857	0.9197846770155234	0.06629857142857144	0.10013693206077634	D_0__Bacteria	D_0__Bacteria;D_1__Proteobacteria	D_0__Bacteria;D_1__Proteobacteria;D_2__Alphaproteobacteria	D_0__Bacteria;D_1__Cyanobacteria;D_2__Oxyphotobacteria;D_3__Nostocales	D_0__Bacteria;D_1__Tenericutes;D_2__Mollicutes;D_3__Entomoplasmatales;D_4__Spiroplasmataceae	D_0__Bacteria;D_1__Tenericutes;D_2__Mollicutes;D_3__Entomoplasmatales;D_4__Spiroplasmataceae;D_5__Spiroplasma	11.0	86.9816428901275	229.3636363636364	0.950455647990378	0.03862072727272728	0.17309177687604013	D_0__Bacteria	D_0__Bacteria;D_1__Proteobacteria	D_0__Bacteria;D_1__Proteobacteria;D_2__Alphaproteobacteria	D_0__Bacteria;D_1__Bacteroidetes;D_2__Bacteroidia;D_3__Cytophagales	D_0__Bacteria;D_1__Bacteroidetes;D_2__Bacteroidia;D_3__Cytophagales;D_4__Amoebophilaceae	D_0__Bacteria;D_1__Bacteroidetes;D_2__Bacteroidia;D_3__Cytophagales;D_4__Amoebophilaceae;D_5__Candidatus Amoebophilus	9.0	61.793510410942964	148.88888888888889	0.9430254161043634	0.08201755555555554	0.17903919812750616	D_0__Bacteria	D_0__Bacteria;D_1__Proteobacteria	D_0__Bacteria;D_1__Proteobacteria;D_2__Gammaproteobacteria	D_0__Bacteria;D_1__Proteobacteria;D_2__Gammaproteobacteria;D_3__Betaproteobacteriales	D_0__Bacteria;D_1__Proteobacteria;D_2__Gammaproteobacteria;D_3__Betaproteobacteriales;D_4__Burkholderiaceae	D_0__Bacteria;D_1__Proteobacteria;D_2__Gammaproteobacteria;D_3__Pseudomonadales;D_4__Pseudomonadaceae;D_5__Pseudomonas	27.0	87.38267069525398	231.40740740740745	0.9760006237044374	0.06026207407407407	0.15616003160034927	D_0__Bacteria	D_0__Bacteria;D_1__Proteobacteria	D_0__Bacteria;D_1__Proteobacteria;D_2__Alphaproteobacteria	D_0__Bacteria;D_1__Bacteroidetes;D_2__Bacteroidia;D_3__Cytophagales	D_0__Bacteria;D_1__Proteobacteria;D_2__Alphaproteobacteria;D_3__Rhodobacterales;D_4__Rhodobacteraceae	D_0__Bacteria;D_1__Bacteroidetes;D_2__Bacteroidia;D_3__Cytophagales;D_4__Amoebophilaceae;D_5__Candidatus Amoebophilus
78	Physogyra	72.0	21.0	0.0	21.0	0.0	0.0	100.0	0.0	0.0	0.0	5.0	27.30306590863941	52.2	0.9309218274111676	0.1326556	0.18110481292638608	D_0__Bacteria	D_0__Bacteria;D_1__Proteobacteria	D_0__Bacteria;D_1__Proteobacteria;D_2__Gammaproteobacteria	D_0__Bacteria;D_1__Proteobacteria;D_2__Alphaproteobacteria;D_3__Sphingomonadales	D_0__Bacteria;D_1__Proteobacteria;D_2__Alphaproteobacteria;D_3__Sphingomonadales;D_4__Sphingomonadaceae	D_0__Bacteria;D_1__Proteobacteria;D_2__Alphaproteobacteria;D_3__Sphingomonadales;D_4__Sphingomonadaceae;D_5__Sphingobium	5.0	94.81239703968872	254.4	0.8923492666091459	0.05796000000000001	0.202980546720177	D_0__Bacteria	D_0__Bacteria;D_1__Proteobacteria	D_0__Bacteria;D_1__Proteobacteria;D_2__Alphaproteobacteria	D_0__Bacteria;D_1__Proteobacteria;D_2__Alphaproteobacteria;D_3__Rhizobiales	D_0__Bacteria;D_1__Proteobacteria;D_2__Alphaproteobacteria;D_3__Dstr-E11;D_4__uncultured alpha proteobacterium	D_0__Bacteria;D_1__Proteobacteria;D_2__Alphaproteobacteria;D_3__Dstr-E11;D_4__uncultured alpha proteobacterium;D_5__uncultured alpha proteobacterium	5.0	24.236121461455184	51.0	0.9139090909090909	0.10543599999999999	0.20766824955132107	D_0__Bacteria	D_0__Bacteria;D_1__Proteobacteria	D_0__Bacteria;D_1__Proteobacteria;D_2__Gammaproteobacteria	D_0__Bacteria;D_1__Proteobacteria;D_2__Gammaproteobacteria;D_3__Betaproteobacteriales	D_0__Bacteria;D_1__Proteobacteria;D_2__Alphaproteobacteria;D_3__Sphingomonadales;D_4__Sphingomonadaceae	D_0__Bacteria;D_1__Proteobacteria;D_2__Alphaproteobacteria;D_3__Sphingomonadales;D_4__Sphingomonadaceae;D_5__Sphingobium	15.0	48.78386146992776	119.2	0.9644117756142792	0.09868386666666663	0.19725120306596144	D_0__Bacteria	D_0__Bacteria;D_1__Proteobacteria	D_0__Bacteria;D_1__Proteobacteria;D_2__Alphaproteobacteria	D_0__Bacteria;D_1__Proteobacteria;D_2__Gammaproteobacteria;D_3__Betaproteobacteriales	D_0__Bacteria;D_1__Proteobacteria;D_2__Alphaproteobacteria;D_3__Sphingomonadales;D_4__Sphingomonadaceae	D_0__Bacteria;D_1__Proteobacteria;D_2__Alphaproteobacteria;D_3__Sphingomonadales;D_4__Sphingomonadaceae;D_5__Sphingobium
79	Platygyra	73.0	1545.0	19.0	1446.0	0.0	15.0	93.5922330097087	1.2297734627831698	0.0	0.9708737864077672	3.0	32.96953710232976	57.66666666666666	0.9372230215827336	0.4478713333333333	0.04409457324279198	D_0__Bacteria	D_0__Bacteria;D_1__Proteobacteria	D_0__Bacteria;D_1__Proteobacteria;D_2__Gammaproteobacteria	D_0__Bacteria;D_1__Proteobacteria;D_2__Alphaproteobacteria;D_3__Rhizobiales	D_0__Bacteria;D_1__Proteobacteria;D_2__Alphaproteobacteria;D_3__Rhizobiales;D_4__Rhizobiaceae	D_0__Bacteria;D_1__Proteobacteria;D_2__Alphaproteobacteria;D_3__Rhizobiales;D_4__Rhizobiaceae;__	3.0	21.159521129960407	33.666666666666664	0.864811965811966	0.11820333333333335	0.26741278170688976	D_0__Bacteria	D_0__Bacteria;D_1__Bacteroidetes	D_0__Bacteria;D_1__Bacteroidetes;D_2__Bacteroidia	D_0__Bacteria;D_1__Bacteroidetes;D_2__Bacteroidia;D_3__Cytophagales	D_0__Bacteria;D_1__Bacteroidetes;D_2__Bacteroidia;D_3__Cytophagales;D_4__Amoebophilaceae	D_0__Bacteria;D_1__Bacteroidetes;D_2__Bacteroidia;D_3__Cytophagales;D_4__Amoebophilaceae;D_5__Candidatus Amoebophilus	2.0	38.947453699976336	88.0	0.8510487804878049	0.085194	0.17694448907356794	D_0__Bacteria	D_0__Bacteria;D_1__Proteobacteria	D_0__Bacteria;D_1__Proteobacteria;D_2__Alphaproteobacteria	D_0__Bacteria;D_1__Proteobacteria;D_2__Alphaproteobacteria;D_3__Sphingomonadales	D_0__Bacteria;D_1__Proteobacteria;D_2__Alphaproteobacteria;D_3__Sphingomonadales;D_4__Sphingomonadaceae	D_0__Bacteria;D_1__Proteobacteria;D_2__Alphaproteobacteria;D_3__Sphingomonadales;D_4__Sphingomonadaceae;D_5__Sphingobium	8.0	30.0352602621029	56.25	0.955702657807309	0.2335765	0.16105138037452266	D_0__Bacteria	D_0__Bacteria;D_1__Proteobacteria	D_0__Bacteria;D_1__Proteobacteria;D_2__Gammaproteobacteria	D_0__Bacteria;D_1__Bacteroidetes;D_2__Bacteroidia;D_3__Cytophagales	D_0__Bacteria;D_1__Proteobacteria;D_2__Alphaproteobacteria;D_3__Rhizobiales;D_4__Rhizobiaceae	D_0__Bacteria;D_1__Proteobacteria;D_2__Alphaproteobacteria;D_3__Rhizobiales;D_4__Rhizobiaceae;__
81	Pocillopora	75.0	34114.0	1989.0	31695.0	7.0	11.0	92.9090695901976	5.83045084129683	0.0205194348361377	0.0322448261710735	8.0	29.97549523696808	50.375	0.9690210280373832	0.376604	0.18225877685418265	D_0__Bacteria	D_0__Bacteria;D_1__Proteobacteria	D_0__Bacteria;D_1__Proteobacteria;D_2__Gammaproteobacteria	D_0__Bacteria;D_1__Proteobacteria;D_2__Gammaproteobacteria;D_3__Oceanospirillales	D_0__Bacteria;D_1__Proteobacteria;D_2__Gammaproteobacteria;D_3__Oceanospirillales;D_4__Endozoicomonadaceae	D_0__Bacteria;D_1__Proteobacteria;D_2__Gammaproteobacteria;D_3__Oceanospirillales;D_4__Endozoicomonadaceae;D_5__Endozoicomonas	7.0	46.654184944955155	102.28571428571428	0.9474558058925476	0.19885771428571436	0.146612985426094	D_0__Bacteria	D_0__Bacteria;D_1__Proteobacteria	D_0__Bacteria;D_1__Proteobacteria;D_2__Gammaproteobacteria	D_0__Bacteria;D_1__Proteobacteria;D_2__Gammaproteobacteria;D_3__Oceanospirillales	D_0__Bacteria;D_1__Proteobacteria;D_2__Gammaproteobacteria;D_3__Oceanospirillales;D_4__Endozoicomonadaceae	D_0__Bacteria;D_1__Proteobacteria;D_2__Gammaproteobacteria;D_3__Oceanospirillales;D_4__Endozoicomonadaceae;D_5__Endozoicomonas	6.0	19.35408485989254	40.333333333333336	0.9199760348583876	0.123956	0.22140888950865806	D_0__Bacteria	D_0__Bacteria;D_1__Proteobacteria	D_0__Bacteria;D_1__Proteobacteria;D_2__Gammaproteobacteria	D_0__Bacteria;D_1__Proteobacteria;D_2__Gammaproteobacteria;D_3__Pseudomonadales	D_0__Bacteria;D_1__Proteobacteria;D_2__Gammaproteobacteria;D_3__Pseudomonadales;D_4__Pseudomonadaceae	D_0__Bacteria;D_1__Proteobacteria;D_2__Gammaproteobacteria;D_3__Pseudomonadales;D_4__Pseudomonadaceae;D_5__Pseudomonas	21.0	32.50036979379934	64.80952380952381	0.9804798247020468	0.2451700952380952	0.1815625928508604	D_0__Bacteria	D_0__Bacteria;D_1__Proteobacteria	D_0__Bacteria;D_1__Proteobacteria;D_2__Gammaproteobacteria	D_0__Bacteria;D_1__Proteobacteria;D_2__Gammaproteobacteria;D_3__Oceanospirillales	D_0__Bacteria;D_1__Proteobacteria;D_2__Gammaproteobacteria;D_3__Oceanospirillales;D_4__Endozoicomonadaceae	D_0__Bacteria;D_1__Proteobacteria;D_2__Gammaproteobacteria;D_3__Oceanospirillales;D_4__Endozoicomonadaceae;D_5__Endozoicomonas
84	Porites	78.0	213572.0	35275.0	174893.0	61.0	252.0	81.8894798943682	16.516678216245598	0.0285617964901766	0.117992995336467	13.0	36.520490061047155	72.07692307692308	0.9756171956915451	0.5631013846153846	0.091182775383858	D_0__Bacteria	D_0__Bacteria;D_1__Proteobacteria	D_0__Bacteria;D_1__Proteobacteria;D_2__Gammaproteobacteria	D_0__Bacteria;D_1__Proteobacteria;D_2__Gammaproteobacteria;D_3__Oceanospirillales	D_0__Bacteria;D_1__Proteobacteria;D_2__Gammaproteobacteria;D_3__Oceanospirillales;D_4__Endozoicomonadaceae	D_0__Bacteria;D_1__Proteobacteria;D_2__Gammaproteobacteria;D_3__Oceanospirillales;D_4__Endozoicomonadaceae;D_5__Endozoicomonas	12.0	56.881928150657494	123.0	0.9629213197969544	0.1410065	0.16473331739626598	D_0__Bacteria	D_0__Bacteria;D_1__Proteobacteria	D_0__Bacteria;D_1__Proteobacteria;D_2__Alphaproteobacteria	D_0__Bacteria;D_1__Actinobacteria;D_2__Actinobacteria;D_3__Micrococcales	D_0__Bacteria;D_1__Actinobacteria;D_2__Actinobacteria;D_3__Micrococcales;D_4__Promicromonosporaceae	D_0__Bacteria;D_1__Actinobacteria;D_2__Actinobacteria;D_3__Micrococcales;D_4__Promicromonosporaceae;D_5__Cellulosimicrobium	10.0	28.894315004331673	60.6	0.9580924024640656	0.3864447999999999	0.1872615929080636	D_0__Bacteria	D_0__Bacteria;D_1__Proteobacteria	D_0__Bacteria;D_1__Proteobacteria;D_2__Gammaproteobacteria	D_0__Bacteria;D_1__Proteobacteria;D_2__Gammaproteobacteria;D_3__Oceanospirillales	D_0__Bacteria;D_1__Proteobacteria;D_2__Gammaproteobacteria;D_3__Oceanospirillales;D_4__Endozoicomonadaceae	D_0__Bacteria;D_1__Proteobacteria;D_2__Gammaproteobacteria;D_3__Oceanospirillales;D_4__Endozoicomonadaceae;D_5__Endozoicomonas	35.0	41.322647389852	86.25714285714285	0.986966166457328	0.3679098285714286	0.14385119479502806	D_0__Bacteria	D_0__Bacteria;D_1__Proteobacteria	D_0__Bacteria;D_1__Proteobacteria;D_2__Gammaproteobacteria	D_0__Bacteria;D_1__Proteobacteria;D_2__Gammaproteobacteria;D_3__Oceanospirillales	D_0__Bacteria;D_1__Proteobacteria;D_2__Gammaproteobacteria;D_3__Oceanospirillales;D_4__Endozoicomonadaceae	D_0__Bacteria;D_1__Proteobacteria;D_2__Gammaproteobacteria;D_3__Oceanospirillales;D_4__Endozoicomonadaceae;D_5__Endozoicomonas
86	Psammocora	80.0	1373.0	170.0	1176.0	1.0	1.0	85.6518572469046	12.3816460305899	0.0728332119446468	0.0728332119446468	1.0	14.268701193324704	21.0	0.8843809523809524	0.95456	0.04988586114968952	D_0__Bacteria	D_0__Bacteria;D_1__Proteobacteria	D_0__Bacteria;D_1__Proteobacteria;D_2__Gammaproteobacteria	D_0__Bacteria;D_1__Proteobacteria;D_2__Gammaproteobacteria;D_3__Oceanospirillales	D_0__Bacteria;D_1__Proteobacteria;D_2__Gammaproteobacteria;D_3__Oceanospirillales;D_4__Endozoicomonadaceae	D_0__Bacteria;D_1__Proteobacteria;D_2__Gammaproteobacteria;D_3__Oceanospirillales;D_4__Endozoicomonadaceae;D_5__Endozoicomonas	2.0	76.67782383228526	209.5	0.7847625899280576	0.21193600000000004	0.10679105376835547	D_0__Bacteria	D_0__Bacteria;D_1__Proteobacteria	D_0__Bacteria;D_1__Chlamydiae;D_2__Chlamydiae	D_0__Bacteria;D_1__Chlamydiae;D_2__Chlamydiae;D_3__Chlamydiales	D_0__Bacteria;D_1__Chlamydiae;D_2__Chlamydiae;D_3__Chlamydiales;D_4__cvE6	D_0__Bacteria;D_1__Chlamydiae;D_2__Chlamydiae;D_3__Chlamydiales;D_4__cvE6;__	2.0	50.06457753265728	101.5	0.8865897435897436	0.29604400000000003	0.1419611433404663	D_0__Bacteria	D_0__Bacteria;D_1__Proteobacteria	D_0__Bacteria;D_1__Proteobacteria;D_2__Gammaproteobacteria	D_0__Bacteria;D_1__Proteobacteria;D_2__Gammaproteobacteria;D_3__Oceanospirillales	D_0__Bacteria;D_1__Proteobacteria;D_2__Gammaproteobacteria;D_3__Oceanospirillales;D_4__Endozoicomonadaceae	D_0__Bacteria;D_1__Proteobacteria;D_2__Gammaproteobacteria;D_3__Oceanospirillales;D_4__Endozoicomonadaceae;D_5__Endozoicomonas	6.0	46.02498874920764	108.83333333333331	0.9382686084142394	0.420412	0.12142757167003357	D_0__Bacteria	D_0__Bacteria;D_1__Proteobacteria	D_0__Bacteria;D_1__Proteobacteria;D_2__Gammaproteobacteria	D_0__Bacteria;D_1__Proteobacteria;D_2__Gammaproteobacteria;D_3__Oceanospirillales	D_0__Bacteria;D_1__Proteobacteria;D_2__Gammaproteobacteria;D_3__Oceanospirillales;D_4__Endozoicomonadaceae	D_0__Bacteria;D_1__Proteobacteria;D_2__Gammaproteobacteria;D_3__Oceanospirillales;D_4__Endozoicomonadaceae;D_5__Endozoicomonas
91	Seriatopora	85.0	1640.0	84.0	1314.0	6.0	10.0	80.12195121951221	5.121951219512201	0.365853658536585	0.609756097560976	4.0	33.539767069179895	48.75	0.9294206896551724	0.17703	0.12568194699133411	D_0__Bacteria	D_0__Bacteria;D_1__Proteobacteria	D_0__Bacteria;D_1__Proteobacteria;D_2__Gammaproteobacteria	Unassigned;__;__;__	Unassigned;__;__;__;__	Unassigned;__;__;__;__;__	6.0	52.85304440770239	116.16666666666669	0.9269131415679638	0.18209733333333333	0.1504159104654005	D_0__Bacteria	D_0__Bacteria;D_1__Proteobacteria	D_0__Bacteria;D_1__Proteobacteria;D_2__Alphaproteobacteria	D_0__Bacteria;D_1__Proteobacteria;D_2__Alphaproteobacteria;D_3__Rhodobacterales	D_0__Bacteria;D_1__Proteobacteria;D_2__Alphaproteobacteria;D_3__Rhodobacterales;D_4__Rhodobacteraceae	D_0__Bacteria;D_1__Proteobacteria;D_2__Alphaproteobacteria;D_3__Rhodobacterales;D_4__Rhodobacteraceae;__	2.0	28.353001213448547	52.0	0.8152888888888891	0.130976	0.20801307640675115	D_0__Bacteria	D_0__Bacteria;D_1__Proteobacteria	D_0__Bacteria;D_1__Proteobacteria;D_2__Gammaproteobacteria	D_0__Bacteria;D_1__Proteobacteria;D_2__Gammaproteobacteria;D_3__Pseudomonadales	D_0__Bacteria;D_1__Proteobacteria;D_2__Gammaproteobacteria;D_3__Pseudomonadales;D_4__Pseudomonadaceae	D_0__Bacteria;D_1__Proteobacteria;D_2__Gammaproteobacteria;D_3__Pseudomonadales;D_4__Pseudomonadaceae;D_5__Pseudomonas	12.0	42.331944762485925	83.0	0.9627125279642058	0.171888	0.15177078363093682	D_0__Bacteria	D_0__Bacteria;D_1__Proteobacteria	D_0__Bacteria;D_1__Proteobacteria;D_2__Alphaproteobacteria	D_0__Bacteria;D_1__Proteobacteria;D_2__Gammaproteobacteria;D_3__Betaproteobacteriales	D_0__Bacteria;D_1__Proteobacteria;D_2__Gammaproteobacteria;D_3__Betaproteobacteriales;D_4__Burkholderiaceae	D_0__Bacteria;D_1__Proteobacteria;D_2__Gammaproteobacteria;D_3__Pseudomonadales;D_4__Pseudomonadaceae;D_5__Pseudomonas
98	Stylophora	92.0	895.0	33.0	710.0	4.0	3.0	79.3296089385475	3.6871508379888303	0.446927374301676	0.335195530726257	5.0	18.45391614469232	29.2	0.9610423076923076	0.7165104	0.05648791947645316	D_0__Bacteria	D_0__Bacteria;D_1__Proteobacteria	D_0__Bacteria;D_1__Proteobacteria;D_2__Gammaproteobacteria	D_0__Bacteria;D_1__Proteobacteria;D_2__Gammaproteobacteria;D_3__Oceanospirillales	D_0__Bacteria;D_1__Proteobacteria;D_2__Gammaproteobacteria;D_3__Oceanospirillales;D_4__Endozoicomonadaceae	D_0__Bacteria;D_1__Proteobacteria;D_2__Gammaproteobacteria;D_3__Oceanospirillales;D_4__Endozoicomonadaceae;D_5__Endozoicomonas	9.0	35.02710783044939	66.77777777777777	0.9563101632438126	0.22430644444444445	0.12036014291547018	D_0__Bacteria	D_0__Bacteria;D_1__Proteobacteria	D_0__Bacteria;D_1__Bacteroidetes;D_2__Bacteroidia	D_0__Bacteria;D_1__Bacteroidetes;D_2__Bacteroidia;D_3__Cytophagales	D_0__Bacteria;D_1__Bacteroidetes;D_2__Bacteroidia;D_3__Cytophagales;D_4__Amoebophilaceae	D_0__Bacteria;D_1__Bacteroidetes;D_2__Bacteroidia;D_3__Cytophagales;D_4__Amoebophilaceae;D_5__Candidatus Amoebophilus	5.0	44.36436725124639	94.8	0.9261141361256544	0.20811439999999998	0.16053728487236468	D_0__Bacteria	D_0__Bacteria;D_1__Proteobacteria	D_0__Bacteria;D_1__Proteobacteria;D_2__Gammaproteobacteria	D_0__Bacteria;D_1__Proteobacteria;D_2__Gammaproteobacteria;D_3__Oceanospirillales	D_0__Bacteria;D_1__Proteobacteria;D_2__Gammaproteobacteria;D_3__Oceanospirillales;D_4__Endozoicomonadaceae	D_0__Bacteria;D_1__Proteobacteria;D_2__Gammaproteobacteria;D_3__Oceanospirillales;D_4__Endozoicomonadaceae;D_5__Endozoicomonas	19.0	33.12291512914411	64.26315789473685	0.9784930678756816	0.3495727368421053	0.1141245951570169	D_0__Bacteria	D_0__Bacteria;D_1__Proteobacteria	D_0__Bacteria;D_1__Proteobacteria;D_2__Gammaproteobacteria	D_0__Bacteria;D_1__Proteobacteria;D_2__Gammaproteobacteria;D_3__Oceanospirillales	D_0__Bacteria;D_1__Proteobacteria;D_2__Gammaproteobacteria;D_3__Oceanospirillales;D_4__Endozoicomonadaceae	D_0__Bacteria;D_1__Proteobacteria;D_2__Gammaproteobacteria;D_3__Oceanospirillales;D_4__Endozoicomonadaceae;D_5__Endozoicomonas
102	Turbinaria	96.0	641.0	12.0	527.0	0.0	2.0	82.21528861154451	1.87207488299532	0.0	0.31201248049922	7.0	91.85396991534435	226.28571428571428	0.9283120215633422	0.04592971428571428	0.15487042468899306	D_0__Bacteria	D_0__Bacteria;D_1__Proteobacteria	D_0__Bacteria;D_1__Proteobacteria;D_2__Gammaproteobacteria	D_0__Bacteria;D_1__Proteobacteria;D_2__Gammaproteobacteria;D_3__Oceanospirillales	D_0__Bacteria;D_1__Proteobacteria;D_2__Gammaproteobacteria;D_3__Oceanospirillales;D_4__Endozoicomonadaceae	D_0__Bacteria;D_1__Proteobacteria;D_2__Gammaproteobacteria;D_3__Oceanospirillales;D_4__Endozoicomonadaceae;D_5__Endozoicomonas	6.0	85.68022892838339	232.16666666666663	0.9133258606885508	0.040229000000000015	0.19760625425888104	D_0__Bacteria	D_0__Bacteria;D_1__Proteobacteria	D_0__Bacteria;D_1__Proteobacteria;D_2__Alphaproteobacteria	D_0__Archaea;D_1__Thaumarchaeota;D_2__Nitrososphaeria;D_3__Nitrosopumilales	D_0__Archaea;D_1__Thaumarchaeota;D_2__Nitrososphaeria;D_3__Nitrosopumilales;D_4__Nitrosopumilaceae	Unassigned;__;__;__;__;__	5.0	98.15779092403301	253.4	0.9007959558823532	0.049658	0.17879280958146032	D_0__Bacteria	D_0__Bacteria;D_1__Proteobacteria	D_0__Bacteria;D_1__Proteobacteria;D_2__Gammaproteobacteria	D_0__Bacteria;D_1__Bacteroidetes;D_2__Bacteroidia;D_3__Flavobacteriales	D_0__Bacteria;D_1__Bacteroidetes;D_2__Bacteroidia;D_3__Flavobacteriales;D_4__Flavobacteriaceae	D_0__Bacteria;D_1__Bacteroidetes;D_2__Bacteroidia;D_3__Flavobacteriales;D_4__Flavobacteriaceae;__	18.0	91.54711764432642	235.77777777777774	0.9666862153226966	0.04506511111111112	0.17576080812686326	D_0__Bacteria	D_0__Bacteria;D_1__Proteobacteria	D_0__Bacteria;D_1__Proteobacteria;D_2__Alphaproteobacteria	D_0__Bacteria;D_1__Bacteroidetes;D_2__Bacteroidia;D_3__Flavobacteriales	Unassigned;__;__;__;__	Unassigned;__;__;__;__;__
